# corpo.obj - stylized bronze '小铜人' generated from reference views
# Coordinate system: Y up, +Z front
s 1
v 0.000000 3.450000 0.000000
v 0.000000 3.450000 0.000000
v 0.000000 3.450000 0.000000
v 0.000000 3.450000 0.000000
v 0.000000 3.450000 0.000000
v 0.000000 3.450000 0.000000
v 0.000000 3.450000 0.000000
v 0.000000 3.450000 0.000000
v 0.000000 3.450000 0.000000
v 0.000000 3.450000 0.000000
v 0.000000 3.450000 0.000000
v 0.000000 3.450000 0.000000
v 0.000000 3.450000 0.000000
v 0.000000 3.450000 0.000000
v 0.000000 3.450000 0.000000
v 0.000000 3.450000 0.000000
v 0.000000 3.450000 0.000000
v 0.000000 3.450000 0.000000
v 0.000000 3.450000 0.000000
v 0.000000 3.450000 0.000000
v 0.000000 3.450000 0.000000
v 0.000000 3.450000 0.000000
v 0.000000 3.450000 0.000000
v 0.000000 3.450000 0.000000
v 0.000000 3.450000 0.000000
v 0.000000 3.450000 0.000000
v 0.000000 3.450000 0.000000
v 0.000000 3.450000 0.000000
v 0.000000 3.450000 0.000000
v 0.000000 3.450000 0.000000
v 0.000000 3.450000 0.000000
v 0.000000 3.450000 0.000000
v 0.000000 3.450000 0.000000
v 0.000000 3.450000 0.000000
v 0.000000 3.450000 0.000000
v 0.000000 3.450000 0.000000
v 0.000000 3.450000 0.000000
v 0.000000 3.450000 0.000000
v 0.000000 3.450000 0.000000
v 0.000000 3.450000 0.000000
v 0.103116 3.442899 0.000000
v 0.101846 3.442899 0.014702
v 0.098069 3.442899 0.029041
v 0.091877 3.442899 0.042666
v 0.083422 3.442899 0.055239
v 0.072914 3.442899 0.066453
v 0.060610 3.442899 0.076030
v 0.046814 3.442899 0.083736
v 0.031865 3.442899 0.089379
v 0.016131 3.442899 0.092822
v 0.000000 3.442899 0.093979
v -0.016131 3.442899 0.092822
v -0.031865 3.442899 0.089379
v -0.046814 3.442899 0.083736
v -0.060610 3.442899 0.076030
v -0.072914 3.442899 0.066453
v -0.083422 3.442899 0.055239
v -0.091877 3.442899 0.042666
v -0.098069 3.442899 0.029041
v -0.101846 3.442899 0.014702
v -0.103116 3.442899 0.000000
v -0.101846 3.442899 -0.014702
v -0.098069 3.442899 -0.029041
v -0.091877 3.442899 -0.042666
v -0.083422 3.442899 -0.055239
v -0.072914 3.442899 -0.066453
v -0.060610 3.442899 -0.076030
v -0.046814 3.442899 -0.083736
v -0.031865 3.442899 -0.089379
v -0.016131 3.442899 -0.092822
v -0.000000 3.442899 -0.093979
v 0.016131 3.442899 -0.092822
v 0.031865 3.442899 -0.089379
v 0.046814 3.442899 -0.083736
v 0.060610 3.442899 -0.076030
v 0.072914 3.442899 -0.066453
v 0.083422 3.442899 -0.055239
v 0.091877 3.442899 -0.042666
v 0.098069 3.442899 -0.029041
v 0.101846 3.442899 -0.014702
v 0.204467 3.421718 0.000000
v 0.201950 3.421718 0.029152
v 0.194460 3.421718 0.057585
v 0.182181 3.421718 0.084601
v 0.165417 3.421718 0.109534
v 0.144580 3.421718 0.131769
v 0.120183 3.421718 0.150760
v 0.092826 3.421718 0.166039
v 0.063184 3.421718 0.177229
v 0.031986 3.421718 0.184055
v 0.000000 3.421718 0.186350
v -0.031986 3.421718 0.184055
v -0.063184 3.421718 0.177229
v -0.092826 3.421718 0.166039
v -0.120183 3.421718 0.150760
v -0.144580 3.421718 0.131769
v -0.165417 3.421718 0.109534
v -0.182181 3.421718 0.084601
v -0.194460 3.421718 0.057585
v -0.201950 3.421718 0.029152
v -0.204467 3.421718 0.000000
v -0.201950 3.421718 -0.029152
v -0.194460 3.421718 -0.057585
v -0.182181 3.421718 -0.084601
v -0.165417 3.421718 -0.109534
v -0.144580 3.421718 -0.131769
v -0.120183 3.421718 -0.150760
v -0.092826 3.421718 -0.166039
v -0.063184 3.421718 -0.177229
v -0.031986 3.421718 -0.184055
v -0.000000 3.421718 -0.186350
v 0.031986 3.421718 -0.184055
v 0.063184 3.421718 -0.177229
v 0.092826 3.421718 -0.166039
v 0.120183 3.421718 -0.150760
v 0.144580 3.421718 -0.131769
v 0.165417 3.421718 -0.109534
v 0.182181 3.421718 -0.084601
v 0.194460 3.421718 -0.057585
v 0.201950 3.421718 -0.029152
v 0.302320 3.386820 0.000000
v 0.298598 3.386820 0.043103
v 0.287523 3.386820 0.085144
v 0.269369 3.386820 0.125089
v 0.244582 3.386820 0.161954
v 0.213772 3.386820 0.194831
v 0.177699 3.386820 0.222910
v 0.137250 3.386820 0.245501
v 0.093422 3.386820 0.262047
v 0.047293 3.386820 0.272140
v 0.000000 3.386820 0.275532
v -0.047293 3.386820 0.272140
v -0.093422 3.386820 0.262047
v -0.137250 3.386820 0.245501
v -0.177699 3.386820 0.222910
v -0.213772 3.386820 0.194831
v -0.244582 3.386820 0.161954
v -0.269369 3.386820 0.125089
v -0.287523 3.386820 0.085144
v -0.298598 3.386820 0.043103
v -0.302320 3.386820 0.000000
v -0.298598 3.386820 -0.043103
v -0.287523 3.386820 -0.085144
v -0.269369 3.386820 -0.125089
v -0.244582 3.386820 -0.161954
v -0.213772 3.386820 -0.194831
v -0.177699 3.386820 -0.222910
v -0.137250 3.386820 -0.245501
v -0.093422 3.386820 -0.262047
v -0.047293 3.386820 -0.272140
v -0.000000 3.386820 -0.275532
v 0.047293 3.386820 -0.272140
v 0.093422 3.386820 -0.262047
v 0.137250 3.386820 -0.245501
v 0.177699 3.386820 -0.222910
v 0.213772 3.386820 -0.194831
v 0.244582 3.386820 -0.161954
v 0.269369 3.386820 -0.125089
v 0.287523 3.386820 -0.085144
v 0.298598 3.386820 -0.043103
v 0.395000 3.338801 0.000000
v 0.390137 3.338801 0.056316
v 0.375667 3.338801 0.111246
v 0.351948 3.338801 0.163437
v 0.319562 3.338801 0.211603
v 0.279307 3.338801 0.254558
v 0.232175 3.338801 0.291246
v 0.179326 3.338801 0.320762
v 0.122062 3.338801 0.342380
v 0.061792 3.338801 0.355568
v 0.000000 3.338801 0.360000
v -0.061792 3.338801 0.355568
v -0.122062 3.338801 0.342380
v -0.179326 3.338801 0.320762
v -0.232175 3.338801 0.291246
v -0.279307 3.338801 0.254558
v -0.319562 3.338801 0.211603
v -0.351948 3.338801 0.163437
v -0.375667 3.338801 0.111246
v -0.390137 3.338801 0.056316
v -0.395000 3.338801 0.000000
v -0.390137 3.338801 -0.056316
v -0.375667 3.338801 -0.111246
v -0.351948 3.338801 -0.163437
v -0.319562 3.338801 -0.211603
v -0.279307 3.338801 -0.254558
v -0.232175 3.338801 -0.291246
v -0.179326 3.338801 -0.320762
v -0.122062 3.338801 -0.342380
v -0.061792 3.338801 -0.355568
v -0.000000 3.338801 -0.360000
v 0.061792 3.338801 -0.355568
v 0.122062 3.338801 -0.342380
v 0.179326 3.338801 -0.320762
v 0.232175 3.338801 -0.291246
v 0.279307 3.338801 -0.254558
v 0.319562 3.338801 -0.211603
v 0.351948 3.338801 -0.163437
v 0.375667 3.338801 -0.111246
v 0.390137 3.338801 -0.056316
v 0.480922 3.278483 0.000000
v 0.475001 3.278483 0.068567
v 0.457384 3.278483 0.135445
v 0.428504 3.278483 0.198988
v 0.389074 3.278483 0.257631
v 0.340063 3.278483 0.309931
v 0.282679 3.278483 0.354599
v 0.218334 3.278483 0.390535
v 0.148613 3.278483 0.416856
v 0.075233 3.278483 0.432912
v 0.000000 3.278483 0.438308
v -0.075233 3.278483 0.432912
v -0.148613 3.278483 0.416856
v -0.218334 3.278483 0.390535
v -0.282679 3.278483 0.354599
v -0.340063 3.278483 0.309931
v -0.389074 3.278483 0.257631
v -0.428504 3.278483 0.198988
v -0.457384 3.278483 0.135445
v -0.475001 3.278483 0.068567
v -0.480922 3.278483 0.000000
v -0.475001 3.278483 -0.068567
v -0.457384 3.278483 -0.135445
v -0.428504 3.278483 -0.198988
v -0.389074 3.278483 -0.257631
v -0.340063 3.278483 -0.309931
v -0.282679 3.278483 -0.354599
v -0.218334 3.278483 -0.390535
v -0.148613 3.278483 -0.416856
v -0.075233 3.278483 -0.432912
v -0.000000 3.278483 -0.438308
v 0.075233 3.278483 -0.432912
v 0.148613 3.278483 -0.416856
v 0.218334 3.278483 -0.390535
v 0.282679 3.278483 -0.354599
v 0.340063 3.278483 -0.309931
v 0.389074 3.278483 -0.257631
v 0.428504 3.278483 -0.198988
v 0.457384 3.278483 -0.135445
v 0.475001 3.278483 -0.068567
v 0.558614 3.206899 0.000000
v 0.551737 3.206899 0.079643
v 0.531274 3.206899 0.157326
v 0.497729 3.206899 0.231134
v 0.451929 3.206899 0.299251
v 0.395000 3.206899 0.360000
v 0.328345 3.206899 0.411884
v 0.253606 3.206899 0.453626
v 0.172621 3.206899 0.484199
v 0.087387 3.206899 0.502849
v 0.000000 3.206899 0.509117
v -0.087387 3.206899 0.502849
v -0.172621 3.206899 0.484199
v -0.253606 3.206899 0.453626
v -0.328345 3.206899 0.411884
v -0.395000 3.206899 0.360000
v -0.451929 3.206899 0.299251
v -0.497729 3.206899 0.231134
v -0.531274 3.206899 0.157326
v -0.551737 3.206899 0.079643
v -0.558614 3.206899 0.000000
v -0.551737 3.206899 -0.079643
v -0.531274 3.206899 -0.157326
v -0.497729 3.206899 -0.231134
v -0.451929 3.206899 -0.299251
v -0.395000 3.206899 -0.360000
v -0.328345 3.206899 -0.411884
v -0.253606 3.206899 -0.453626
v -0.172621 3.206899 -0.484199
v -0.087387 3.206899 -0.502849
v -0.000000 3.206899 -0.509117
v 0.087387 3.206899 -0.502849
v 0.172621 3.206899 -0.484199
v 0.253606 3.206899 -0.453626
v 0.328345 3.206899 -0.411884
v 0.395000 3.206899 -0.360000
v 0.451929 3.206899 -0.299251
v 0.497729 3.206899 -0.231134
v 0.531274 3.206899 -0.157326
v 0.551737 3.206899 -0.079643
v 0.626749 3.125272 0.000000
v 0.619033 3.125272 0.089358
v 0.596074 3.125272 0.176515
v 0.558438 3.125272 0.259326
v 0.507051 3.125272 0.335751
v 0.443179 3.125272 0.403910
v 0.368394 3.125272 0.462122
v 0.284538 3.125272 0.508956
v 0.193676 3.125272 0.543257
v 0.098045 3.125272 0.564182
v 0.000000 3.125272 0.571214
v -0.098045 3.125272 0.564182
v -0.193676 3.125272 0.543257
v -0.284538 3.125272 0.508956
v -0.368394 3.125272 0.462122
v -0.443179 3.125272 0.403910
v -0.507051 3.125272 0.335751
v -0.558438 3.125272 0.259326
v -0.596074 3.125272 0.176515
v -0.619033 3.125272 0.089358
v -0.626749 3.125272 0.000000
v -0.619033 3.125272 -0.089358
v -0.596074 3.125272 -0.176515
v -0.558438 3.125272 -0.259326
v -0.507051 3.125272 -0.335751
v -0.443179 3.125272 -0.403910
v -0.368394 3.125272 -0.462122
v -0.284538 3.125272 -0.508956
v -0.193676 3.125272 -0.543257
v -0.098045 3.125272 -0.564182
v -0.000000 3.125272 -0.571214
v 0.098045 3.125272 -0.564182
v 0.193676 3.125272 -0.543257
v 0.284538 3.125272 -0.508956
v 0.368394 3.125272 -0.462122
v 0.443179 3.125272 -0.403910
v 0.507051 3.125272 -0.335751
v 0.558438 3.125272 -0.259326
v 0.596074 3.125272 -0.176515
v 0.619033 3.125272 -0.089358
v 0.684160 3.035000 0.000000
v 0.675737 3.035000 0.097543
v 0.650675 3.035000 0.192684
v 0.609591 3.035000 0.283080
v 0.553497 3.035000 0.366507
v 0.483774 3.035000 0.440908
v 0.402139 3.035000 0.504453
v 0.310602 3.035000 0.555577
v 0.211417 3.035000 0.593020
v 0.107026 3.035000 0.615861
v 0.000000 3.035000 0.623538
v -0.107026 3.035000 0.615861
v -0.211417 3.035000 0.593020
v -0.310602 3.035000 0.555577
v -0.402139 3.035000 0.504453
v -0.483774 3.035000 0.440908
v -0.553497 3.035000 0.366507
v -0.609591 3.035000 0.283080
v -0.650675 3.035000 0.192684
v -0.675737 3.035000 0.097543
v -0.684160 3.035000 0.000000
v -0.675737 3.035000 -0.097543
v -0.650675 3.035000 -0.192684
v -0.609591 3.035000 -0.283080
v -0.553497 3.035000 -0.366507
v -0.483774 3.035000 -0.440908
v -0.402139 3.035000 -0.504453
v -0.310602 3.035000 -0.555577
v -0.211417 3.035000 -0.593020
v -0.107026 3.035000 -0.615861
v -0.000000 3.035000 -0.623538
v 0.107026 3.035000 -0.615861
v 0.211417 3.035000 -0.593020
v 0.310602 3.035000 -0.555577
v 0.402139 3.035000 -0.504453
v 0.483774 3.035000 -0.440908
v 0.553497 3.035000 -0.366507
v 0.609591 3.035000 -0.283080
v 0.650675 3.035000 -0.192684
v 0.675737 3.035000 -0.097543
v 0.729865 2.937627 0.000000
v 0.720879 2.937627 0.104059
v 0.694143 2.937627 0.205556
v 0.650314 2.937627 0.301991
v 0.590473 2.937627 0.390991
v 0.516092 2.937627 0.470363
v 0.429004 2.937627 0.538153
v 0.331352 2.937627 0.592692
v 0.225541 2.937627 0.632636
v 0.114176 2.937627 0.657004
v 0.000000 2.937627 0.665193
v -0.114176 2.937627 0.657004
v -0.225541 2.937627 0.632636
v -0.331352 2.937627 0.592692
v -0.429004 2.937627 0.538153
v -0.516092 2.937627 0.470363
v -0.590473 2.937627 0.390991
v -0.650314 2.937627 0.301991
v -0.694143 2.937627 0.205556
v -0.720879 2.937627 0.104059
v -0.729865 2.937627 0.000000
v -0.720879 2.937627 -0.104059
v -0.694143 2.937627 -0.205556
v -0.650314 2.937627 -0.301991
v -0.590473 2.937627 -0.390991
v -0.516092 2.937627 -0.470363
v -0.429004 2.937627 -0.538153
v -0.331352 2.937627 -0.592692
v -0.225541 2.937627 -0.632636
v -0.114176 2.937627 -0.657004
v -0.000000 2.937627 -0.665193
v 0.114176 2.937627 -0.657004
v 0.225541 2.937627 -0.632636
v 0.331352 2.937627 -0.592692
v 0.429004 2.937627 -0.538153
v 0.516092 2.937627 -0.470363
v 0.590473 2.937627 -0.390991
v 0.650314 2.937627 -0.301991
v 0.694143 2.937627 -0.205556
v 0.720879 2.937627 -0.104059
v 0.763081 2.834820 0.000000
v 0.753687 2.834820 0.108795
v 0.725734 2.834820 0.214911
v 0.679911 2.834820 0.315735
v 0.617346 2.834820 0.408785
v 0.539580 2.834820 0.491769
v 0.448528 2.834820 0.562644
v 0.346432 2.834820 0.619665
v 0.235805 2.834820 0.661428
v 0.119372 2.834820 0.686904
v 0.000000 2.834820 0.695467
v -0.119372 2.834820 0.686904
v -0.235805 2.834820 0.661428
v -0.346432 2.834820 0.619665
v -0.448528 2.834820 0.562644
v -0.539580 2.834820 0.491769
v -0.617346 2.834820 0.408785
v -0.679911 2.834820 0.315735
v -0.725734 2.834820 0.214911
v -0.753687 2.834820 0.108795
v -0.763081 2.834820 0.000000
v -0.753687 2.834820 -0.108795
v -0.725734 2.834820 -0.214911
v -0.679911 2.834820 -0.315735
v -0.617346 2.834820 -0.408785
v -0.539580 2.834820 -0.491769
v -0.448528 2.834820 -0.562644
v -0.346432 2.834820 -0.619665
v -0.235805 2.834820 -0.661428
v -0.119372 2.834820 -0.686904
v -0.000000 2.834820 -0.695467
v 0.119372 2.834820 -0.686904
v 0.235805 2.834820 -0.661428
v 0.346432 2.834820 -0.619665
v 0.448528 2.834820 -0.562644
v 0.539580 2.834820 -0.491769
v 0.617346 2.834820 -0.408785
v 0.679911 2.834820 -0.315735
v 0.725734 2.834820 -0.214911
v 0.753687 2.834820 -0.108795
v 0.783241 2.728337 0.000000
v 0.773598 2.728337 0.111669
v 0.744907 2.728337 0.220589
v 0.697873 2.728337 0.324077
v 0.633656 2.728337 0.419585
v 0.553835 2.728337 0.504761
v 0.460378 2.728337 0.577509
v 0.355584 2.728337 0.636036
v 0.242035 2.728337 0.678902
v 0.122526 2.728337 0.705052
v 0.000000 2.728337 0.713840
v -0.122526 2.728337 0.705052
v -0.242035 2.728337 0.678902
v -0.355584 2.728337 0.636036
v -0.460378 2.728337 0.577509
v -0.553835 2.728337 0.504761
v -0.633656 2.728337 0.419585
v -0.697873 2.728337 0.324077
v -0.744907 2.728337 0.220589
v -0.773598 2.728337 0.111669
v -0.783241 2.728337 0.000000
v -0.773598 2.728337 -0.111669
v -0.744907 2.728337 -0.220589
v -0.697873 2.728337 -0.324077
v -0.633656 2.728337 -0.419585
v -0.553835 2.728337 -0.504761
v -0.460378 2.728337 -0.577509
v -0.355584 2.728337 -0.636036
v -0.242035 2.728337 -0.678902
v -0.122526 2.728337 -0.705052
v -0.000000 2.728337 -0.713840
v 0.122526 2.728337 -0.705052
v 0.242035 2.728337 -0.678902
v 0.355584 2.728337 -0.636036
v 0.460378 2.728337 -0.577509
v 0.553835 2.728337 -0.504761
v 0.633656 2.728337 -0.419585
v 0.697873 2.728337 -0.324077
v 0.744907 2.728337 -0.220589
v 0.773598 2.728337 -0.111669
v 0.790000 2.620000 0.000000
v 0.780274 2.620000 0.112633
v 0.751335 2.620000 0.222492
v 0.703895 2.620000 0.326873
v 0.639123 2.620000 0.423205
v 0.558614 2.620000 0.509117
v 0.464350 2.620000 0.582492
v 0.358652 2.620000 0.641525
v 0.244123 2.620000 0.684761
v 0.123583 2.620000 0.711136
v 0.000000 2.620000 0.720000
v -0.123583 2.620000 0.711136
v -0.244123 2.620000 0.684761
v -0.358652 2.620000 0.641525
v -0.464350 2.620000 0.582492
v -0.558614 2.620000 0.509117
v -0.639123 2.620000 0.423205
v -0.703895 2.620000 0.326873
v -0.751335 2.620000 0.222492
v -0.780274 2.620000 0.112633
v -0.790000 2.620000 0.000000
v -0.780274 2.620000 -0.112633
v -0.751335 2.620000 -0.222492
v -0.703895 2.620000 -0.326873
v -0.639123 2.620000 -0.423205
v -0.558614 2.620000 -0.509117
v -0.464350 2.620000 -0.582492
v -0.358652 2.620000 -0.641525
v -0.244123 2.620000 -0.684761
v -0.123583 2.620000 -0.711136
v -0.000000 2.620000 -0.720000
v 0.123583 2.620000 -0.711136
v 0.244123 2.620000 -0.684761
v 0.358652 2.620000 -0.641525
v 0.464350 2.620000 -0.582492
v 0.558614 2.620000 -0.509117
v 0.639123 2.620000 -0.423205
v 0.703895 2.620000 -0.326873
v 0.751335 2.620000 -0.222492
v 0.780274 2.620000 -0.112633
v 0.783241 2.511663 0.000000
v 0.773598 2.511663 0.111669
v 0.744907 2.511663 0.220589
v 0.697873 2.511663 0.324077
v 0.633656 2.511663 0.419585
v 0.553835 2.511663 0.504761
v 0.460378 2.511663 0.577509
v 0.355584 2.511663 0.636036
v 0.242035 2.511663 0.678902
v 0.122526 2.511663 0.705052
v 0.000000 2.511663 0.713840
v -0.122526 2.511663 0.705052
v -0.242035 2.511663 0.678902
v -0.355584 2.511663 0.636036
v -0.460378 2.511663 0.577509
v -0.553835 2.511663 0.504761
v -0.633656 2.511663 0.419585
v -0.697873 2.511663 0.324077
v -0.744907 2.511663 0.220589
v -0.773598 2.511663 0.111669
v -0.783241 2.511663 0.000000
v -0.773598 2.511663 -0.111669
v -0.744907 2.511663 -0.220589
v -0.697873 2.511663 -0.324077
v -0.633656 2.511663 -0.419585
v -0.553835 2.511663 -0.504761
v -0.460378 2.511663 -0.577509
v -0.355584 2.511663 -0.636036
v -0.242035 2.511663 -0.678902
v -0.122526 2.511663 -0.705052
v -0.000000 2.511663 -0.713840
v 0.122526 2.511663 -0.705052
v 0.242035 2.511663 -0.678902
v 0.355584 2.511663 -0.636036
v 0.460378 2.511663 -0.577509
v 0.553835 2.511663 -0.504761
v 0.633656 2.511663 -0.419585
v 0.697873 2.511663 -0.324077
v 0.744907 2.511663 -0.220589
v 0.773598 2.511663 -0.111669
v 0.763081 2.405180 0.000000
v 0.753687 2.405180 0.108795
v 0.725734 2.405180 0.214911
v 0.679911 2.405180 0.315735
v 0.617346 2.405180 0.408785
v 0.539580 2.405180 0.491769
v 0.448528 2.405180 0.562644
v 0.346432 2.405180 0.619665
v 0.235805 2.405180 0.661428
v 0.119372 2.405180 0.686904
v 0.000000 2.405180 0.695467
v -0.119372 2.405180 0.686904
v -0.235805 2.405180 0.661428
v -0.346432 2.405180 0.619665
v -0.448528 2.405180 0.562644
v -0.539580 2.405180 0.491769
v -0.617346 2.405180 0.408785
v -0.679911 2.405180 0.315735
v -0.725734 2.405180 0.214911
v -0.753687 2.405180 0.108795
v -0.763081 2.405180 0.000000
v -0.753687 2.405180 -0.108795
v -0.725734 2.405180 -0.214911
v -0.679911 2.405180 -0.315735
v -0.617346 2.405180 -0.408785
v -0.539580 2.405180 -0.491769
v -0.448528 2.405180 -0.562644
v -0.346432 2.405180 -0.619665
v -0.235805 2.405180 -0.661428
v -0.119372 2.405180 -0.686904
v -0.000000 2.405180 -0.695467
v 0.119372 2.405180 -0.686904
v 0.235805 2.405180 -0.661428
v 0.346432 2.405180 -0.619665
v 0.448528 2.405180 -0.562644
v 0.539580 2.405180 -0.491769
v 0.617346 2.405180 -0.408785
v 0.679911 2.405180 -0.315735
v 0.725734 2.405180 -0.214911
v 0.753687 2.405180 -0.108795
v 0.729865 2.302373 0.000000
v 0.720879 2.302373 0.104059
v 0.694143 2.302373 0.205556
v 0.650314 2.302373 0.301991
v 0.590473 2.302373 0.390991
v 0.516092 2.302373 0.470363
v 0.429004 2.302373 0.538153
v 0.331352 2.302373 0.592692
v 0.225541 2.302373 0.632636
v 0.114176 2.302373 0.657004
v 0.000000 2.302373 0.665193
v -0.114176 2.302373 0.657004
v -0.225541 2.302373 0.632636
v -0.331352 2.302373 0.592692
v -0.429004 2.302373 0.538153
v -0.516092 2.302373 0.470363
v -0.590473 2.302373 0.390991
v -0.650314 2.302373 0.301991
v -0.694143 2.302373 0.205556
v -0.720879 2.302373 0.104059
v -0.729865 2.302373 0.000000
v -0.720879 2.302373 -0.104059
v -0.694143 2.302373 -0.205556
v -0.650314 2.302373 -0.301991
v -0.590473 2.302373 -0.390991
v -0.516092 2.302373 -0.470363
v -0.429004 2.302373 -0.538153
v -0.331352 2.302373 -0.592692
v -0.225541 2.302373 -0.632636
v -0.114176 2.302373 -0.657004
v -0.000000 2.302373 -0.665193
v 0.114176 2.302373 -0.657004
v 0.225541 2.302373 -0.632636
v 0.331352 2.302373 -0.592692
v 0.429004 2.302373 -0.538153
v 0.516092 2.302373 -0.470363
v 0.590473 2.302373 -0.390991
v 0.650314 2.302373 -0.301991
v 0.694143 2.302373 -0.205556
v 0.720879 2.302373 -0.104059
v 0.684160 2.205000 0.000000
v 0.675737 2.205000 0.097543
v 0.650675 2.205000 0.192684
v 0.609591 2.205000 0.283080
v 0.553497 2.205000 0.366507
v 0.483774 2.205000 0.440908
v 0.402139 2.205000 0.504453
v 0.310602 2.205000 0.555577
v 0.211417 2.205000 0.593020
v 0.107026 2.205000 0.615861
v 0.000000 2.205000 0.623538
v -0.107026 2.205000 0.615861
v -0.211417 2.205000 0.593020
v -0.310602 2.205000 0.555577
v -0.402139 2.205000 0.504453
v -0.483774 2.205000 0.440908
v -0.553497 2.205000 0.366507
v -0.609591 2.205000 0.283080
v -0.650675 2.205000 0.192684
v -0.675737 2.205000 0.097543
v -0.684160 2.205000 0.000000
v -0.675737 2.205000 -0.097543
v -0.650675 2.205000 -0.192684
v -0.609591 2.205000 -0.283080
v -0.553497 2.205000 -0.366507
v -0.483774 2.205000 -0.440908
v -0.402139 2.205000 -0.504453
v -0.310602 2.205000 -0.555577
v -0.211417 2.205000 -0.593020
v -0.107026 2.205000 -0.615861
v -0.000000 2.205000 -0.623538
v 0.107026 2.205000 -0.615861
v 0.211417 2.205000 -0.593020
v 0.310602 2.205000 -0.555577
v 0.402139 2.205000 -0.504453
v 0.483774 2.205000 -0.440908
v 0.553497 2.205000 -0.366507
v 0.609591 2.205000 -0.283080
v 0.650675 2.205000 -0.192684
v 0.675737 2.205000 -0.097543
v 0.626749 2.114728 0.000000
v 0.619033 2.114728 0.089358
v 0.596074 2.114728 0.176515
v 0.558438 2.114728 0.259326
v 0.507051 2.114728 0.335751
v 0.443179 2.114728 0.403910
v 0.368394 2.114728 0.462122
v 0.284538 2.114728 0.508956
v 0.193676 2.114728 0.543257
v 0.098045 2.114728 0.564182
v 0.000000 2.114728 0.571214
v -0.098045 2.114728 0.564182
v -0.193676 2.114728 0.543257
v -0.284538 2.114728 0.508956
v -0.368394 2.114728 0.462122
v -0.443179 2.114728 0.403910
v -0.507051 2.114728 0.335751
v -0.558438 2.114728 0.259326
v -0.596074 2.114728 0.176515
v -0.619033 2.114728 0.089358
v -0.626749 2.114728 0.000000
v -0.619033 2.114728 -0.089358
v -0.596074 2.114728 -0.176515
v -0.558438 2.114728 -0.259326
v -0.507051 2.114728 -0.335751
v -0.443179 2.114728 -0.403910
v -0.368394 2.114728 -0.462122
v -0.284538 2.114728 -0.508956
v -0.193676 2.114728 -0.543257
v -0.098045 2.114728 -0.564182
v -0.000000 2.114728 -0.571214
v 0.098045 2.114728 -0.564182
v 0.193676 2.114728 -0.543257
v 0.284538 2.114728 -0.508956
v 0.368394 2.114728 -0.462122
v 0.443179 2.114728 -0.403910
v 0.507051 2.114728 -0.335751
v 0.558438 2.114728 -0.259326
v 0.596074 2.114728 -0.176515
v 0.619033 2.114728 -0.089358
v 0.558614 2.033101 0.000000
v 0.551737 2.033101 0.079643
v 0.531274 2.033101 0.157326
v 0.497729 2.033101 0.231134
v 0.451929 2.033101 0.299251
v 0.395000 2.033101 0.360000
v 0.328345 2.033101 0.411884
v 0.253606 2.033101 0.453626
v 0.172621 2.033101 0.484199
v 0.087387 2.033101 0.502849
v 0.000000 2.033101 0.509117
v -0.087387 2.033101 0.502849
v -0.172621 2.033101 0.484199
v -0.253606 2.033101 0.453626
v -0.328345 2.033101 0.411884
v -0.395000 2.033101 0.360000
v -0.451929 2.033101 0.299251
v -0.497729 2.033101 0.231134
v -0.531274 2.033101 0.157326
v -0.551737 2.033101 0.079643
v -0.558614 2.033101 0.000000
v -0.551737 2.033101 -0.079643
v -0.531274 2.033101 -0.157326
v -0.497729 2.033101 -0.231134
v -0.451929 2.033101 -0.299251
v -0.395000 2.033101 -0.360000
v -0.328345 2.033101 -0.411884
v -0.253606 2.033101 -0.453626
v -0.172621 2.033101 -0.484199
v -0.087387 2.033101 -0.502849
v -0.000000 2.033101 -0.509117
v 0.087387 2.033101 -0.502849
v 0.172621 2.033101 -0.484199
v 0.253606 2.033101 -0.453626
v 0.328345 2.033101 -0.411884
v 0.395000 2.033101 -0.360000
v 0.451929 2.033101 -0.299251
v 0.497729 2.033101 -0.231134
v 0.531274 2.033101 -0.157326
v 0.551737 2.033101 -0.079643
v 0.480922 1.961517 0.000000
v 0.475001 1.961517 0.068567
v 0.457384 1.961517 0.135445
v 0.428504 1.961517 0.198988
v 0.389074 1.961517 0.257631
v 0.340063 1.961517 0.309931
v 0.282679 1.961517 0.354599
v 0.218334 1.961517 0.390535
v 0.148613 1.961517 0.416856
v 0.075233 1.961517 0.432912
v 0.000000 1.961517 0.438308
v -0.075233 1.961517 0.432912
v -0.148613 1.961517 0.416856
v -0.218334 1.961517 0.390535
v -0.282679 1.961517 0.354599
v -0.340063 1.961517 0.309931
v -0.389074 1.961517 0.257631
v -0.428504 1.961517 0.198988
v -0.457384 1.961517 0.135445
v -0.475001 1.961517 0.068567
v -0.480922 1.961517 0.000000
v -0.475001 1.961517 -0.068567
v -0.457384 1.961517 -0.135445
v -0.428504 1.961517 -0.198988
v -0.389074 1.961517 -0.257631
v -0.340063 1.961517 -0.309931
v -0.282679 1.961517 -0.354599
v -0.218334 1.961517 -0.390535
v -0.148613 1.961517 -0.416856
v -0.075233 1.961517 -0.432912
v -0.000000 1.961517 -0.438308
v 0.075233 1.961517 -0.432912
v 0.148613 1.961517 -0.416856
v 0.218334 1.961517 -0.390535
v 0.282679 1.961517 -0.354599
v 0.340063 1.961517 -0.309931
v 0.389074 1.961517 -0.257631
v 0.428504 1.961517 -0.198988
v 0.457384 1.961517 -0.135445
v 0.475001 1.961517 -0.068567
v 0.395000 1.901199 0.000000
v 0.390137 1.901199 0.056316
v 0.375667 1.901199 0.111246
v 0.351948 1.901199 0.163437
v 0.319562 1.901199 0.211603
v 0.279307 1.901199 0.254558
v 0.232175 1.901199 0.291246
v 0.179326 1.901199 0.320762
v 0.122062 1.901199 0.342380
v 0.061792 1.901199 0.355568
v 0.000000 1.901199 0.360000
v -0.061792 1.901199 0.355568
v -0.122062 1.901199 0.342380
v -0.179326 1.901199 0.320762
v -0.232175 1.901199 0.291246
v -0.279307 1.901199 0.254558
v -0.319562 1.901199 0.211603
v -0.351948 1.901199 0.163437
v -0.375667 1.901199 0.111246
v -0.390137 1.901199 0.056316
v -0.395000 1.901199 0.000000
v -0.390137 1.901199 -0.056316
v -0.375667 1.901199 -0.111246
v -0.351948 1.901199 -0.163437
v -0.319562 1.901199 -0.211603
v -0.279307 1.901199 -0.254558
v -0.232175 1.901199 -0.291246
v -0.179326 1.901199 -0.320762
v -0.122062 1.901199 -0.342380
v -0.061792 1.901199 -0.355568
v -0.000000 1.901199 -0.360000
v 0.061792 1.901199 -0.355568
v 0.122062 1.901199 -0.342380
v 0.179326 1.901199 -0.320762
v 0.232175 1.901199 -0.291246
v 0.279307 1.901199 -0.254558
v 0.319562 1.901199 -0.211603
v 0.351948 1.901199 -0.163437
v 0.375667 1.901199 -0.111246
v 0.390137 1.901199 -0.056316
v 0.302320 1.853180 0.000000
v 0.298598 1.853180 0.043103
v 0.287523 1.853180 0.085144
v 0.269369 1.853180 0.125089
v 0.244582 1.853180 0.161954
v 0.213772 1.853180 0.194831
v 0.177699 1.853180 0.222910
v 0.137250 1.853180 0.245501
v 0.093422 1.853180 0.262047
v 0.047293 1.853180 0.272140
v 0.000000 1.853180 0.275532
v -0.047293 1.853180 0.272140
v -0.093422 1.853180 0.262047
v -0.137250 1.853180 0.245501
v -0.177699 1.853180 0.222910
v -0.213772 1.853180 0.194831
v -0.244582 1.853180 0.161954
v -0.269369 1.853180 0.125089
v -0.287523 1.853180 0.085144
v -0.298598 1.853180 0.043103
v -0.302320 1.853180 0.000000
v -0.298598 1.853180 -0.043103
v -0.287523 1.853180 -0.085144
v -0.269369 1.853180 -0.125089
v -0.244582 1.853180 -0.161954
v -0.213772 1.853180 -0.194831
v -0.177699 1.853180 -0.222910
v -0.137250 1.853180 -0.245501
v -0.093422 1.853180 -0.262047
v -0.047293 1.853180 -0.272140
v -0.000000 1.853180 -0.275532
v 0.047293 1.853180 -0.272140
v 0.093422 1.853180 -0.262047
v 0.137250 1.853180 -0.245501
v 0.177699 1.853180 -0.222910
v 0.213772 1.853180 -0.194831
v 0.244582 1.853180 -0.161954
v 0.269369 1.853180 -0.125089
v 0.287523 1.853180 -0.085144
v 0.298598 1.853180 -0.043103
v 0.204467 1.818282 0.000000
v 0.201950 1.818282 0.029152
v 0.194460 1.818282 0.057585
v 0.182181 1.818282 0.084601
v 0.165417 1.818282 0.109534
v 0.144580 1.818282 0.131769
v 0.120183 1.818282 0.150760
v 0.092826 1.818282 0.166039
v 0.063184 1.818282 0.177229
v 0.031986 1.818282 0.184055
v 0.000000 1.818282 0.186350
v -0.031986 1.818282 0.184055
v -0.063184 1.818282 0.177229
v -0.092826 1.818282 0.166039
v -0.120183 1.818282 0.150760
v -0.144580 1.818282 0.131769
v -0.165417 1.818282 0.109534
v -0.182181 1.818282 0.084601
v -0.194460 1.818282 0.057585
v -0.201950 1.818282 0.029152
v -0.204467 1.818282 0.000000
v -0.201950 1.818282 -0.029152
v -0.194460 1.818282 -0.057585
v -0.182181 1.818282 -0.084601
v -0.165417 1.818282 -0.109534
v -0.144580 1.818282 -0.131769
v -0.120183 1.818282 -0.150760
v -0.092826 1.818282 -0.166039
v -0.063184 1.818282 -0.177229
v -0.031986 1.818282 -0.184055
v -0.000000 1.818282 -0.186350
v 0.031986 1.818282 -0.184055
v 0.063184 1.818282 -0.177229
v 0.092826 1.818282 -0.166039
v 0.120183 1.818282 -0.150760
v 0.144580 1.818282 -0.131769
v 0.165417 1.818282 -0.109534
v 0.182181 1.818282 -0.084601
v 0.194460 1.818282 -0.057585
v 0.201950 1.818282 -0.029152
v 0.103116 1.797101 0.000000
v 0.101846 1.797101 0.014702
v 0.098069 1.797101 0.029041
v 0.091877 1.797101 0.042666
v 0.083422 1.797101 0.055239
v 0.072914 1.797101 0.066453
v 0.060610 1.797101 0.076030
v 0.046814 1.797101 0.083736
v 0.031865 1.797101 0.089379
v 0.016131 1.797101 0.092822
v 0.000000 1.797101 0.093979
v -0.016131 1.797101 0.092822
v -0.031865 1.797101 0.089379
v -0.046814 1.797101 0.083736
v -0.060610 1.797101 0.076030
v -0.072914 1.797101 0.066453
v -0.083422 1.797101 0.055239
v -0.091877 1.797101 0.042666
v -0.098069 1.797101 0.029041
v -0.101846 1.797101 0.014702
v -0.103116 1.797101 0.000000
v -0.101846 1.797101 -0.014702
v -0.098069 1.797101 -0.029041
v -0.091877 1.797101 -0.042666
v -0.083422 1.797101 -0.055239
v -0.072914 1.797101 -0.066453
v -0.060610 1.797101 -0.076030
v -0.046814 1.797101 -0.083736
v -0.031865 1.797101 -0.089379
v -0.016131 1.797101 -0.092822
v -0.000000 1.797101 -0.093979
v 0.016131 1.797101 -0.092822
v 0.031865 1.797101 -0.089379
v 0.046814 1.797101 -0.083736
v 0.060610 1.797101 -0.076030
v 0.072914 1.797101 -0.066453
v 0.083422 1.797101 -0.055239
v 0.091877 1.797101 -0.042666
v 0.098069 1.797101 -0.029041
v 0.101846 1.797101 -0.014702
v 0.000000 1.790000 0.000000
v 0.000000 1.790000 0.000000
v 0.000000 1.790000 0.000000
v 0.000000 1.790000 0.000000
v 0.000000 1.790000 0.000000
v 0.000000 1.790000 0.000000
v 0.000000 1.790000 0.000000
v 0.000000 1.790000 0.000000
v 0.000000 1.790000 0.000000
v 0.000000 1.790000 0.000000
v 0.000000 1.790000 0.000000
v -0.000000 1.790000 0.000000
v -0.000000 1.790000 0.000000
v -0.000000 1.790000 0.000000
v -0.000000 1.790000 0.000000
v -0.000000 1.790000 0.000000
v -0.000000 1.790000 0.000000
v -0.000000 1.790000 0.000000
v -0.000000 1.790000 0.000000
v -0.000000 1.790000 0.000000
v -0.000000 1.790000 0.000000
v -0.000000 1.790000 -0.000000
v -0.000000 1.790000 -0.000000
v -0.000000 1.790000 -0.000000
v -0.000000 1.790000 -0.000000
v -0.000000 1.790000 -0.000000
v -0.000000 1.790000 -0.000000
v -0.000000 1.790000 -0.000000
v -0.000000 1.790000 -0.000000
v -0.000000 1.790000 -0.000000
v -0.000000 1.790000 -0.000000
v 0.000000 1.790000 -0.000000
v 0.000000 1.790000 -0.000000
v 0.000000 1.790000 -0.000000
v 0.000000 1.790000 -0.000000
v 0.000000 1.790000 -0.000000
v 0.000000 1.790000 -0.000000
v 0.000000 1.790000 -0.000000
v 0.000000 1.790000 -0.000000
v 0.000000 1.790000 -0.000000
v 0.000000 2.250000 0.000000
v 0.000000 2.250000 0.000000
v 0.000000 2.250000 0.000000
v 0.000000 2.250000 0.000000
v 0.000000 2.250000 0.000000
v 0.000000 2.250000 0.000000
v 0.000000 2.250000 0.000000
v 0.000000 2.250000 0.000000
v 0.000000 2.250000 0.000000
v 0.000000 2.250000 0.000000
v 0.000000 2.250000 0.000000
v 0.000000 2.250000 0.000000
v 0.000000 2.250000 0.000000
v 0.000000 2.250000 0.000000
v 0.000000 2.250000 0.000000
v 0.000000 2.250000 0.000000
v 0.000000 2.250000 0.000000
v 0.000000 2.250000 0.000000
v 0.000000 2.250000 0.000000
v 0.000000 2.250000 0.000000
v 0.000000 2.250000 0.000000
v 0.000000 2.250000 0.000000
v 0.000000 2.250000 0.000000
v 0.000000 2.250000 0.000000
v 0.000000 2.250000 0.000000
v 0.000000 2.250000 0.000000
v 0.000000 2.250000 0.000000
v 0.000000 2.250000 0.000000
v 0.000000 2.250000 0.000000
v 0.000000 2.250000 0.000000
v 0.000000 2.250000 0.000000
v 0.000000 2.250000 0.000000
v 0.000000 2.250000 0.000000
v 0.000000 2.250000 0.000000
v 0.000000 2.250000 0.000000
v 0.000000 2.250000 0.000000
v 0.081119 2.241552 0.000000
v 0.079887 2.241552 0.011121
v 0.076227 2.241552 0.021904
v 0.070252 2.241552 0.032021
v 0.062141 2.241552 0.041165
v 0.052143 2.241552 0.049059
v 0.040560 2.241552 0.055462
v 0.027744 2.241552 0.060179
v 0.014086 2.241552 0.063069
v 0.000000 2.241552 0.064042
v -0.014086 2.241552 0.063069
v -0.027744 2.241552 0.060179
v -0.040560 2.241552 0.055462
v -0.052143 2.241552 0.049059
v -0.062141 2.241552 0.041165
v -0.070252 2.241552 0.032021
v -0.076227 2.241552 0.021904
v -0.079887 2.241552 0.011121
v -0.081119 2.241552 0.000000
v -0.079887 2.241552 -0.011121
v -0.076227 2.241552 -0.021904
v -0.070252 2.241552 -0.032021
v -0.062141 2.241552 -0.041165
v -0.052143 2.241552 -0.049059
v -0.040560 2.241552 -0.055462
v -0.027744 2.241552 -0.060179
v -0.014086 2.241552 -0.063069
v -0.000000 2.241552 -0.064042
v 0.014086 2.241552 -0.063069
v 0.027744 2.241552 -0.060179
v 0.040560 2.241552 -0.055462
v 0.052143 2.241552 -0.049059
v 0.062141 2.241552 -0.041165
v 0.070252 2.241552 -0.032021
v 0.076227 2.241552 -0.021904
v 0.079887 2.241552 -0.011121
v 0.160588 2.216379 0.000000
v 0.158148 2.216379 0.022015
v 0.150903 2.216379 0.043361
v 0.139073 2.216379 0.063390
v 0.123017 2.216379 0.081492
v 0.103224 2.216379 0.097119
v 0.080294 2.216379 0.109794
v 0.054924 2.216379 0.119134
v 0.027886 2.216379 0.124854
v 0.000000 2.216379 0.126780
v -0.027886 2.216379 0.124854
v -0.054924 2.216379 0.119134
v -0.080294 2.216379 0.109794
v -0.103224 2.216379 0.097119
v -0.123017 2.216379 0.081492
v -0.139073 2.216379 0.063390
v -0.150903 2.216379 0.043361
v -0.158148 2.216379 0.022015
v -0.160588 2.216379 0.000000
v -0.158148 2.216379 -0.022015
v -0.150903 2.216379 -0.043361
v -0.139073 2.216379 -0.063390
v -0.123017 2.216379 -0.081492
v -0.103224 2.216379 -0.097119
v -0.080294 2.216379 -0.109794
v -0.054924 2.216379 -0.119134
v -0.027886 2.216379 -0.124854
v -0.000000 2.216379 -0.126780
v 0.027886 2.216379 -0.124854
v 0.054924 2.216379 -0.119134
v 0.080294 2.216379 -0.109794
v 0.103224 2.216379 -0.097119
v 0.123017 2.216379 -0.081492
v 0.139073 2.216379 -0.063390
v 0.150903 2.216379 -0.043361
v 0.158148 2.216379 -0.022015
v 0.236787 2.174995 0.000000
v 0.233189 2.174995 0.032461
v 0.222507 2.174995 0.063936
v 0.205063 2.174995 0.093468
v 0.181389 2.174995 0.120161
v 0.152203 2.174995 0.143202
v 0.118393 2.174995 0.161892
v 0.080986 2.174995 0.175663
v 0.041118 2.174995 0.184097
v 0.000000 2.174995 0.186937
v -0.041118 2.174995 0.184097
v -0.080986 2.174995 0.175663
v -0.118393 2.174995 0.161892
v -0.152203 2.174995 0.143202
v -0.181389 2.174995 0.120161
v -0.205063 2.174995 0.093468
v -0.222507 2.174995 0.063936
v -0.233189 2.174995 0.032461
v -0.236787 2.174995 0.000000
v -0.233189 2.174995 -0.032461
v -0.222507 2.174995 -0.063936
v -0.205063 2.174995 -0.093468
v -0.181389 2.174995 -0.120161
v -0.152203 2.174995 -0.143202
v -0.118393 2.174995 -0.161892
v -0.080986 2.174995 -0.175663
v -0.041118 2.174995 -0.184097
v -0.000000 2.174995 -0.186937
v 0.041118 2.174995 -0.184097
v 0.080986 2.174995 -0.175663
v 0.118393 2.174995 -0.161892
v 0.152203 2.174995 -0.143202
v 0.181389 2.174995 -0.120161
v 0.205063 2.174995 -0.093468
v 0.222507 2.174995 -0.063936
v 0.233189 2.174995 -0.032461
v 0.308165 2.118240 0.000000
v 0.303484 2.118240 0.042247
v 0.289581 2.118240 0.083210
v 0.266879 2.118240 0.121644
v 0.236068 2.118240 0.156383
v 0.198085 2.118240 0.186370
v 0.154083 2.118240 0.210694
v 0.105399 2.118240 0.228616
v 0.053512 2.118240 0.239592
v 0.000000 2.118240 0.243288
v -0.053512 2.118240 0.239592
v -0.105399 2.118240 0.228616
v -0.154083 2.118240 0.210694
v -0.198085 2.118240 0.186370
v -0.236068 2.118240 0.156383
v -0.266879 2.118240 0.121644
v -0.289581 2.118240 0.083210
v -0.303484 2.118240 0.042247
v -0.308165 2.118240 0.000000
v -0.303484 2.118240 -0.042247
v -0.289581 2.118240 -0.083210
v -0.266879 2.118240 -0.121644
v -0.236068 2.118240 -0.156383
v -0.198085 2.118240 -0.186370
v -0.154083 2.118240 -0.210694
v -0.105399 2.118240 -0.228616
v -0.053512 2.118240 -0.239592
v -0.000000 2.118240 -0.243288
v 0.053512 2.118240 -0.239592
v 0.105399 2.118240 -0.228616
v 0.154083 2.118240 -0.210694
v 0.198085 2.118240 -0.186370
v 0.236068 2.118240 -0.156383
v 0.266879 2.118240 -0.121644
v 0.289581 2.118240 -0.083210
v 0.303484 2.118240 -0.042247
v 0.373271 2.047272 0.000000
v 0.367600 2.047272 0.051172
v 0.350760 2.047272 0.100789
v 0.323262 2.047272 0.147344
v 0.285942 2.047272 0.189421
v 0.239934 2.047272 0.225744
v 0.186635 2.047272 0.255207
v 0.127666 2.047272 0.276916
v 0.064818 2.047272 0.290210
v 0.000000 2.047272 0.294687
v -0.064818 2.047272 0.290210
v -0.127666 2.047272 0.276916
v -0.186635 2.047272 0.255207
v -0.239934 2.047272 0.225744
v -0.285942 2.047272 0.189421
v -0.323262 2.047272 0.147344
v -0.350760 2.047272 0.100789
v -0.367600 2.047272 0.051172
v -0.373271 2.047272 0.000000
v -0.367600 2.047272 -0.051172
v -0.350760 2.047272 -0.100789
v -0.323262 2.047272 -0.147344
v -0.285942 2.047272 -0.189421
v -0.239934 2.047272 -0.225744
v -0.186635 2.047272 -0.255207
v -0.127666 2.047272 -0.276916
v -0.064818 2.047272 -0.290210
v -0.000000 2.047272 -0.294687
v 0.064818 2.047272 -0.290210
v 0.127666 2.047272 -0.276916
v 0.186635 2.047272 -0.255207
v 0.239934 2.047272 -0.225744
v 0.285942 2.047272 -0.189421
v 0.323262 2.047272 -0.147344
v 0.350760 2.047272 -0.100789
v 0.367600 2.047272 -0.051172
v 0.430777 1.963534 0.000000
v 0.424233 1.963534 0.059056
v 0.404798 1.963534 0.116317
v 0.373064 1.963534 0.170044
v 0.329995 1.963534 0.218604
v 0.276898 1.963534 0.260522
v 0.215389 1.963534 0.294524
v 0.147334 1.963534 0.319578
v 0.074804 1.963534 0.334921
v 0.000000 1.963534 0.340087
v -0.074804 1.963534 0.334921
v -0.147334 1.963534 0.319578
v -0.215389 1.963534 0.294524
v -0.276898 1.963534 0.260522
v -0.329995 1.963534 0.218604
v -0.373064 1.963534 0.170044
v -0.404798 1.963534 0.116317
v -0.424233 1.963534 0.059056
v -0.430777 1.963534 0.000000
v -0.424233 1.963534 -0.059056
v -0.404798 1.963534 -0.116317
v -0.373064 1.963534 -0.170044
v -0.329995 1.963534 -0.218604
v -0.276898 1.963534 -0.260522
v -0.215389 1.963534 -0.294524
v -0.147334 1.963534 -0.319578
v -0.074804 1.963534 -0.334921
v -0.000000 1.963534 -0.340087
v 0.074804 1.963534 -0.334921
v 0.147334 1.963534 -0.319578
v 0.215389 1.963534 -0.294524
v 0.276898 1.963534 -0.260522
v 0.329995 1.963534 -0.218604
v 0.373064 1.963534 -0.170044
v 0.404798 1.963534 -0.116317
v 0.424233 1.963534 -0.059056
v 0.479515 1.868732 0.000000
v 0.472230 1.868732 0.065737
v 0.450596 1.868732 0.129477
v 0.415272 1.868732 0.189282
v 0.367329 1.868732 0.243336
v 0.308226 1.868732 0.289997
v 0.239757 1.868732 0.327846
v 0.164004 1.868732 0.355734
v 0.083267 1.868732 0.372813
v 0.000000 1.868732 0.378564
v -0.083267 1.868732 0.372813
v -0.164004 1.868732 0.355734
v -0.239757 1.868732 0.327846
v -0.308226 1.868732 0.289997
v -0.367329 1.868732 0.243336
v -0.415272 1.868732 0.189282
v -0.450596 1.868732 0.129477
v -0.472230 1.868732 0.065737
v -0.479515 1.868732 0.000000
v -0.472230 1.868732 -0.065737
v -0.450596 1.868732 -0.129477
v -0.415272 1.868732 -0.189282
v -0.367329 1.868732 -0.243336
v -0.308226 1.868732 -0.289997
v -0.239757 1.868732 -0.327846
v -0.164004 1.868732 -0.355734
v -0.083267 1.868732 -0.372813
v -0.000000 1.868732 -0.378564
v 0.083267 1.868732 -0.372813
v 0.164004 1.868732 -0.355734
v 0.239757 1.868732 -0.327846
v 0.308226 1.868732 -0.289997
v 0.367329 1.868732 -0.243336
v 0.415272 1.868732 -0.189282
v 0.450596 1.868732 -0.129477
v 0.472230 1.868732 -0.065737
v 0.518490 1.764794 0.000000
v 0.510613 1.764794 0.071080
v 0.487221 1.764794 0.140001
v 0.449026 1.764794 0.204667
v 0.397187 1.764794 0.263115
v 0.333279 1.764794 0.313568
v 0.259245 1.764794 0.354494
v 0.177334 1.764794 0.384649
v 0.090035 1.764794 0.403116
v 0.000000 1.764794 0.409334
v -0.090035 1.764794 0.403116
v -0.177334 1.764794 0.384649
v -0.259245 1.764794 0.354494
v -0.333279 1.764794 0.313568
v -0.397187 1.764794 0.263115
v -0.449026 1.764794 0.204667
v -0.487221 1.764794 0.140001
v -0.510613 1.764794 0.071080
v -0.518490 1.764794 0.000000
v -0.510613 1.764794 -0.071080
v -0.487221 1.764794 -0.140001
v -0.449026 1.764794 -0.204667
v -0.397187 1.764794 -0.263115
v -0.333279 1.764794 -0.313568
v -0.259245 1.764794 -0.354494
v -0.177334 1.764794 -0.384649
v -0.090035 1.764794 -0.403116
v -0.000000 1.764794 -0.409334
v 0.090035 1.764794 -0.403116
v 0.177334 1.764794 -0.384649
v 0.259245 1.764794 -0.354494
v 0.333279 1.764794 -0.313568
v 0.397187 1.764794 -0.263115
v 0.449026 1.764794 -0.204667
v 0.487221 1.764794 -0.140001
v 0.510613 1.764794 -0.071080
v 0.546911 1.653838 0.000000
v 0.538602 1.653838 0.074976
v 0.513928 1.653838 0.147675
v 0.473639 1.653838 0.215886
v 0.418958 1.653838 0.277538
v 0.351548 1.653838 0.330756
v 0.273455 1.653838 0.373925
v 0.187055 1.653838 0.405733
v 0.094970 1.653838 0.425212
v 0.000000 1.653838 0.431772
v -0.094970 1.653838 0.425212
v -0.187055 1.653838 0.405733
v -0.273455 1.653838 0.373925
v -0.351548 1.653838 0.330756
v -0.418958 1.653838 0.277538
v -0.473639 1.653838 0.215886
v -0.513928 1.653838 0.147675
v -0.538602 1.653838 0.074976
v -0.546911 1.653838 0.000000
v -0.538602 1.653838 -0.074976
v -0.513928 1.653838 -0.147675
v -0.473639 1.653838 -0.215886
v -0.418958 1.653838 -0.277538
v -0.351548 1.653838 -0.330756
v -0.273455 1.653838 -0.373925
v -0.187055 1.653838 -0.405733
v -0.094970 1.653838 -0.425212
v -0.000000 1.653838 -0.431772
v 0.094970 1.653838 -0.425212
v 0.187055 1.653838 -0.405733
v 0.273455 1.653838 -0.373925
v 0.351548 1.653838 -0.330756
v 0.418958 1.653838 -0.277538
v 0.473639 1.653838 -0.215886
v 0.513928 1.653838 -0.147675
v 0.538602 1.653838 -0.074976
v 0.564198 1.538121 0.000000
v 0.555627 1.538121 0.077346
v 0.530173 1.538121 0.152342
v 0.488610 1.538121 0.222710
v 0.432201 1.538121 0.286310
v 0.362660 1.538121 0.341211
v 0.282099 1.538121 0.385745
v 0.192967 1.538121 0.418558
v 0.097972 1.538121 0.438653
v 0.000000 1.538121 0.445420
v -0.097972 1.538121 0.438653
v -0.192967 1.538121 0.418558
v -0.282099 1.538121 0.385745
v -0.362660 1.538121 0.341211
v -0.432201 1.538121 0.286310
v -0.488610 1.538121 0.222710
v -0.530173 1.538121 0.152342
v -0.555627 1.538121 0.077346
v -0.564198 1.538121 0.000000
v -0.555627 1.538121 -0.077346
v -0.530173 1.538121 -0.152342
v -0.488610 1.538121 -0.222710
v -0.432201 1.538121 -0.286310
v -0.362660 1.538121 -0.341211
v -0.282099 1.538121 -0.385745
v -0.192967 1.538121 -0.418558
v -0.097972 1.538121 -0.438653
v -0.000000 1.538121 -0.445420
v 0.097972 1.538121 -0.438653
v 0.192967 1.538121 -0.418558
v 0.282099 1.538121 -0.385745
v 0.362660 1.538121 -0.341211
v 0.432201 1.538121 -0.286310
v 0.488610 1.538121 -0.222710
v 0.530173 1.538121 -0.152342
v 0.555627 1.538121 -0.077346
v 0.570000 1.420000 0.000000
v 0.561340 1.420000 0.078142
v 0.535625 1.420000 0.153909
v 0.493634 1.420000 0.225000
v 0.436645 1.420000 0.289254
v 0.366389 1.420000 0.344720
v 0.285000 1.420000 0.389711
v 0.194951 1.420000 0.422862
v 0.098979 1.420000 0.443163
v 0.000000 1.420000 0.450000
v -0.098979 1.420000 0.443163
v -0.194951 1.420000 0.422862
v -0.285000 1.420000 0.389711
v -0.366389 1.420000 0.344720
v -0.436645 1.420000 0.289254
v -0.493634 1.420000 0.225000
v -0.535625 1.420000 0.153909
v -0.561340 1.420000 0.078142
v -0.570000 1.420000 0.000000
v -0.561340 1.420000 -0.078142
v -0.535625 1.420000 -0.153909
v -0.493634 1.420000 -0.225000
v -0.436645 1.420000 -0.289254
v -0.366389 1.420000 -0.344720
v -0.285000 1.420000 -0.389711
v -0.194951 1.420000 -0.422862
v -0.098979 1.420000 -0.443163
v -0.000000 1.420000 -0.450000
v 0.098979 1.420000 -0.443163
v 0.194951 1.420000 -0.422862
v 0.285000 1.420000 -0.389711
v 0.366389 1.420000 -0.344720
v 0.436645 1.420000 -0.289254
v 0.493634 1.420000 -0.225000
v 0.535625 1.420000 -0.153909
v 0.561340 1.420000 -0.078142
v 0.564198 1.301879 0.000000
v 0.555627 1.301879 0.077346
v 0.530173 1.301879 0.152342
v 0.488610 1.301879 0.222710
v 0.432201 1.301879 0.286310
v 0.362660 1.301879 0.341211
v 0.282099 1.301879 0.385745
v 0.192967 1.301879 0.418558
v 0.097972 1.301879 0.438653
v 0.000000 1.301879 0.445420
v -0.097972 1.301879 0.438653
v -0.192967 1.301879 0.418558
v -0.282099 1.301879 0.385745
v -0.362660 1.301879 0.341211
v -0.432201 1.301879 0.286310
v -0.488610 1.301879 0.222710
v -0.530173 1.301879 0.152342
v -0.555627 1.301879 0.077346
v -0.564198 1.301879 0.000000
v -0.555627 1.301879 -0.077346
v -0.530173 1.301879 -0.152342
v -0.488610 1.301879 -0.222710
v -0.432201 1.301879 -0.286310
v -0.362660 1.301879 -0.341211
v -0.282099 1.301879 -0.385745
v -0.192967 1.301879 -0.418558
v -0.097972 1.301879 -0.438653
v -0.000000 1.301879 -0.445420
v 0.097972 1.301879 -0.438653
v 0.192967 1.301879 -0.418558
v 0.282099 1.301879 -0.385745
v 0.362660 1.301879 -0.341211
v 0.432201 1.301879 -0.286310
v 0.488610 1.301879 -0.222710
v 0.530173 1.301879 -0.152342
v 0.555627 1.301879 -0.077346
v 0.546911 1.186162 0.000000
v 0.538602 1.186162 0.074976
v 0.513928 1.186162 0.147675
v 0.473639 1.186162 0.215886
v 0.418958 1.186162 0.277538
v 0.351548 1.186162 0.330756
v 0.273455 1.186162 0.373925
v 0.187055 1.186162 0.405733
v 0.094970 1.186162 0.425212
v 0.000000 1.186162 0.431772
v -0.094970 1.186162 0.425212
v -0.187055 1.186162 0.405733
v -0.273455 1.186162 0.373925
v -0.351548 1.186162 0.330756
v -0.418958 1.186162 0.277538
v -0.473639 1.186162 0.215886
v -0.513928 1.186162 0.147675
v -0.538602 1.186162 0.074976
v -0.546911 1.186162 0.000000
v -0.538602 1.186162 -0.074976
v -0.513928 1.186162 -0.147675
v -0.473639 1.186162 -0.215886
v -0.418958 1.186162 -0.277538
v -0.351548 1.186162 -0.330756
v -0.273455 1.186162 -0.373925
v -0.187055 1.186162 -0.405733
v -0.094970 1.186162 -0.425212
v -0.000000 1.186162 -0.431772
v 0.094970 1.186162 -0.425212
v 0.187055 1.186162 -0.405733
v 0.273455 1.186162 -0.373925
v 0.351548 1.186162 -0.330756
v 0.418958 1.186162 -0.277538
v 0.473639 1.186162 -0.215886
v 0.513928 1.186162 -0.147675
v 0.538602 1.186162 -0.074976
v 0.518490 1.075206 0.000000
v 0.510613 1.075206 0.071080
v 0.487221 1.075206 0.140001
v 0.449026 1.075206 0.204667
v 0.397187 1.075206 0.263115
v 0.333279 1.075206 0.313568
v 0.259245 1.075206 0.354494
v 0.177334 1.075206 0.384649
v 0.090035 1.075206 0.403116
v 0.000000 1.075206 0.409334
v -0.090035 1.075206 0.403116
v -0.177334 1.075206 0.384649
v -0.259245 1.075206 0.354494
v -0.333279 1.075206 0.313568
v -0.397187 1.075206 0.263115
v -0.449026 1.075206 0.204667
v -0.487221 1.075206 0.140001
v -0.510613 1.075206 0.071080
v -0.518490 1.075206 0.000000
v -0.510613 1.075206 -0.071080
v -0.487221 1.075206 -0.140001
v -0.449026 1.075206 -0.204667
v -0.397187 1.075206 -0.263115
v -0.333279 1.075206 -0.313568
v -0.259245 1.075206 -0.354494
v -0.177334 1.075206 -0.384649
v -0.090035 1.075206 -0.403116
v -0.000000 1.075206 -0.409334
v 0.090035 1.075206 -0.403116
v 0.177334 1.075206 -0.384649
v 0.259245 1.075206 -0.354494
v 0.333279 1.075206 -0.313568
v 0.397187 1.075206 -0.263115
v 0.449026 1.075206 -0.204667
v 0.487221 1.075206 -0.140001
v 0.510613 1.075206 -0.071080
v 0.479515 0.971268 0.000000
v 0.472230 0.971268 0.065737
v 0.450596 0.971268 0.129477
v 0.415272 0.971268 0.189282
v 0.367329 0.971268 0.243336
v 0.308226 0.971268 0.289997
v 0.239757 0.971268 0.327846
v 0.164004 0.971268 0.355734
v 0.083267 0.971268 0.372813
v 0.000000 0.971268 0.378564
v -0.083267 0.971268 0.372813
v -0.164004 0.971268 0.355734
v -0.239757 0.971268 0.327846
v -0.308226 0.971268 0.289997
v -0.367329 0.971268 0.243336
v -0.415272 0.971268 0.189282
v -0.450596 0.971268 0.129477
v -0.472230 0.971268 0.065737
v -0.479515 0.971268 0.000000
v -0.472230 0.971268 -0.065737
v -0.450596 0.971268 -0.129477
v -0.415272 0.971268 -0.189282
v -0.367329 0.971268 -0.243336
v -0.308226 0.971268 -0.289997
v -0.239757 0.971268 -0.327846
v -0.164004 0.971268 -0.355734
v -0.083267 0.971268 -0.372813
v -0.000000 0.971268 -0.378564
v 0.083267 0.971268 -0.372813
v 0.164004 0.971268 -0.355734
v 0.239757 0.971268 -0.327846
v 0.308226 0.971268 -0.289997
v 0.367329 0.971268 -0.243336
v 0.415272 0.971268 -0.189282
v 0.450596 0.971268 -0.129477
v 0.472230 0.971268 -0.065737
v 0.430777 0.876466 0.000000
v 0.424233 0.876466 0.059056
v 0.404798 0.876466 0.116317
v 0.373064 0.876466 0.170044
v 0.329995 0.876466 0.218604
v 0.276898 0.876466 0.260522
v 0.215389 0.876466 0.294524
v 0.147334 0.876466 0.319578
v 0.074804 0.876466 0.334921
v 0.000000 0.876466 0.340087
v -0.074804 0.876466 0.334921
v -0.147334 0.876466 0.319578
v -0.215389 0.876466 0.294524
v -0.276898 0.876466 0.260522
v -0.329995 0.876466 0.218604
v -0.373064 0.876466 0.170044
v -0.404798 0.876466 0.116317
v -0.424233 0.876466 0.059056
v -0.430777 0.876466 0.000000
v -0.424233 0.876466 -0.059056
v -0.404798 0.876466 -0.116317
v -0.373064 0.876466 -0.170044
v -0.329995 0.876466 -0.218604
v -0.276898 0.876466 -0.260522
v -0.215389 0.876466 -0.294524
v -0.147334 0.876466 -0.319578
v -0.074804 0.876466 -0.334921
v -0.000000 0.876466 -0.340087
v 0.074804 0.876466 -0.334921
v 0.147334 0.876466 -0.319578
v 0.215389 0.876466 -0.294524
v 0.276898 0.876466 -0.260522
v 0.329995 0.876466 -0.218604
v 0.373064 0.876466 -0.170044
v 0.404798 0.876466 -0.116317
v 0.424233 0.876466 -0.059056
v 0.373271 0.792728 0.000000
v 0.367600 0.792728 0.051172
v 0.350760 0.792728 0.100789
v 0.323262 0.792728 0.147344
v 0.285942 0.792728 0.189421
v 0.239934 0.792728 0.225744
v 0.186635 0.792728 0.255207
v 0.127666 0.792728 0.276916
v 0.064818 0.792728 0.290210
v 0.000000 0.792728 0.294687
v -0.064818 0.792728 0.290210
v -0.127666 0.792728 0.276916
v -0.186635 0.792728 0.255207
v -0.239934 0.792728 0.225744
v -0.285942 0.792728 0.189421
v -0.323262 0.792728 0.147344
v -0.350760 0.792728 0.100789
v -0.367600 0.792728 0.051172
v -0.373271 0.792728 0.000000
v -0.367600 0.792728 -0.051172
v -0.350760 0.792728 -0.100789
v -0.323262 0.792728 -0.147344
v -0.285942 0.792728 -0.189421
v -0.239934 0.792728 -0.225744
v -0.186635 0.792728 -0.255207
v -0.127666 0.792728 -0.276916
v -0.064818 0.792728 -0.290210
v -0.000000 0.792728 -0.294687
v 0.064818 0.792728 -0.290210
v 0.127666 0.792728 -0.276916
v 0.186635 0.792728 -0.255207
v 0.239934 0.792728 -0.225744
v 0.285942 0.792728 -0.189421
v 0.323262 0.792728 -0.147344
v 0.350760 0.792728 -0.100789
v 0.367600 0.792728 -0.051172
v 0.308165 0.721760 0.000000
v 0.303484 0.721760 0.042247
v 0.289581 0.721760 0.083210
v 0.266879 0.721760 0.121644
v 0.236068 0.721760 0.156383
v 0.198085 0.721760 0.186370
v 0.154083 0.721760 0.210694
v 0.105399 0.721760 0.228616
v 0.053512 0.721760 0.239592
v 0.000000 0.721760 0.243288
v -0.053512 0.721760 0.239592
v -0.105399 0.721760 0.228616
v -0.154083 0.721760 0.210694
v -0.198085 0.721760 0.186370
v -0.236068 0.721760 0.156383
v -0.266879 0.721760 0.121644
v -0.289581 0.721760 0.083210
v -0.303484 0.721760 0.042247
v -0.308165 0.721760 0.000000
v -0.303484 0.721760 -0.042247
v -0.289581 0.721760 -0.083210
v -0.266879 0.721760 -0.121644
v -0.236068 0.721760 -0.156383
v -0.198085 0.721760 -0.186370
v -0.154083 0.721760 -0.210694
v -0.105399 0.721760 -0.228616
v -0.053512 0.721760 -0.239592
v -0.000000 0.721760 -0.243288
v 0.053512 0.721760 -0.239592
v 0.105399 0.721760 -0.228616
v 0.154083 0.721760 -0.210694
v 0.198085 0.721760 -0.186370
v 0.236068 0.721760 -0.156383
v 0.266879 0.721760 -0.121644
v 0.289581 0.721760 -0.083210
v 0.303484 0.721760 -0.042247
v 0.236787 0.665005 0.000000
v 0.233189 0.665005 0.032461
v 0.222507 0.665005 0.063936
v 0.205063 0.665005 0.093468
v 0.181389 0.665005 0.120161
v 0.152203 0.665005 0.143202
v 0.118393 0.665005 0.161892
v 0.080986 0.665005 0.175663
v 0.041118 0.665005 0.184097
v 0.000000 0.665005 0.186937
v -0.041118 0.665005 0.184097
v -0.080986 0.665005 0.175663
v -0.118393 0.665005 0.161892
v -0.152203 0.665005 0.143202
v -0.181389 0.665005 0.120161
v -0.205063 0.665005 0.093468
v -0.222507 0.665005 0.063936
v -0.233189 0.665005 0.032461
v -0.236787 0.665005 0.000000
v -0.233189 0.665005 -0.032461
v -0.222507 0.665005 -0.063936
v -0.205063 0.665005 -0.093468
v -0.181389 0.665005 -0.120161
v -0.152203 0.665005 -0.143202
v -0.118393 0.665005 -0.161892
v -0.080986 0.665005 -0.175663
v -0.041118 0.665005 -0.184097
v -0.000000 0.665005 -0.186937
v 0.041118 0.665005 -0.184097
v 0.080986 0.665005 -0.175663
v 0.118393 0.665005 -0.161892
v 0.152203 0.665005 -0.143202
v 0.181389 0.665005 -0.120161
v 0.205063 0.665005 -0.093468
v 0.222507 0.665005 -0.063936
v 0.233189 0.665005 -0.032461
v 0.160588 0.623621 0.000000
v 0.158148 0.623621 0.022015
v 0.150903 0.623621 0.043361
v 0.139073 0.623621 0.063390
v 0.123017 0.623621 0.081492
v 0.103224 0.623621 0.097119
v 0.080294 0.623621 0.109794
v 0.054924 0.623621 0.119134
v 0.027886 0.623621 0.124854
v 0.000000 0.623621 0.126780
v -0.027886 0.623621 0.124854
v -0.054924 0.623621 0.119134
v -0.080294 0.623621 0.109794
v -0.103224 0.623621 0.097119
v -0.123017 0.623621 0.081492
v -0.139073 0.623621 0.063390
v -0.150903 0.623621 0.043361
v -0.158148 0.623621 0.022015
v -0.160588 0.623621 0.000000
v -0.158148 0.623621 -0.022015
v -0.150903 0.623621 -0.043361
v -0.139073 0.623621 -0.063390
v -0.123017 0.623621 -0.081492
v -0.103224 0.623621 -0.097119
v -0.080294 0.623621 -0.109794
v -0.054924 0.623621 -0.119134
v -0.027886 0.623621 -0.124854
v -0.000000 0.623621 -0.126780
v 0.027886 0.623621 -0.124854
v 0.054924 0.623621 -0.119134
v 0.080294 0.623621 -0.109794
v 0.103224 0.623621 -0.097119
v 0.123017 0.623621 -0.081492
v 0.139073 0.623621 -0.063390
v 0.150903 0.623621 -0.043361
v 0.158148 0.623621 -0.022015
v 0.081119 0.598448 0.000000
v 0.079887 0.598448 0.011121
v 0.076227 0.598448 0.021904
v 0.070252 0.598448 0.032021
v 0.062141 0.598448 0.041165
v 0.052143 0.598448 0.049059
v 0.040560 0.598448 0.055462
v 0.027744 0.598448 0.060179
v 0.014086 0.598448 0.063069
v 0.000000 0.598448 0.064042
v -0.014086 0.598448 0.063069
v -0.027744 0.598448 0.060179
v -0.040560 0.598448 0.055462
v -0.052143 0.598448 0.049059
v -0.062141 0.598448 0.041165
v -0.070252 0.598448 0.032021
v -0.076227 0.598448 0.021904
v -0.079887 0.598448 0.011121
v -0.081119 0.598448 0.000000
v -0.079887 0.598448 -0.011121
v -0.076227 0.598448 -0.021904
v -0.070252 0.598448 -0.032021
v -0.062141 0.598448 -0.041165
v -0.052143 0.598448 -0.049059
v -0.040560 0.598448 -0.055462
v -0.027744 0.598448 -0.060179
v -0.014086 0.598448 -0.063069
v -0.000000 0.598448 -0.064042
v 0.014086 0.598448 -0.063069
v 0.027744 0.598448 -0.060179
v 0.040560 0.598448 -0.055462
v 0.052143 0.598448 -0.049059
v 0.062141 0.598448 -0.041165
v 0.070252 0.598448 -0.032021
v 0.076227 0.598448 -0.021904
v 0.079887 0.598448 -0.011121
v 0.000000 0.590000 0.000000
v 0.000000 0.590000 0.000000
v 0.000000 0.590000 0.000000
v 0.000000 0.590000 0.000000
v 0.000000 0.590000 0.000000
v 0.000000 0.590000 0.000000
v 0.000000 0.590000 0.000000
v 0.000000 0.590000 0.000000
v 0.000000 0.590000 0.000000
v 0.000000 0.590000 0.000000
v -0.000000 0.590000 0.000000
v -0.000000 0.590000 0.000000
v -0.000000 0.590000 0.000000
v -0.000000 0.590000 0.000000
v -0.000000 0.590000 0.000000
v -0.000000 0.590000 0.000000
v -0.000000 0.590000 0.000000
v -0.000000 0.590000 0.000000
v -0.000000 0.590000 0.000000
v -0.000000 0.590000 -0.000000
v -0.000000 0.590000 -0.000000
v -0.000000 0.590000 -0.000000
v -0.000000 0.590000 -0.000000
v -0.000000 0.590000 -0.000000
v -0.000000 0.590000 -0.000000
v -0.000000 0.590000 -0.000000
v -0.000000 0.590000 -0.000000
v -0.000000 0.590000 -0.000000
v 0.000000 0.590000 -0.000000
v 0.000000 0.590000 -0.000000
v 0.000000 0.590000 -0.000000
v 0.000000 0.590000 -0.000000
v 0.000000 0.590000 -0.000000
v 0.000000 0.590000 -0.000000
v 0.000000 0.590000 -0.000000
v 0.000000 0.590000 -0.000000
v -0.820000 2.870000 0.000000
v -0.820000 2.870000 0.000000
v -0.820000 2.870000 0.000000
v -0.820000 2.870000 0.000000
v -0.820000 2.870000 0.000000
v -0.820000 2.870000 0.000000
v -0.820000 2.870000 0.000000
v -0.820000 2.870000 0.000000
v -0.820000 2.870000 0.000000
v -0.820000 2.870000 0.000000
v -0.820000 2.870000 0.000000
v -0.820000 2.870000 0.000000
v -0.820000 2.870000 0.000000
v -0.820000 2.870000 0.000000
v -0.820000 2.870000 0.000000
v -0.820000 2.870000 0.000000
v -0.820000 2.870000 0.000000
v -0.820000 2.870000 0.000000
v -0.820000 2.870000 0.000000
v -0.820000 2.870000 0.000000
v -0.820000 2.870000 0.000000
v -0.820000 2.870000 0.000000
v -0.820000 2.870000 0.000000
v -0.820000 2.870000 0.000000
v -0.784884 2.864428 0.000000
v -0.786080 2.864428 0.006564
v -0.789588 2.864428 0.012681
v -0.795169 2.864428 0.017933
v -0.802442 2.864428 0.021964
v -0.810911 2.864428 0.024498
v -0.820000 2.864428 0.025362
v -0.829089 2.864428 0.024498
v -0.837558 2.864428 0.021964
v -0.844831 2.864428 0.017933
v -0.850412 2.864428 0.012681
v -0.853920 2.864428 0.006564
v -0.855116 2.864428 0.000000
v -0.853920 2.864428 -0.006564
v -0.850412 2.864428 -0.012681
v -0.844831 2.864428 -0.017933
v -0.837558 2.864428 -0.021964
v -0.829089 2.864428 -0.024498
v -0.820000 2.864428 -0.025362
v -0.810911 2.864428 -0.024498
v -0.802442 2.864428 -0.021964
v -0.795169 2.864428 -0.017933
v -0.789588 2.864428 -0.012681
v -0.786080 2.864428 -0.006564
v -0.751117 2.847925 0.000000
v -0.753464 2.847925 0.012876
v -0.760346 2.847925 0.024874
v -0.771292 2.847925 0.035178
v -0.785558 2.847925 0.043084
v -0.802172 2.847925 0.048054
v -0.820000 2.847925 0.049749
v -0.837828 2.847925 0.048054
v -0.854442 2.847925 0.043084
v -0.868708 2.847925 0.035178
v -0.879654 2.847925 0.024874
v -0.886536 2.847925 0.012876
v -0.888883 2.847925 0.000000
v -0.886536 2.847925 -0.012876
v -0.879654 2.847925 -0.024874
v -0.868708 2.847925 -0.035178
v -0.854442 2.847925 -0.043084
v -0.837828 2.847925 -0.048054
v -0.820000 2.847925 -0.049749
v -0.802172 2.847925 -0.048054
v -0.785558 2.847925 -0.043084
v -0.771292 2.847925 -0.035178
v -0.760346 2.847925 -0.024874
v -0.753464 2.847925 -0.012876
v -0.719997 2.821126 0.000000
v -0.723405 2.821126 0.018693
v -0.733395 2.821126 0.036112
v -0.749287 2.821126 0.051070
v -0.769999 2.821126 0.062548
v -0.794117 2.821126 0.069763
v -0.820000 2.821126 0.072224
v -0.845883 2.821126 0.069763
v -0.870001 2.821126 0.062548
v -0.890713 2.821126 0.051070
v -0.906605 2.821126 0.036112
v -0.916595 2.821126 0.018693
v -0.920003 2.821126 0.000000
v -0.916595 2.821126 -0.018693
v -0.906605 2.821126 -0.036112
v -0.890713 2.821126 -0.051070
v -0.870001 2.821126 -0.062548
v -0.845883 2.821126 -0.069763
v -0.820000 2.821126 -0.072224
v -0.794117 2.821126 -0.069763
v -0.769999 2.821126 -0.062548
v -0.749287 2.821126 -0.051070
v -0.733395 2.821126 -0.036112
v -0.723405 2.821126 -0.018693
v -0.692721 2.785061 0.000000
v -0.697058 2.785061 0.023792
v -0.709773 2.785061 0.045962
v -0.730000 2.785061 0.065000
v -0.756360 2.785061 0.079608
v -0.787058 2.785061 0.088792
v -0.820000 2.785061 0.091924
v -0.852942 2.785061 0.088792
v -0.883640 2.785061 0.079608
v -0.910000 2.785061 0.065000
v -0.930227 2.785061 0.045962
v -0.942942 2.785061 0.023792
v -0.947279 2.785061 0.000000
v -0.942942 2.785061 -0.023792
v -0.930227 2.785061 -0.045962
v -0.910000 2.785061 -0.065000
v -0.883640 2.785061 -0.079608
v -0.852942 2.785061 -0.088792
v -0.820000 2.785061 -0.091924
v -0.787058 2.785061 -0.088792
v -0.756360 2.785061 -0.079608
v -0.730000 2.785061 -0.065000
v -0.709773 2.785061 -0.045962
v -0.697058 2.785061 -0.023792
v -0.670335 2.741115 0.000000
v -0.675435 2.741115 0.027976
v -0.690387 2.741115 0.054046
v -0.714171 2.741115 0.076432
v -0.745168 2.741115 0.093610
v -0.781264 2.741115 0.104408
v -0.820000 2.741115 0.108091
v -0.858736 2.741115 0.104408
v -0.894832 2.741115 0.093610
v -0.925829 2.741115 0.076432
v -0.949613 2.741115 0.054046
v -0.964565 2.741115 0.027976
v -0.969665 2.741115 0.000000
v -0.964565 2.741115 -0.027976
v -0.949613 2.741115 -0.054046
v -0.925829 2.741115 -0.076432
v -0.894832 2.741115 -0.093610
v -0.858736 2.741115 -0.104408
v -0.820000 2.741115 -0.108091
v -0.781264 2.741115 -0.104408
v -0.745168 2.741115 -0.093610
v -0.714171 2.741115 -0.076432
v -0.690387 2.741115 -0.054046
v -0.675435 2.741115 -0.027976
v -0.653702 2.690978 0.000000
v -0.659368 2.690978 0.031085
v -0.675981 2.690978 0.060052
v -0.702409 2.690978 0.084927
v -0.736851 2.690978 0.104013
v -0.776959 2.690978 0.116012
v -0.820000 2.690978 0.120104
v -0.863041 2.690978 0.116012
v -0.903149 2.690978 0.104013
v -0.937591 2.690978 0.084927
v -0.964019 2.690978 0.060052
v -0.980632 2.690978 0.031085
v -0.986298 2.690978 0.000000
v -0.980632 2.690978 -0.031085
v -0.964019 2.690978 -0.060052
v -0.937591 2.690978 -0.084927
v -0.903149 2.690978 -0.104013
v -0.863041 2.690978 -0.116012
v -0.820000 2.690978 -0.120104
v -0.776959 2.690978 -0.116012
v -0.736851 2.690978 -0.104013
v -0.702409 2.690978 -0.084927
v -0.675981 2.690978 -0.060052
v -0.659368 2.690978 -0.031085
v -0.643459 2.636576 0.000000
v -0.649474 2.636576 0.033000
v -0.667111 2.636576 0.063751
v -0.695166 2.636576 0.090158
v -0.731729 2.636576 0.110420
v -0.774308 2.636576 0.123158
v -0.820000 2.636576 0.127502
v -0.865692 2.636576 0.123158
v -0.908271 2.636576 0.110420
v -0.944834 2.636576 0.090158
v -0.972889 2.636576 0.063751
v -0.990526 2.636576 0.033000
v -0.996541 2.636576 0.000000
v -0.990526 2.636576 -0.033000
v -0.972889 2.636576 -0.063751
v -0.944834 2.636576 -0.090158
v -0.908271 2.636576 -0.110420
v -0.865692 2.636576 -0.123158
v -0.820000 2.636576 -0.127502
v -0.774308 2.636576 -0.123158
v -0.731729 2.636576 -0.110420
v -0.695166 2.636576 -0.090158
v -0.667111 2.636576 -0.063751
v -0.649474 2.636576 -0.033000
v -0.640000 2.580000 0.000000
v -0.646133 2.580000 0.033646
v -0.664115 2.580000 0.065000
v -0.692721 2.580000 0.091924
v -0.730000 2.580000 0.112583
v -0.773413 2.580000 0.125570
v -0.820000 2.580000 0.130000
v -0.866587 2.580000 0.125570
v -0.910000 2.580000 0.112583
v -0.947279 2.580000 0.091924
v -0.975885 2.580000 0.065000
v -0.993867 2.580000 0.033646
v -1.000000 2.580000 0.000000
v -0.993867 2.580000 -0.033646
v -0.975885 2.580000 -0.065000
v -0.947279 2.580000 -0.091924
v -0.910000 2.580000 -0.112583
v -0.866587 2.580000 -0.125570
v -0.820000 2.580000 -0.130000
v -0.773413 2.580000 -0.125570
v -0.730000 2.580000 -0.112583
v -0.692721 2.580000 -0.091924
v -0.664115 2.580000 -0.065000
v -0.646133 2.580000 -0.033646
v -0.643459 2.523424 0.000000
v -0.649474 2.523424 0.033000
v -0.667111 2.523424 0.063751
v -0.695166 2.523424 0.090158
v -0.731729 2.523424 0.110420
v -0.774308 2.523424 0.123158
v -0.820000 2.523424 0.127502
v -0.865692 2.523424 0.123158
v -0.908271 2.523424 0.110420
v -0.944834 2.523424 0.090158
v -0.972889 2.523424 0.063751
v -0.990526 2.523424 0.033000
v -0.996541 2.523424 0.000000
v -0.990526 2.523424 -0.033000
v -0.972889 2.523424 -0.063751
v -0.944834 2.523424 -0.090158
v -0.908271 2.523424 -0.110420
v -0.865692 2.523424 -0.123158
v -0.820000 2.523424 -0.127502
v -0.774308 2.523424 -0.123158
v -0.731729 2.523424 -0.110420
v -0.695166 2.523424 -0.090158
v -0.667111 2.523424 -0.063751
v -0.649474 2.523424 -0.033000
v -0.653702 2.469022 0.000000
v -0.659368 2.469022 0.031085
v -0.675981 2.469022 0.060052
v -0.702409 2.469022 0.084927
v -0.736851 2.469022 0.104013
v -0.776959 2.469022 0.116012
v -0.820000 2.469022 0.120104
v -0.863041 2.469022 0.116012
v -0.903149 2.469022 0.104013
v -0.937591 2.469022 0.084927
v -0.964019 2.469022 0.060052
v -0.980632 2.469022 0.031085
v -0.986298 2.469022 0.000000
v -0.980632 2.469022 -0.031085
v -0.964019 2.469022 -0.060052
v -0.937591 2.469022 -0.084927
v -0.903149 2.469022 -0.104013
v -0.863041 2.469022 -0.116012
v -0.820000 2.469022 -0.120104
v -0.776959 2.469022 -0.116012
v -0.736851 2.469022 -0.104013
v -0.702409 2.469022 -0.084927
v -0.675981 2.469022 -0.060052
v -0.659368 2.469022 -0.031085
v -0.670335 2.418885 0.000000
v -0.675435 2.418885 0.027976
v -0.690387 2.418885 0.054046
v -0.714171 2.418885 0.076432
v -0.745168 2.418885 0.093610
v -0.781264 2.418885 0.104408
v -0.820000 2.418885 0.108091
v -0.858736 2.418885 0.104408
v -0.894832 2.418885 0.093610
v -0.925829 2.418885 0.076432
v -0.949613 2.418885 0.054046
v -0.964565 2.418885 0.027976
v -0.969665 2.418885 0.000000
v -0.964565 2.418885 -0.027976
v -0.949613 2.418885 -0.054046
v -0.925829 2.418885 -0.076432
v -0.894832 2.418885 -0.093610
v -0.858736 2.418885 -0.104408
v -0.820000 2.418885 -0.108091
v -0.781264 2.418885 -0.104408
v -0.745168 2.418885 -0.093610
v -0.714171 2.418885 -0.076432
v -0.690387 2.418885 -0.054046
v -0.675435 2.418885 -0.027976
v -0.692721 2.374939 0.000000
v -0.697058 2.374939 0.023792
v -0.709773 2.374939 0.045962
v -0.730000 2.374939 0.065000
v -0.756360 2.374939 0.079608
v -0.787058 2.374939 0.088792
v -0.820000 2.374939 0.091924
v -0.852942 2.374939 0.088792
v -0.883640 2.374939 0.079608
v -0.910000 2.374939 0.065000
v -0.930227 2.374939 0.045962
v -0.942942 2.374939 0.023792
v -0.947279 2.374939 0.000000
v -0.942942 2.374939 -0.023792
v -0.930227 2.374939 -0.045962
v -0.910000 2.374939 -0.065000
v -0.883640 2.374939 -0.079608
v -0.852942 2.374939 -0.088792
v -0.820000 2.374939 -0.091924
v -0.787058 2.374939 -0.088792
v -0.756360 2.374939 -0.079608
v -0.730000 2.374939 -0.065000
v -0.709773 2.374939 -0.045962
v -0.697058 2.374939 -0.023792
v -0.719997 2.338874 0.000000
v -0.723405 2.338874 0.018693
v -0.733395 2.338874 0.036112
v -0.749287 2.338874 0.051070
v -0.769999 2.338874 0.062548
v -0.794117 2.338874 0.069763
v -0.820000 2.338874 0.072224
v -0.845883 2.338874 0.069763
v -0.870001 2.338874 0.062548
v -0.890713 2.338874 0.051070
v -0.906605 2.338874 0.036112
v -0.916595 2.338874 0.018693
v -0.920003 2.338874 0.000000
v -0.916595 2.338874 -0.018693
v -0.906605 2.338874 -0.036112
v -0.890713 2.338874 -0.051070
v -0.870001 2.338874 -0.062548
v -0.845883 2.338874 -0.069763
v -0.820000 2.338874 -0.072224
v -0.794117 2.338874 -0.069763
v -0.769999 2.338874 -0.062548
v -0.749287 2.338874 -0.051070
v -0.733395 2.338874 -0.036112
v -0.723405 2.338874 -0.018693
v -0.751117 2.312075 0.000000
v -0.753464 2.312075 0.012876
v -0.760346 2.312075 0.024874
v -0.771292 2.312075 0.035178
v -0.785558 2.312075 0.043084
v -0.802172 2.312075 0.048054
v -0.820000 2.312075 0.049749
v -0.837828 2.312075 0.048054
v -0.854442 2.312075 0.043084
v -0.868708 2.312075 0.035178
v -0.879654 2.312075 0.024874
v -0.886536 2.312075 0.012876
v -0.888883 2.312075 0.000000
v -0.886536 2.312075 -0.012876
v -0.879654 2.312075 -0.024874
v -0.868708 2.312075 -0.035178
v -0.854442 2.312075 -0.043084
v -0.837828 2.312075 -0.048054
v -0.820000 2.312075 -0.049749
v -0.802172 2.312075 -0.048054
v -0.785558 2.312075 -0.043084
v -0.771292 2.312075 -0.035178
v -0.760346 2.312075 -0.024874
v -0.753464 2.312075 -0.012876
v -0.784884 2.295572 0.000000
v -0.786080 2.295572 0.006564
v -0.789588 2.295572 0.012681
v -0.795169 2.295572 0.017933
v -0.802442 2.295572 0.021964
v -0.810911 2.295572 0.024498
v -0.820000 2.295572 0.025362
v -0.829089 2.295572 0.024498
v -0.837558 2.295572 0.021964
v -0.844831 2.295572 0.017933
v -0.850412 2.295572 0.012681
v -0.853920 2.295572 0.006564
v -0.855116 2.295572 0.000000
v -0.853920 2.295572 -0.006564
v -0.850412 2.295572 -0.012681
v -0.844831 2.295572 -0.017933
v -0.837558 2.295572 -0.021964
v -0.829089 2.295572 -0.024498
v -0.820000 2.295572 -0.025362
v -0.810911 2.295572 -0.024498
v -0.802442 2.295572 -0.021964
v -0.795169 2.295572 -0.017933
v -0.789588 2.295572 -0.012681
v -0.786080 2.295572 -0.006564
v -0.820000 2.290000 0.000000
v -0.820000 2.290000 0.000000
v -0.820000 2.290000 0.000000
v -0.820000 2.290000 0.000000
v -0.820000 2.290000 0.000000
v -0.820000 2.290000 0.000000
v -0.820000 2.290000 0.000000
v -0.820000 2.290000 0.000000
v -0.820000 2.290000 0.000000
v -0.820000 2.290000 0.000000
v -0.820000 2.290000 0.000000
v -0.820000 2.290000 0.000000
v -0.820000 2.290000 0.000000
v -0.820000 2.290000 -0.000000
v -0.820000 2.290000 -0.000000
v -0.820000 2.290000 -0.000000
v -0.820000 2.290000 -0.000000
v -0.820000 2.290000 -0.000000
v -0.820000 2.290000 -0.000000
v -0.820000 2.290000 -0.000000
v -0.820000 2.290000 -0.000000
v -0.820000 2.290000 -0.000000
v -0.820000 2.290000 -0.000000
v -0.820000 2.290000 -0.000000
v 0.820000 2.870000 0.000000
v 0.820000 2.870000 0.000000
v 0.820000 2.870000 0.000000
v 0.820000 2.870000 0.000000
v 0.820000 2.870000 0.000000
v 0.820000 2.870000 0.000000
v 0.820000 2.870000 0.000000
v 0.820000 2.870000 0.000000
v 0.820000 2.870000 0.000000
v 0.820000 2.870000 0.000000
v 0.820000 2.870000 0.000000
v 0.820000 2.870000 0.000000
v 0.820000 2.870000 0.000000
v 0.820000 2.870000 0.000000
v 0.820000 2.870000 0.000000
v 0.820000 2.870000 0.000000
v 0.820000 2.870000 0.000000
v 0.820000 2.870000 0.000000
v 0.820000 2.870000 0.000000
v 0.820000 2.870000 0.000000
v 0.820000 2.870000 0.000000
v 0.820000 2.870000 0.000000
v 0.820000 2.870000 0.000000
v 0.820000 2.870000 0.000000
v 0.855116 2.864428 0.000000
v 0.853920 2.864428 0.006564
v 0.850412 2.864428 0.012681
v 0.844831 2.864428 0.017933
v 0.837558 2.864428 0.021964
v 0.829089 2.864428 0.024498
v 0.820000 2.864428 0.025362
v 0.810911 2.864428 0.024498
v 0.802442 2.864428 0.021964
v 0.795169 2.864428 0.017933
v 0.789588 2.864428 0.012681
v 0.786080 2.864428 0.006564
v 0.784884 2.864428 0.000000
v 0.786080 2.864428 -0.006564
v 0.789588 2.864428 -0.012681
v 0.795169 2.864428 -0.017933
v 0.802442 2.864428 -0.021964
v 0.810911 2.864428 -0.024498
v 0.820000 2.864428 -0.025362
v 0.829089 2.864428 -0.024498
v 0.837558 2.864428 -0.021964
v 0.844831 2.864428 -0.017933
v 0.850412 2.864428 -0.012681
v 0.853920 2.864428 -0.006564
v 0.888883 2.847925 0.000000
v 0.886536 2.847925 0.012876
v 0.879654 2.847925 0.024874
v 0.868708 2.847925 0.035178
v 0.854442 2.847925 0.043084
v 0.837828 2.847925 0.048054
v 0.820000 2.847925 0.049749
v 0.802172 2.847925 0.048054
v 0.785558 2.847925 0.043084
v 0.771292 2.847925 0.035178
v 0.760346 2.847925 0.024874
v 0.753464 2.847925 0.012876
v 0.751117 2.847925 0.000000
v 0.753464 2.847925 -0.012876
v 0.760346 2.847925 -0.024874
v 0.771292 2.847925 -0.035178
v 0.785558 2.847925 -0.043084
v 0.802172 2.847925 -0.048054
v 0.820000 2.847925 -0.049749
v 0.837828 2.847925 -0.048054
v 0.854442 2.847925 -0.043084
v 0.868708 2.847925 -0.035178
v 0.879654 2.847925 -0.024874
v 0.886536 2.847925 -0.012876
v 0.920003 2.821126 0.000000
v 0.916595 2.821126 0.018693
v 0.906605 2.821126 0.036112
v 0.890713 2.821126 0.051070
v 0.870001 2.821126 0.062548
v 0.845883 2.821126 0.069763
v 0.820000 2.821126 0.072224
v 0.794117 2.821126 0.069763
v 0.769999 2.821126 0.062548
v 0.749287 2.821126 0.051070
v 0.733395 2.821126 0.036112
v 0.723405 2.821126 0.018693
v 0.719997 2.821126 0.000000
v 0.723405 2.821126 -0.018693
v 0.733395 2.821126 -0.036112
v 0.749287 2.821126 -0.051070
v 0.769999 2.821126 -0.062548
v 0.794117 2.821126 -0.069763
v 0.820000 2.821126 -0.072224
v 0.845883 2.821126 -0.069763
v 0.870001 2.821126 -0.062548
v 0.890713 2.821126 -0.051070
v 0.906605 2.821126 -0.036112
v 0.916595 2.821126 -0.018693
v 0.947279 2.785061 0.000000
v 0.942942 2.785061 0.023792
v 0.930227 2.785061 0.045962
v 0.910000 2.785061 0.065000
v 0.883640 2.785061 0.079608
v 0.852942 2.785061 0.088792
v 0.820000 2.785061 0.091924
v 0.787058 2.785061 0.088792
v 0.756360 2.785061 0.079608
v 0.730000 2.785061 0.065000
v 0.709773 2.785061 0.045962
v 0.697058 2.785061 0.023792
v 0.692721 2.785061 0.000000
v 0.697058 2.785061 -0.023792
v 0.709773 2.785061 -0.045962
v 0.730000 2.785061 -0.065000
v 0.756360 2.785061 -0.079608
v 0.787058 2.785061 -0.088792
v 0.820000 2.785061 -0.091924
v 0.852942 2.785061 -0.088792
v 0.883640 2.785061 -0.079608
v 0.910000 2.785061 -0.065000
v 0.930227 2.785061 -0.045962
v 0.942942 2.785061 -0.023792
v 0.969665 2.741115 0.000000
v 0.964565 2.741115 0.027976
v 0.949613 2.741115 0.054046
v 0.925829 2.741115 0.076432
v 0.894832 2.741115 0.093610
v 0.858736 2.741115 0.104408
v 0.820000 2.741115 0.108091
v 0.781264 2.741115 0.104408
v 0.745168 2.741115 0.093610
v 0.714171 2.741115 0.076432
v 0.690387 2.741115 0.054046
v 0.675435 2.741115 0.027976
v 0.670335 2.741115 0.000000
v 0.675435 2.741115 -0.027976
v 0.690387 2.741115 -0.054046
v 0.714171 2.741115 -0.076432
v 0.745168 2.741115 -0.093610
v 0.781264 2.741115 -0.104408
v 0.820000 2.741115 -0.108091
v 0.858736 2.741115 -0.104408
v 0.894832 2.741115 -0.093610
v 0.925829 2.741115 -0.076432
v 0.949613 2.741115 -0.054046
v 0.964565 2.741115 -0.027976
v 0.986298 2.690978 0.000000
v 0.980632 2.690978 0.031085
v 0.964019 2.690978 0.060052
v 0.937591 2.690978 0.084927
v 0.903149 2.690978 0.104013
v 0.863041 2.690978 0.116012
v 0.820000 2.690978 0.120104
v 0.776959 2.690978 0.116012
v 0.736851 2.690978 0.104013
v 0.702409 2.690978 0.084927
v 0.675981 2.690978 0.060052
v 0.659368 2.690978 0.031085
v 0.653702 2.690978 0.000000
v 0.659368 2.690978 -0.031085
v 0.675981 2.690978 -0.060052
v 0.702409 2.690978 -0.084927
v 0.736851 2.690978 -0.104013
v 0.776959 2.690978 -0.116012
v 0.820000 2.690978 -0.120104
v 0.863041 2.690978 -0.116012
v 0.903149 2.690978 -0.104013
v 0.937591 2.690978 -0.084927
v 0.964019 2.690978 -0.060052
v 0.980632 2.690978 -0.031085
v 0.996541 2.636576 0.000000
v 0.990526 2.636576 0.033000
v 0.972889 2.636576 0.063751
v 0.944834 2.636576 0.090158
v 0.908271 2.636576 0.110420
v 0.865692 2.636576 0.123158
v 0.820000 2.636576 0.127502
v 0.774308 2.636576 0.123158
v 0.731729 2.636576 0.110420
v 0.695166 2.636576 0.090158
v 0.667111 2.636576 0.063751
v 0.649474 2.636576 0.033000
v 0.643459 2.636576 0.000000
v 0.649474 2.636576 -0.033000
v 0.667111 2.636576 -0.063751
v 0.695166 2.636576 -0.090158
v 0.731729 2.636576 -0.110420
v 0.774308 2.636576 -0.123158
v 0.820000 2.636576 -0.127502
v 0.865692 2.636576 -0.123158
v 0.908271 2.636576 -0.110420
v 0.944834 2.636576 -0.090158
v 0.972889 2.636576 -0.063751
v 0.990526 2.636576 -0.033000
v 1.000000 2.580000 0.000000
v 0.993867 2.580000 0.033646
v 0.975885 2.580000 0.065000
v 0.947279 2.580000 0.091924
v 0.910000 2.580000 0.112583
v 0.866587 2.580000 0.125570
v 0.820000 2.580000 0.130000
v 0.773413 2.580000 0.125570
v 0.730000 2.580000 0.112583
v 0.692721 2.580000 0.091924
v 0.664115 2.580000 0.065000
v 0.646133 2.580000 0.033646
v 0.640000 2.580000 0.000000
v 0.646133 2.580000 -0.033646
v 0.664115 2.580000 -0.065000
v 0.692721 2.580000 -0.091924
v 0.730000 2.580000 -0.112583
v 0.773413 2.580000 -0.125570
v 0.820000 2.580000 -0.130000
v 0.866587 2.580000 -0.125570
v 0.910000 2.580000 -0.112583
v 0.947279 2.580000 -0.091924
v 0.975885 2.580000 -0.065000
v 0.993867 2.580000 -0.033646
v 0.996541 2.523424 0.000000
v 0.990526 2.523424 0.033000
v 0.972889 2.523424 0.063751
v 0.944834 2.523424 0.090158
v 0.908271 2.523424 0.110420
v 0.865692 2.523424 0.123158
v 0.820000 2.523424 0.127502
v 0.774308 2.523424 0.123158
v 0.731729 2.523424 0.110420
v 0.695166 2.523424 0.090158
v 0.667111 2.523424 0.063751
v 0.649474 2.523424 0.033000
v 0.643459 2.523424 0.000000
v 0.649474 2.523424 -0.033000
v 0.667111 2.523424 -0.063751
v 0.695166 2.523424 -0.090158
v 0.731729 2.523424 -0.110420
v 0.774308 2.523424 -0.123158
v 0.820000 2.523424 -0.127502
v 0.865692 2.523424 -0.123158
v 0.908271 2.523424 -0.110420
v 0.944834 2.523424 -0.090158
v 0.972889 2.523424 -0.063751
v 0.990526 2.523424 -0.033000
v 0.986298 2.469022 0.000000
v 0.980632 2.469022 0.031085
v 0.964019 2.469022 0.060052
v 0.937591 2.469022 0.084927
v 0.903149 2.469022 0.104013
v 0.863041 2.469022 0.116012
v 0.820000 2.469022 0.120104
v 0.776959 2.469022 0.116012
v 0.736851 2.469022 0.104013
v 0.702409 2.469022 0.084927
v 0.675981 2.469022 0.060052
v 0.659368 2.469022 0.031085
v 0.653702 2.469022 0.000000
v 0.659368 2.469022 -0.031085
v 0.675981 2.469022 -0.060052
v 0.702409 2.469022 -0.084927
v 0.736851 2.469022 -0.104013
v 0.776959 2.469022 -0.116012
v 0.820000 2.469022 -0.120104
v 0.863041 2.469022 -0.116012
v 0.903149 2.469022 -0.104013
v 0.937591 2.469022 -0.084927
v 0.964019 2.469022 -0.060052
v 0.980632 2.469022 -0.031085
v 0.969665 2.418885 0.000000
v 0.964565 2.418885 0.027976
v 0.949613 2.418885 0.054046
v 0.925829 2.418885 0.076432
v 0.894832 2.418885 0.093610
v 0.858736 2.418885 0.104408
v 0.820000 2.418885 0.108091
v 0.781264 2.418885 0.104408
v 0.745168 2.418885 0.093610
v 0.714171 2.418885 0.076432
v 0.690387 2.418885 0.054046
v 0.675435 2.418885 0.027976
v 0.670335 2.418885 0.000000
v 0.675435 2.418885 -0.027976
v 0.690387 2.418885 -0.054046
v 0.714171 2.418885 -0.076432
v 0.745168 2.418885 -0.093610
v 0.781264 2.418885 -0.104408
v 0.820000 2.418885 -0.108091
v 0.858736 2.418885 -0.104408
v 0.894832 2.418885 -0.093610
v 0.925829 2.418885 -0.076432
v 0.949613 2.418885 -0.054046
v 0.964565 2.418885 -0.027976
v 0.947279 2.374939 0.000000
v 0.942942 2.374939 0.023792
v 0.930227 2.374939 0.045962
v 0.910000 2.374939 0.065000
v 0.883640 2.374939 0.079608
v 0.852942 2.374939 0.088792
v 0.820000 2.374939 0.091924
v 0.787058 2.374939 0.088792
v 0.756360 2.374939 0.079608
v 0.730000 2.374939 0.065000
v 0.709773 2.374939 0.045962
v 0.697058 2.374939 0.023792
v 0.692721 2.374939 0.000000
v 0.697058 2.374939 -0.023792
v 0.709773 2.374939 -0.045962
v 0.730000 2.374939 -0.065000
v 0.756360 2.374939 -0.079608
v 0.787058 2.374939 -0.088792
v 0.820000 2.374939 -0.091924
v 0.852942 2.374939 -0.088792
v 0.883640 2.374939 -0.079608
v 0.910000 2.374939 -0.065000
v 0.930227 2.374939 -0.045962
v 0.942942 2.374939 -0.023792
v 0.920003 2.338874 0.000000
v 0.916595 2.338874 0.018693
v 0.906605 2.338874 0.036112
v 0.890713 2.338874 0.051070
v 0.870001 2.338874 0.062548
v 0.845883 2.338874 0.069763
v 0.820000 2.338874 0.072224
v 0.794117 2.338874 0.069763
v 0.769999 2.338874 0.062548
v 0.749287 2.338874 0.051070
v 0.733395 2.338874 0.036112
v 0.723405 2.338874 0.018693
v 0.719997 2.338874 0.000000
v 0.723405 2.338874 -0.018693
v 0.733395 2.338874 -0.036112
v 0.749287 2.338874 -0.051070
v 0.769999 2.338874 -0.062548
v 0.794117 2.338874 -0.069763
v 0.820000 2.338874 -0.072224
v 0.845883 2.338874 -0.069763
v 0.870001 2.338874 -0.062548
v 0.890713 2.338874 -0.051070
v 0.906605 2.338874 -0.036112
v 0.916595 2.338874 -0.018693
v 0.888883 2.312075 0.000000
v 0.886536 2.312075 0.012876
v 0.879654 2.312075 0.024874
v 0.868708 2.312075 0.035178
v 0.854442 2.312075 0.043084
v 0.837828 2.312075 0.048054
v 0.820000 2.312075 0.049749
v 0.802172 2.312075 0.048054
v 0.785558 2.312075 0.043084
v 0.771292 2.312075 0.035178
v 0.760346 2.312075 0.024874
v 0.753464 2.312075 0.012876
v 0.751117 2.312075 0.000000
v 0.753464 2.312075 -0.012876
v 0.760346 2.312075 -0.024874
v 0.771292 2.312075 -0.035178
v 0.785558 2.312075 -0.043084
v 0.802172 2.312075 -0.048054
v 0.820000 2.312075 -0.049749
v 0.837828 2.312075 -0.048054
v 0.854442 2.312075 -0.043084
v 0.868708 2.312075 -0.035178
v 0.879654 2.312075 -0.024874
v 0.886536 2.312075 -0.012876
v 0.855116 2.295572 0.000000
v 0.853920 2.295572 0.006564
v 0.850412 2.295572 0.012681
v 0.844831 2.295572 0.017933
v 0.837558 2.295572 0.021964
v 0.829089 2.295572 0.024498
v 0.820000 2.295572 0.025362
v 0.810911 2.295572 0.024498
v 0.802442 2.295572 0.021964
v 0.795169 2.295572 0.017933
v 0.789588 2.295572 0.012681
v 0.786080 2.295572 0.006564
v 0.784884 2.295572 0.000000
v 0.786080 2.295572 -0.006564
v 0.789588 2.295572 -0.012681
v 0.795169 2.295572 -0.017933
v 0.802442 2.295572 -0.021964
v 0.810911 2.295572 -0.024498
v 0.820000 2.295572 -0.025362
v 0.829089 2.295572 -0.024498
v 0.837558 2.295572 -0.021964
v 0.844831 2.295572 -0.017933
v 0.850412 2.295572 -0.012681
v 0.853920 2.295572 -0.006564
v 0.820000 2.290000 0.000000
v 0.820000 2.290000 0.000000
v 0.820000 2.290000 0.000000
v 0.820000 2.290000 0.000000
v 0.820000 2.290000 0.000000
v 0.820000 2.290000 0.000000
v 0.820000 2.290000 0.000000
v 0.820000 2.290000 0.000000
v 0.820000 2.290000 0.000000
v 0.820000 2.290000 0.000000
v 0.820000 2.290000 0.000000
v 0.820000 2.290000 0.000000
v 0.820000 2.290000 0.000000
v 0.820000 2.290000 -0.000000
v 0.820000 2.290000 -0.000000
v 0.820000 2.290000 -0.000000
v 0.820000 2.290000 -0.000000
v 0.820000 2.290000 -0.000000
v 0.820000 2.290000 -0.000000
v 0.820000 2.290000 -0.000000
v 0.820000 2.290000 -0.000000
v 0.820000 2.290000 -0.000000
v 0.820000 2.290000 -0.000000
v 0.820000 2.290000 -0.000000
v -0.845000 2.740000 0.085000
v -0.845000 2.740000 0.085000
v -0.845000 2.740000 0.085000
v -0.845000 2.740000 0.085000
v -0.845000 2.740000 0.085000
v -0.845000 2.740000 0.085000
v -0.845000 2.740000 0.085000
v -0.845000 2.740000 0.085000
v -0.845000 2.740000 0.085000
v -0.845000 2.740000 0.085000
v -0.845000 2.740000 0.085000
v -0.845000 2.740000 0.085000
v -0.845000 2.740000 0.085000
v -0.845000 2.740000 0.085000
v -0.845000 2.740000 0.085000
v -0.845000 2.740000 0.085000
v -0.845000 2.740000 0.085000
v -0.845000 2.740000 0.085000
v -0.845000 2.740000 0.085000
v -0.845000 2.740000 0.085000
v -0.823000 2.734548 0.085000
v -0.824077 2.734548 0.087799
v -0.827202 2.734548 0.090325
v -0.832069 2.734548 0.092329
v -0.838202 2.734548 0.093615
v -0.845000 2.734548 0.094059
v -0.851798 2.734548 0.093615
v -0.857931 2.734548 0.092329
v -0.862798 2.734548 0.090325
v -0.865923 2.734548 0.087799
v -0.867000 2.734548 0.085000
v -0.865923 2.734548 0.082201
v -0.862798 2.734548 0.079675
v -0.857931 2.734548 0.077671
v -0.851798 2.734548 0.076385
v -0.845000 2.734548 0.075941
v -0.838202 2.734548 0.076385
v -0.832069 2.734548 0.077671
v -0.827202 2.734548 0.079675
v -0.824077 2.734548 0.082201
v -0.802500 2.718564 0.085000
v -0.804580 2.718564 0.090408
v -0.810617 2.718564 0.095286
v -0.820019 2.718564 0.099158
v -0.831867 2.718564 0.101643
v -0.845000 2.718564 0.102500
v -0.858133 2.718564 0.101643
v -0.869981 2.718564 0.099158
v -0.879383 2.718564 0.095286
v -0.885420 2.718564 0.090408
v -0.887500 2.718564 0.085000
v -0.885420 2.718564 0.079592
v -0.879383 2.718564 0.074714
v -0.869981 2.718564 0.070842
v -0.858133 2.718564 0.068357
v -0.845000 2.718564 0.067500
v -0.831867 2.718564 0.068357
v -0.820019 2.718564 0.070842
v -0.810617 2.718564 0.074714
v -0.804580 2.718564 0.079592
v -0.784896 2.693137 0.085000
v -0.787838 2.693137 0.092648
v -0.796375 2.693137 0.099547
v -0.809672 2.693137 0.105022
v -0.826427 2.693137 0.108537
v -0.845000 2.693137 0.109749
v -0.863573 2.693137 0.108537
v -0.880328 2.693137 0.105022
v -0.893625 2.693137 0.099547
v -0.902162 2.693137 0.092648
v -0.905104 2.693137 0.085000
v -0.902162 2.693137 0.077352
v -0.893625 2.693137 0.070453
v -0.880328 2.693137 0.064978
v -0.863573 2.693137 0.061463
v -0.845000 2.693137 0.060251
v -0.826427 2.693137 0.061463
v -0.809672 2.693137 0.064978
v -0.796375 2.693137 0.070453
v -0.787838 2.693137 0.077352
v -0.771388 2.660000 0.085000
v -0.774991 2.660000 0.094367
v -0.785447 2.660000 0.102816
v -0.801732 2.660000 0.109522
v -0.822253 2.660000 0.113827
v -0.845000 2.660000 0.115311
v -0.867747 2.660000 0.113827
v -0.888268 2.660000 0.109522
v -0.904553 2.660000 0.102816
v -0.915009 2.660000 0.094367
v -0.918612 2.660000 0.085000
v -0.915009 2.660000 0.075633
v -0.904553 2.660000 0.067184
v -0.888268 2.660000 0.060478
v -0.867747 2.660000 0.056173
v -0.845000 2.660000 0.054689
v -0.822253 2.660000 0.056173
v -0.801732 2.660000 0.060478
v -0.785447 2.660000 0.067184
v -0.774991 2.660000 0.075633
v -0.762896 2.621411 0.085000
v -0.766915 2.621411 0.095447
v -0.778577 2.621411 0.104871
v -0.796741 2.621411 0.112351
v -0.819629 2.621411 0.117153
v -0.845000 2.621411 0.118807
v -0.870371 2.621411 0.117153
v -0.893259 2.621411 0.112351
v -0.911423 2.621411 0.104871
v -0.923085 2.621411 0.095447
v -0.927104 2.621411 0.085000
v -0.923085 2.621411 0.074553
v -0.911423 2.621411 0.065129
v -0.893259 2.621411 0.057649
v -0.870371 2.621411 0.052847
v -0.845000 2.621411 0.051193
v -0.819629 2.621411 0.052847
v -0.796741 2.621411 0.057649
v -0.778577 2.621411 0.065129
v -0.766915 2.621411 0.074553
v -0.760000 2.580000 0.085000
v -0.764160 2.580000 0.095816
v -0.776234 2.580000 0.105572
v -0.795038 2.580000 0.113316
v -0.818734 2.580000 0.118287
v -0.845000 2.580000 0.120000
v -0.871266 2.580000 0.118287
v -0.894962 2.580000 0.113316
v -0.913766 2.580000 0.105572
v -0.925840 2.580000 0.095816
v -0.930000 2.580000 0.085000
v -0.925840 2.580000 0.074184
v -0.913766 2.580000 0.064428
v -0.894962 2.580000 0.056684
v -0.871266 2.580000 0.051713
v -0.845000 2.580000 0.050000
v -0.818734 2.580000 0.051713
v -0.795038 2.580000 0.056684
v -0.776234 2.580000 0.064428
v -0.764160 2.580000 0.074184
v -0.762896 2.538589 0.085000
v -0.766915 2.538589 0.095447
v -0.778577 2.538589 0.104871
v -0.796741 2.538589 0.112351
v -0.819629 2.538589 0.117153
v -0.845000 2.538589 0.118807
v -0.870371 2.538589 0.117153
v -0.893259 2.538589 0.112351
v -0.911423 2.538589 0.104871
v -0.923085 2.538589 0.095447
v -0.927104 2.538589 0.085000
v -0.923085 2.538589 0.074553
v -0.911423 2.538589 0.065129
v -0.893259 2.538589 0.057649
v -0.870371 2.538589 0.052847
v -0.845000 2.538589 0.051193
v -0.819629 2.538589 0.052847
v -0.796741 2.538589 0.057649
v -0.778577 2.538589 0.065129
v -0.766915 2.538589 0.074553
v -0.771388 2.500000 0.085000
v -0.774991 2.500000 0.094367
v -0.785447 2.500000 0.102816
v -0.801732 2.500000 0.109522
v -0.822253 2.500000 0.113827
v -0.845000 2.500000 0.115311
v -0.867747 2.500000 0.113827
v -0.888268 2.500000 0.109522
v -0.904553 2.500000 0.102816
v -0.915009 2.500000 0.094367
v -0.918612 2.500000 0.085000
v -0.915009 2.500000 0.075633
v -0.904553 2.500000 0.067184
v -0.888268 2.500000 0.060478
v -0.867747 2.500000 0.056173
v -0.845000 2.500000 0.054689
v -0.822253 2.500000 0.056173
v -0.801732 2.500000 0.060478
v -0.785447 2.500000 0.067184
v -0.774991 2.500000 0.075633
v -0.784896 2.466863 0.085000
v -0.787838 2.466863 0.092648
v -0.796375 2.466863 0.099547
v -0.809672 2.466863 0.105022
v -0.826427 2.466863 0.108537
v -0.845000 2.466863 0.109749
v -0.863573 2.466863 0.108537
v -0.880328 2.466863 0.105022
v -0.893625 2.466863 0.099547
v -0.902162 2.466863 0.092648
v -0.905104 2.466863 0.085000
v -0.902162 2.466863 0.077352
v -0.893625 2.466863 0.070453
v -0.880328 2.466863 0.064978
v -0.863573 2.466863 0.061463
v -0.845000 2.466863 0.060251
v -0.826427 2.466863 0.061463
v -0.809672 2.466863 0.064978
v -0.796375 2.466863 0.070453
v -0.787838 2.466863 0.077352
v -0.802500 2.441436 0.085000
v -0.804580 2.441436 0.090408
v -0.810617 2.441436 0.095286
v -0.820019 2.441436 0.099158
v -0.831867 2.441436 0.101643
v -0.845000 2.441436 0.102500
v -0.858133 2.441436 0.101643
v -0.869981 2.441436 0.099158
v -0.879383 2.441436 0.095286
v -0.885420 2.441436 0.090408
v -0.887500 2.441436 0.085000
v -0.885420 2.441436 0.079592
v -0.879383 2.441436 0.074714
v -0.869981 2.441436 0.070842
v -0.858133 2.441436 0.068357
v -0.845000 2.441436 0.067500
v -0.831867 2.441436 0.068357
v -0.820019 2.441436 0.070842
v -0.810617 2.441436 0.074714
v -0.804580 2.441436 0.079592
v -0.823000 2.425452 0.085000
v -0.824077 2.425452 0.087799
v -0.827202 2.425452 0.090325
v -0.832069 2.425452 0.092329
v -0.838202 2.425452 0.093615
v -0.845000 2.425452 0.094059
v -0.851798 2.425452 0.093615
v -0.857931 2.425452 0.092329
v -0.862798 2.425452 0.090325
v -0.865923 2.425452 0.087799
v -0.867000 2.425452 0.085000
v -0.865923 2.425452 0.082201
v -0.862798 2.425452 0.079675
v -0.857931 2.425452 0.077671
v -0.851798 2.425452 0.076385
v -0.845000 2.425452 0.075941
v -0.838202 2.425452 0.076385
v -0.832069 2.425452 0.077671
v -0.827202 2.425452 0.079675
v -0.824077 2.425452 0.082201
v -0.845000 2.420000 0.085000
v -0.845000 2.420000 0.085000
v -0.845000 2.420000 0.085000
v -0.845000 2.420000 0.085000
v -0.845000 2.420000 0.085000
v -0.845000 2.420000 0.085000
v -0.845000 2.420000 0.085000
v -0.845000 2.420000 0.085000
v -0.845000 2.420000 0.085000
v -0.845000 2.420000 0.085000
v -0.845000 2.420000 0.085000
v -0.845000 2.420000 0.085000
v -0.845000 2.420000 0.085000
v -0.845000 2.420000 0.085000
v -0.845000 2.420000 0.085000
v -0.845000 2.420000 0.085000
v -0.845000 2.420000 0.085000
v -0.845000 2.420000 0.085000
v -0.845000 2.420000 0.085000
v -0.845000 2.420000 0.085000
v 0.845000 2.740000 0.085000
v 0.845000 2.740000 0.085000
v 0.845000 2.740000 0.085000
v 0.845000 2.740000 0.085000
v 0.845000 2.740000 0.085000
v 0.845000 2.740000 0.085000
v 0.845000 2.740000 0.085000
v 0.845000 2.740000 0.085000
v 0.845000 2.740000 0.085000
v 0.845000 2.740000 0.085000
v 0.845000 2.740000 0.085000
v 0.845000 2.740000 0.085000
v 0.845000 2.740000 0.085000
v 0.845000 2.740000 0.085000
v 0.845000 2.740000 0.085000
v 0.845000 2.740000 0.085000
v 0.845000 2.740000 0.085000
v 0.845000 2.740000 0.085000
v 0.845000 2.740000 0.085000
v 0.845000 2.740000 0.085000
v 0.867000 2.734548 0.085000
v 0.865923 2.734548 0.087799
v 0.862798 2.734548 0.090325
v 0.857931 2.734548 0.092329
v 0.851798 2.734548 0.093615
v 0.845000 2.734548 0.094059
v 0.838202 2.734548 0.093615
v 0.832069 2.734548 0.092329
v 0.827202 2.734548 0.090325
v 0.824077 2.734548 0.087799
v 0.823000 2.734548 0.085000
v 0.824077 2.734548 0.082201
v 0.827202 2.734548 0.079675
v 0.832069 2.734548 0.077671
v 0.838202 2.734548 0.076385
v 0.845000 2.734548 0.075941
v 0.851798 2.734548 0.076385
v 0.857931 2.734548 0.077671
v 0.862798 2.734548 0.079675
v 0.865923 2.734548 0.082201
v 0.887500 2.718564 0.085000
v 0.885420 2.718564 0.090408
v 0.879383 2.718564 0.095286
v 0.869981 2.718564 0.099158
v 0.858133 2.718564 0.101643
v 0.845000 2.718564 0.102500
v 0.831867 2.718564 0.101643
v 0.820019 2.718564 0.099158
v 0.810617 2.718564 0.095286
v 0.804580 2.718564 0.090408
v 0.802500 2.718564 0.085000
v 0.804580 2.718564 0.079592
v 0.810617 2.718564 0.074714
v 0.820019 2.718564 0.070842
v 0.831867 2.718564 0.068357
v 0.845000 2.718564 0.067500
v 0.858133 2.718564 0.068357
v 0.869981 2.718564 0.070842
v 0.879383 2.718564 0.074714
v 0.885420 2.718564 0.079592
v 0.905104 2.693137 0.085000
v 0.902162 2.693137 0.092648
v 0.893625 2.693137 0.099547
v 0.880328 2.693137 0.105022
v 0.863573 2.693137 0.108537
v 0.845000 2.693137 0.109749
v 0.826427 2.693137 0.108537
v 0.809672 2.693137 0.105022
v 0.796375 2.693137 0.099547
v 0.787838 2.693137 0.092648
v 0.784896 2.693137 0.085000
v 0.787838 2.693137 0.077352
v 0.796375 2.693137 0.070453
v 0.809672 2.693137 0.064978
v 0.826427 2.693137 0.061463
v 0.845000 2.693137 0.060251
v 0.863573 2.693137 0.061463
v 0.880328 2.693137 0.064978
v 0.893625 2.693137 0.070453
v 0.902162 2.693137 0.077352
v 0.918612 2.660000 0.085000
v 0.915009 2.660000 0.094367
v 0.904553 2.660000 0.102816
v 0.888268 2.660000 0.109522
v 0.867747 2.660000 0.113827
v 0.845000 2.660000 0.115311
v 0.822253 2.660000 0.113827
v 0.801732 2.660000 0.109522
v 0.785447 2.660000 0.102816
v 0.774991 2.660000 0.094367
v 0.771388 2.660000 0.085000
v 0.774991 2.660000 0.075633
v 0.785447 2.660000 0.067184
v 0.801732 2.660000 0.060478
v 0.822253 2.660000 0.056173
v 0.845000 2.660000 0.054689
v 0.867747 2.660000 0.056173
v 0.888268 2.660000 0.060478
v 0.904553 2.660000 0.067184
v 0.915009 2.660000 0.075633
v 0.927104 2.621411 0.085000
v 0.923085 2.621411 0.095447
v 0.911423 2.621411 0.104871
v 0.893259 2.621411 0.112351
v 0.870371 2.621411 0.117153
v 0.845000 2.621411 0.118807
v 0.819629 2.621411 0.117153
v 0.796741 2.621411 0.112351
v 0.778577 2.621411 0.104871
v 0.766915 2.621411 0.095447
v 0.762896 2.621411 0.085000
v 0.766915 2.621411 0.074553
v 0.778577 2.621411 0.065129
v 0.796741 2.621411 0.057649
v 0.819629 2.621411 0.052847
v 0.845000 2.621411 0.051193
v 0.870371 2.621411 0.052847
v 0.893259 2.621411 0.057649
v 0.911423 2.621411 0.065129
v 0.923085 2.621411 0.074553
v 0.930000 2.580000 0.085000
v 0.925840 2.580000 0.095816
v 0.913766 2.580000 0.105572
v 0.894962 2.580000 0.113316
v 0.871266 2.580000 0.118287
v 0.845000 2.580000 0.120000
v 0.818734 2.580000 0.118287
v 0.795038 2.580000 0.113316
v 0.776234 2.580000 0.105572
v 0.764160 2.580000 0.095816
v 0.760000 2.580000 0.085000
v 0.764160 2.580000 0.074184
v 0.776234 2.580000 0.064428
v 0.795038 2.580000 0.056684
v 0.818734 2.580000 0.051713
v 0.845000 2.580000 0.050000
v 0.871266 2.580000 0.051713
v 0.894962 2.580000 0.056684
v 0.913766 2.580000 0.064428
v 0.925840 2.580000 0.074184
v 0.927104 2.538589 0.085000
v 0.923085 2.538589 0.095447
v 0.911423 2.538589 0.104871
v 0.893259 2.538589 0.112351
v 0.870371 2.538589 0.117153
v 0.845000 2.538589 0.118807
v 0.819629 2.538589 0.117153
v 0.796741 2.538589 0.112351
v 0.778577 2.538589 0.104871
v 0.766915 2.538589 0.095447
v 0.762896 2.538589 0.085000
v 0.766915 2.538589 0.074553
v 0.778577 2.538589 0.065129
v 0.796741 2.538589 0.057649
v 0.819629 2.538589 0.052847
v 0.845000 2.538589 0.051193
v 0.870371 2.538589 0.052847
v 0.893259 2.538589 0.057649
v 0.911423 2.538589 0.065129
v 0.923085 2.538589 0.074553
v 0.918612 2.500000 0.085000
v 0.915009 2.500000 0.094367
v 0.904553 2.500000 0.102816
v 0.888268 2.500000 0.109522
v 0.867747 2.500000 0.113827
v 0.845000 2.500000 0.115311
v 0.822253 2.500000 0.113827
v 0.801732 2.500000 0.109522
v 0.785447 2.500000 0.102816
v 0.774991 2.500000 0.094367
v 0.771388 2.500000 0.085000
v 0.774991 2.500000 0.075633
v 0.785447 2.500000 0.067184
v 0.801732 2.500000 0.060478
v 0.822253 2.500000 0.056173
v 0.845000 2.500000 0.054689
v 0.867747 2.500000 0.056173
v 0.888268 2.500000 0.060478
v 0.904553 2.500000 0.067184
v 0.915009 2.500000 0.075633
v 0.905104 2.466863 0.085000
v 0.902162 2.466863 0.092648
v 0.893625 2.466863 0.099547
v 0.880328 2.466863 0.105022
v 0.863573 2.466863 0.108537
v 0.845000 2.466863 0.109749
v 0.826427 2.466863 0.108537
v 0.809672 2.466863 0.105022
v 0.796375 2.466863 0.099547
v 0.787838 2.466863 0.092648
v 0.784896 2.466863 0.085000
v 0.787838 2.466863 0.077352
v 0.796375 2.466863 0.070453
v 0.809672 2.466863 0.064978
v 0.826427 2.466863 0.061463
v 0.845000 2.466863 0.060251
v 0.863573 2.466863 0.061463
v 0.880328 2.466863 0.064978
v 0.893625 2.466863 0.070453
v 0.902162 2.466863 0.077352
v 0.887500 2.441436 0.085000
v 0.885420 2.441436 0.090408
v 0.879383 2.441436 0.095286
v 0.869981 2.441436 0.099158
v 0.858133 2.441436 0.101643
v 0.845000 2.441436 0.102500
v 0.831867 2.441436 0.101643
v 0.820019 2.441436 0.099158
v 0.810617 2.441436 0.095286
v 0.804580 2.441436 0.090408
v 0.802500 2.441436 0.085000
v 0.804580 2.441436 0.079592
v 0.810617 2.441436 0.074714
v 0.820019 2.441436 0.070842
v 0.831867 2.441436 0.068357
v 0.845000 2.441436 0.067500
v 0.858133 2.441436 0.068357
v 0.869981 2.441436 0.070842
v 0.879383 2.441436 0.074714
v 0.885420 2.441436 0.079592
v 0.867000 2.425452 0.085000
v 0.865923 2.425452 0.087799
v 0.862798 2.425452 0.090325
v 0.857931 2.425452 0.092329
v 0.851798 2.425452 0.093615
v 0.845000 2.425452 0.094059
v 0.838202 2.425452 0.093615
v 0.832069 2.425452 0.092329
v 0.827202 2.425452 0.090325
v 0.824077 2.425452 0.087799
v 0.823000 2.425452 0.085000
v 0.824077 2.425452 0.082201
v 0.827202 2.425452 0.079675
v 0.832069 2.425452 0.077671
v 0.838202 2.425452 0.076385
v 0.845000 2.425452 0.075941
v 0.851798 2.425452 0.076385
v 0.857931 2.425452 0.077671
v 0.862798 2.425452 0.079675
v 0.865923 2.425452 0.082201
v 0.845000 2.420000 0.085000
v 0.845000 2.420000 0.085000
v 0.845000 2.420000 0.085000
v 0.845000 2.420000 0.085000
v 0.845000 2.420000 0.085000
v 0.845000 2.420000 0.085000
v 0.845000 2.420000 0.085000
v 0.845000 2.420000 0.085000
v 0.845000 2.420000 0.085000
v 0.845000 2.420000 0.085000
v 0.845000 2.420000 0.085000
v 0.845000 2.420000 0.085000
v 0.845000 2.420000 0.085000
v 0.845000 2.420000 0.085000
v 0.845000 2.420000 0.085000
v 0.845000 2.420000 0.085000
v 0.845000 2.420000 0.085000
v 0.845000 2.420000 0.085000
v 0.845000 2.420000 0.085000
v 0.845000 2.420000 0.085000
v 0.265000 3.430000 0.000000
v 0.258316 3.450572 0.000000
v 0.240816 3.463287 0.000000
v 0.219184 3.463287 0.000000
v 0.201684 3.450572 0.000000
v 0.195000 3.430000 0.000000
v 0.201684 3.409428 0.000000
v 0.219184 3.396713 0.000000
v 0.240816 3.396713 0.000000
v 0.258316 3.409428 0.000000
v 0.260974 3.430000 0.046017
v 0.254391 3.450572 0.044856
v 0.237157 3.463287 0.041817
v 0.215855 3.463287 0.038061
v 0.198620 3.450572 0.035022
v 0.192038 3.430000 0.033861
v 0.198620 3.409428 0.035022
v 0.215855 3.396713 0.038061
v 0.237157 3.396713 0.041817
v 0.254391 3.409428 0.044856
v 0.249019 3.430000 0.090635
v 0.242737 3.450572 0.088349
v 0.226293 3.463287 0.082364
v 0.205966 3.463287 0.074965
v 0.189521 3.450572 0.068980
v 0.183240 3.430000 0.066694
v 0.189521 3.409428 0.068980
v 0.205966 3.396713 0.074965
v 0.226293 3.396713 0.082364
v 0.242737 3.409428 0.088349
v 0.229497 3.430000 0.132500
v 0.223708 3.450572 0.129158
v 0.208552 3.463287 0.120408
v 0.189819 3.463287 0.109592
v 0.174664 3.450572 0.100842
v 0.168875 3.430000 0.097500
v 0.174664 3.409428 0.100842
v 0.189819 3.396713 0.109592
v 0.208552 3.396713 0.120408
v 0.223708 3.409428 0.129158
v 0.203002 3.430000 0.170339
v 0.197881 3.450572 0.166042
v 0.184475 3.463287 0.154793
v 0.167905 3.463287 0.140889
v 0.154499 3.450572 0.129640
v 0.149379 3.430000 0.125344
v 0.154499 3.409428 0.129640
v 0.167905 3.396713 0.140889
v 0.184475 3.396713 0.154793
v 0.197881 3.409428 0.166042
v 0.170339 3.430000 0.203002
v 0.166042 3.450572 0.197881
v 0.154793 3.463287 0.184475
v 0.140889 3.463287 0.167905
v 0.129640 3.450572 0.154499
v 0.125344 3.430000 0.149379
v 0.129640 3.409428 0.154499
v 0.140889 3.396713 0.167905
v 0.154793 3.396713 0.184475
v 0.166042 3.409428 0.197881
v 0.132500 3.430000 0.229497
v 0.129158 3.450572 0.223708
v 0.120408 3.463287 0.208552
v 0.109592 3.463287 0.189819
v 0.100842 3.450572 0.174664
v 0.097500 3.430000 0.168875
v 0.100842 3.409428 0.174664
v 0.109592 3.396713 0.189819
v 0.120408 3.396713 0.208552
v 0.129158 3.409428 0.223708
v 0.090635 3.430000 0.249019
v 0.088349 3.450572 0.242737
v 0.082364 3.463287 0.226293
v 0.074965 3.463287 0.205966
v 0.068980 3.450572 0.189521
v 0.066694 3.430000 0.183240
v 0.068980 3.409428 0.189521
v 0.074965 3.396713 0.205966
v 0.082364 3.396713 0.226293
v 0.088349 3.409428 0.242737
v 0.046017 3.430000 0.260974
v 0.044856 3.450572 0.254391
v 0.041817 3.463287 0.237157
v 0.038061 3.463287 0.215855
v 0.035022 3.450572 0.198620
v 0.033861 3.430000 0.192038
v 0.035022 3.409428 0.198620
v 0.038061 3.396713 0.215855
v 0.041817 3.396713 0.237157
v 0.044856 3.409428 0.254391
v 0.000000 3.430000 0.265000
v 0.000000 3.450572 0.258316
v 0.000000 3.463287 0.240816
v 0.000000 3.463287 0.219184
v 0.000000 3.450572 0.201684
v 0.000000 3.430000 0.195000
v 0.000000 3.409428 0.201684
v 0.000000 3.396713 0.219184
v 0.000000 3.396713 0.240816
v 0.000000 3.409428 0.258316
v -0.046017 3.430000 0.260974
v -0.044856 3.450572 0.254391
v -0.041817 3.463287 0.237157
v -0.038061 3.463287 0.215855
v -0.035022 3.450572 0.198620
v -0.033861 3.430000 0.192038
v -0.035022 3.409428 0.198620
v -0.038061 3.396713 0.215855
v -0.041817 3.396713 0.237157
v -0.044856 3.409428 0.254391
v -0.090635 3.430000 0.249019
v -0.088349 3.450572 0.242737
v -0.082364 3.463287 0.226293
v -0.074965 3.463287 0.205966
v -0.068980 3.450572 0.189521
v -0.066694 3.430000 0.183240
v -0.068980 3.409428 0.189521
v -0.074965 3.396713 0.205966
v -0.082364 3.396713 0.226293
v -0.088349 3.409428 0.242737
v -0.132500 3.430000 0.229497
v -0.129158 3.450572 0.223708
v -0.120408 3.463287 0.208552
v -0.109592 3.463287 0.189819
v -0.100842 3.450572 0.174664
v -0.097500 3.430000 0.168875
v -0.100842 3.409428 0.174664
v -0.109592 3.396713 0.189819
v -0.120408 3.396713 0.208552
v -0.129158 3.409428 0.223708
v -0.170339 3.430000 0.203002
v -0.166042 3.450572 0.197881
v -0.154793 3.463287 0.184475
v -0.140889 3.463287 0.167905
v -0.129640 3.450572 0.154499
v -0.125344 3.430000 0.149379
v -0.129640 3.409428 0.154499
v -0.140889 3.396713 0.167905
v -0.154793 3.396713 0.184475
v -0.166042 3.409428 0.197881
v -0.203002 3.430000 0.170339
v -0.197881 3.450572 0.166042
v -0.184475 3.463287 0.154793
v -0.167905 3.463287 0.140889
v -0.154499 3.450572 0.129640
v -0.149379 3.430000 0.125344
v -0.154499 3.409428 0.129640
v -0.167905 3.396713 0.140889
v -0.184475 3.396713 0.154793
v -0.197881 3.409428 0.166042
v -0.229497 3.430000 0.132500
v -0.223708 3.450572 0.129158
v -0.208552 3.463287 0.120408
v -0.189819 3.463287 0.109592
v -0.174664 3.450572 0.100842
v -0.168875 3.430000 0.097500
v -0.174664 3.409428 0.100842
v -0.189819 3.396713 0.109592
v -0.208552 3.396713 0.120408
v -0.223708 3.409428 0.129158
v -0.249019 3.430000 0.090635
v -0.242737 3.450572 0.088349
v -0.226293 3.463287 0.082364
v -0.205966 3.463287 0.074965
v -0.189521 3.450572 0.068980
v -0.183240 3.430000 0.066694
v -0.189521 3.409428 0.068980
v -0.205966 3.396713 0.074965
v -0.226293 3.396713 0.082364
v -0.242737 3.409428 0.088349
v -0.260974 3.430000 0.046017
v -0.254391 3.450572 0.044856
v -0.237157 3.463287 0.041817
v -0.215855 3.463287 0.038061
v -0.198620 3.450572 0.035022
v -0.192038 3.430000 0.033861
v -0.198620 3.409428 0.035022
v -0.215855 3.396713 0.038061
v -0.237157 3.396713 0.041817
v -0.254391 3.409428 0.044856
v -0.265000 3.430000 0.000000
v -0.258316 3.450572 0.000000
v -0.240816 3.463287 0.000000
v -0.219184 3.463287 0.000000
v -0.201684 3.450572 0.000000
v -0.195000 3.430000 0.000000
v -0.201684 3.409428 0.000000
v -0.219184 3.396713 0.000000
v -0.240816 3.396713 0.000000
v -0.258316 3.409428 0.000000
v -0.260974 3.430000 -0.046017
v -0.254391 3.450572 -0.044856
v -0.237157 3.463287 -0.041817
v -0.215855 3.463287 -0.038061
v -0.198620 3.450572 -0.035022
v -0.192038 3.430000 -0.033861
v -0.198620 3.409428 -0.035022
v -0.215855 3.396713 -0.038061
v -0.237157 3.396713 -0.041817
v -0.254391 3.409428 -0.044856
v -0.249019 3.430000 -0.090635
v -0.242737 3.450572 -0.088349
v -0.226293 3.463287 -0.082364
v -0.205966 3.463287 -0.074965
v -0.189521 3.450572 -0.068980
v -0.183240 3.430000 -0.066694
v -0.189521 3.409428 -0.068980
v -0.205966 3.396713 -0.074965
v -0.226293 3.396713 -0.082364
v -0.242737 3.409428 -0.088349
v -0.229497 3.430000 -0.132500
v -0.223708 3.450572 -0.129158
v -0.208552 3.463287 -0.120408
v -0.189819 3.463287 -0.109592
v -0.174664 3.450572 -0.100842
v -0.168875 3.430000 -0.097500
v -0.174664 3.409428 -0.100842
v -0.189819 3.396713 -0.109592
v -0.208552 3.396713 -0.120408
v -0.223708 3.409428 -0.129158
v -0.203002 3.430000 -0.170339
v -0.197881 3.450572 -0.166042
v -0.184475 3.463287 -0.154793
v -0.167905 3.463287 -0.140889
v -0.154499 3.450572 -0.129640
v -0.149379 3.430000 -0.125344
v -0.154499 3.409428 -0.129640
v -0.167905 3.396713 -0.140889
v -0.184475 3.396713 -0.154793
v -0.197881 3.409428 -0.166042
v -0.170339 3.430000 -0.203002
v -0.166042 3.450572 -0.197881
v -0.154793 3.463287 -0.184475
v -0.140889 3.463287 -0.167905
v -0.129640 3.450572 -0.154499
v -0.125344 3.430000 -0.149379
v -0.129640 3.409428 -0.154499
v -0.140889 3.396713 -0.167905
v -0.154793 3.396713 -0.184475
v -0.166042 3.409428 -0.197881
v -0.132500 3.430000 -0.229497
v -0.129158 3.450572 -0.223708
v -0.120408 3.463287 -0.208552
v -0.109592 3.463287 -0.189819
v -0.100842 3.450572 -0.174664
v -0.097500 3.430000 -0.168875
v -0.100842 3.409428 -0.174664
v -0.109592 3.396713 -0.189819
v -0.120408 3.396713 -0.208552
v -0.129158 3.409428 -0.223708
v -0.090635 3.430000 -0.249019
v -0.088349 3.450572 -0.242737
v -0.082364 3.463287 -0.226293
v -0.074965 3.463287 -0.205966
v -0.068980 3.450572 -0.189521
v -0.066694 3.430000 -0.183240
v -0.068980 3.409428 -0.189521
v -0.074965 3.396713 -0.205966
v -0.082364 3.396713 -0.226293
v -0.088349 3.409428 -0.242737
v -0.046017 3.430000 -0.260974
v -0.044856 3.450572 -0.254391
v -0.041817 3.463287 -0.237157
v -0.038061 3.463287 -0.215855
v -0.035022 3.450572 -0.198620
v -0.033861 3.430000 -0.192038
v -0.035022 3.409428 -0.198620
v -0.038061 3.396713 -0.215855
v -0.041817 3.396713 -0.237157
v -0.044856 3.409428 -0.254391
v -0.000000 3.430000 -0.265000
v -0.000000 3.450572 -0.258316
v -0.000000 3.463287 -0.240816
v -0.000000 3.463287 -0.219184
v -0.000000 3.450572 -0.201684
v -0.000000 3.430000 -0.195000
v -0.000000 3.409428 -0.201684
v -0.000000 3.396713 -0.219184
v -0.000000 3.396713 -0.240816
v -0.000000 3.409428 -0.258316
v 0.046017 3.430000 -0.260974
v 0.044856 3.450572 -0.254391
v 0.041817 3.463287 -0.237157
v 0.038061 3.463287 -0.215855
v 0.035022 3.450572 -0.198620
v 0.033861 3.430000 -0.192038
v 0.035022 3.409428 -0.198620
v 0.038061 3.396713 -0.215855
v 0.041817 3.396713 -0.237157
v 0.044856 3.409428 -0.254391
v 0.090635 3.430000 -0.249019
v 0.088349 3.450572 -0.242737
v 0.082364 3.463287 -0.226293
v 0.074965 3.463287 -0.205966
v 0.068980 3.450572 -0.189521
v 0.066694 3.430000 -0.183240
v 0.068980 3.409428 -0.189521
v 0.074965 3.396713 -0.205966
v 0.082364 3.396713 -0.226293
v 0.088349 3.409428 -0.242737
v 0.132500 3.430000 -0.229497
v 0.129158 3.450572 -0.223708
v 0.120408 3.463287 -0.208552
v 0.109592 3.463287 -0.189819
v 0.100842 3.450572 -0.174664
v 0.097500 3.430000 -0.168875
v 0.100842 3.409428 -0.174664
v 0.109592 3.396713 -0.189819
v 0.120408 3.396713 -0.208552
v 0.129158 3.409428 -0.223708
v 0.170339 3.430000 -0.203002
v 0.166042 3.450572 -0.197881
v 0.154793 3.463287 -0.184475
v 0.140889 3.463287 -0.167905
v 0.129640 3.450572 -0.154499
v 0.125344 3.430000 -0.149379
v 0.129640 3.409428 -0.154499
v 0.140889 3.396713 -0.167905
v 0.154793 3.396713 -0.184475
v 0.166042 3.409428 -0.197881
v 0.203002 3.430000 -0.170339
v 0.197881 3.450572 -0.166042
v 0.184475 3.463287 -0.154793
v 0.167905 3.463287 -0.140889
v 0.154499 3.450572 -0.129640
v 0.149379 3.430000 -0.125344
v 0.154499 3.409428 -0.129640
v 0.167905 3.396713 -0.140889
v 0.184475 3.396713 -0.154793
v 0.197881 3.409428 -0.166042
v 0.229497 3.430000 -0.132500
v 0.223708 3.450572 -0.129158
v 0.208552 3.463287 -0.120408
v 0.189819 3.463287 -0.109592
v 0.174664 3.450572 -0.100842
v 0.168875 3.430000 -0.097500
v 0.174664 3.409428 -0.100842
v 0.189819 3.396713 -0.109592
v 0.208552 3.396713 -0.120408
v 0.223708 3.409428 -0.129158
v 0.249019 3.430000 -0.090635
v 0.242737 3.450572 -0.088349
v 0.226293 3.463287 -0.082364
v 0.205966 3.463287 -0.074965
v 0.189521 3.450572 -0.068980
v 0.183240 3.430000 -0.066694
v 0.189521 3.409428 -0.068980
v 0.205966 3.396713 -0.074965
v 0.226293 3.396713 -0.082364
v 0.242737 3.409428 -0.088349
v 0.260974 3.430000 -0.046017
v 0.254391 3.450572 -0.044856
v 0.237157 3.463287 -0.041817
v 0.215855 3.463287 -0.038061
v 0.198620 3.450572 -0.035022
v 0.192038 3.430000 -0.033861
v 0.198620 3.409428 -0.035022
v 0.215855 3.396713 -0.038061
v 0.237157 3.396713 -0.041817
v 0.254391 3.409428 -0.044856
v 0.000000 3.550000 0.000000
v 0.000000 3.550000 0.000000
v 0.000000 3.550000 0.000000
v 0.000000 3.550000 0.000000
v 0.000000 3.550000 0.000000
v 0.000000 3.550000 0.000000
v 0.000000 3.550000 0.000000
v 0.000000 3.550000 0.000000
v 0.000000 3.550000 0.000000
v 0.000000 3.550000 0.000000
v 0.000000 3.550000 0.000000
v 0.000000 3.550000 0.000000
v 0.000000 3.550000 0.000000
v 0.000000 3.550000 0.000000
v 0.000000 3.550000 0.000000
v 0.000000 3.550000 0.000000
v 0.000000 3.550000 0.000000
v 0.000000 3.550000 0.000000
v 0.000000 3.550000 0.000000
v 0.000000 3.550000 0.000000
v 0.000000 3.550000 0.000000
v 0.000000 3.550000 0.000000
v 0.000000 3.550000 0.000000
v 0.000000 3.550000 0.000000
v 0.000000 3.550000 0.000000
v 0.000000 3.550000 0.000000
v 0.000000 3.550000 0.000000
v 0.000000 3.550000 0.000000
v 0.082822 3.546252 0.000000
v 0.080746 3.546252 0.016702
v 0.074620 3.546252 0.032566
v 0.064753 3.546252 0.046798
v 0.051639 3.546252 0.058682
v 0.035935 3.546252 0.067624
v 0.018430 3.546252 0.073176
v 0.000000 3.546252 0.075058
v -0.018430 3.546252 0.073176
v -0.035935 3.546252 0.067624
v -0.051639 3.546252 0.058682
v -0.064753 3.546252 0.046798
v -0.074620 3.546252 0.032566
v -0.080746 3.546252 0.016702
v -0.082822 3.546252 0.000000
v -0.080746 3.546252 -0.016702
v -0.074620 3.546252 -0.032566
v -0.064753 3.546252 -0.046798
v -0.051639 3.546252 -0.058682
v -0.035935 3.546252 -0.067624
v -0.018430 3.546252 -0.073176
v -0.000000 3.546252 -0.075058
v 0.018430 3.546252 -0.073176
v 0.035935 3.546252 -0.067624
v 0.051639 3.546252 -0.058682
v 0.064753 3.546252 -0.046798
v 0.074620 3.546252 -0.032566
v 0.080746 3.546252 -0.016702
v 0.160000 3.535263 0.000000
v 0.155988 3.535263 0.032266
v 0.144155 3.535263 0.062913
v 0.125093 3.535263 0.090406
v 0.099758 3.535263 0.113366
v 0.069421 3.535263 0.130640
v 0.035603 3.535263 0.141365
v 0.000000 3.535263 0.145000
v -0.035603 3.535263 0.141365
v -0.069421 3.535263 0.130640
v -0.099758 3.535263 0.113366
v -0.125093 3.535263 0.090406
v -0.144155 3.535263 0.062913
v -0.155988 3.535263 0.032266
v -0.160000 3.535263 0.000000
v -0.155988 3.535263 -0.032266
v -0.144155 3.535263 -0.062913
v -0.125093 3.535263 -0.090406
v -0.099758 3.535263 -0.113366
v -0.069421 3.535263 -0.130640
v -0.035603 3.535263 -0.141365
v -0.000000 3.535263 -0.145000
v 0.035603 3.535263 -0.141365
v 0.069421 3.535263 -0.130640
v 0.099758 3.535263 -0.113366
v 0.125093 3.535263 -0.090406
v 0.144155 3.535263 -0.062913
v 0.155988 3.535263 -0.032266
v 0.226274 3.517782 0.000000
v 0.220601 3.517782 0.045630
v 0.203866 3.517782 0.088973
v 0.176908 3.517782 0.127853
v 0.141080 3.517782 0.160323
v 0.098177 3.517782 0.184754
v 0.050351 3.517782 0.199920
v 0.000000 3.517782 0.205061
v -0.050351 3.517782 0.199920
v -0.098177 3.517782 0.184754
v -0.141080 3.517782 0.160323
v -0.176908 3.517782 0.127853
v -0.203866 3.517782 0.088973
v -0.220601 3.517782 0.045630
v -0.226274 3.517782 0.000000
v -0.220601 3.517782 -0.045630
v -0.203866 3.517782 -0.088973
v -0.176908 3.517782 -0.127853
v -0.141080 3.517782 -0.160323
v -0.098177 3.517782 -0.184754
v -0.050351 3.517782 -0.199920
v -0.000000 3.517782 -0.205061
v 0.050351 3.517782 -0.199920
v 0.098177 3.517782 -0.184754
v 0.141080 3.517782 -0.160323
v 0.176908 3.517782 -0.127853
v 0.203866 3.517782 -0.088973
v 0.220601 3.517782 -0.045630
v 0.277128 3.495000 0.000000
v 0.270180 3.495000 0.055886
v 0.249684 3.495000 0.108969
v 0.216667 3.495000 0.156588
v 0.172787 3.495000 0.196355
v 0.120241 3.495000 0.226276
v 0.061667 3.495000 0.244851
v 0.000000 3.495000 0.251147
v -0.061667 3.495000 0.244851
v -0.120241 3.495000 0.226276
v -0.172787 3.495000 0.196355
v -0.216667 3.495000 0.156588
v -0.249684 3.495000 0.108969
v -0.270180 3.495000 0.055886
v -0.277128 3.495000 0.000000
v -0.270180 3.495000 -0.055886
v -0.249684 3.495000 -0.108969
v -0.216667 3.495000 -0.156588
v -0.172787 3.495000 -0.196355
v -0.120241 3.495000 -0.226276
v -0.061667 3.495000 -0.244851
v -0.000000 3.495000 -0.251147
v 0.061667 3.495000 -0.244851
v 0.120241 3.495000 -0.226276
v 0.172787 3.495000 -0.196355
v 0.216667 3.495000 -0.156588
v 0.249684 3.495000 -0.108969
v 0.270180 3.495000 -0.055886
v 0.309096 3.468470 0.000000
v 0.301347 3.468470 0.062332
v 0.278486 3.468470 0.121539
v 0.241661 3.468470 0.174651
v 0.192718 3.468470 0.219005
v 0.134112 3.468470 0.252378
v 0.068780 3.468470 0.273095
v 0.000000 3.468470 0.280118
v -0.068780 3.468470 0.273095
v -0.134112 3.468470 0.252378
v -0.192718 3.468470 0.219005
v -0.241661 3.468470 0.174651
v -0.278486 3.468470 0.121539
v -0.301347 3.468470 0.062332
v -0.309096 3.468470 0.000000
v -0.301347 3.468470 -0.062332
v -0.278486 3.468470 -0.121539
v -0.241661 3.468470 -0.174651
v -0.192718 3.468470 -0.219005
v -0.134112 3.468470 -0.252378
v -0.068780 3.468470 -0.273095
v -0.000000 3.468470 -0.280118
v 0.068780 3.468470 -0.273095
v 0.134112 3.468470 -0.252378
v 0.192718 3.468470 -0.219005
v 0.241661 3.468470 -0.174651
v 0.278486 3.468470 -0.121539
v 0.301347 3.468470 -0.062332
v 0.320000 3.440000 0.000000
v 0.311977 3.440000 0.064531
v 0.288310 3.440000 0.125826
v 0.250186 3.440000 0.180812
v 0.199517 3.440000 0.226731
v 0.138843 3.440000 0.261281
v 0.071207 3.440000 0.282729
v 0.000000 3.440000 0.290000
v -0.071207 3.440000 0.282729
v -0.138843 3.440000 0.261281
v -0.199517 3.440000 0.226731
v -0.250186 3.440000 0.180812
v -0.288310 3.440000 0.125826
v -0.311977 3.440000 0.064531
v -0.320000 3.440000 0.000000
v -0.311977 3.440000 -0.064531
v -0.288310 3.440000 -0.125826
v -0.250186 3.440000 -0.180812
v -0.199517 3.440000 -0.226731
v -0.138843 3.440000 -0.261281
v -0.071207 3.440000 -0.282729
v -0.000000 3.440000 -0.290000
v 0.071207 3.440000 -0.282729
v 0.138843 3.440000 -0.261281
v 0.199517 3.440000 -0.226731
v 0.250186 3.440000 -0.180812
v 0.288310 3.440000 -0.125826
v 0.311977 3.440000 -0.064531
v 0.309096 3.411530 0.000000
v 0.301347 3.411530 0.062332
v 0.278486 3.411530 0.121539
v 0.241661 3.411530 0.174651
v 0.192718 3.411530 0.219005
v 0.134112 3.411530 0.252378
v 0.068780 3.411530 0.273095
v 0.000000 3.411530 0.280118
v -0.068780 3.411530 0.273095
v -0.134112 3.411530 0.252378
v -0.192718 3.411530 0.219005
v -0.241661 3.411530 0.174651
v -0.278486 3.411530 0.121539
v -0.301347 3.411530 0.062332
v -0.309096 3.411530 0.000000
v -0.301347 3.411530 -0.062332
v -0.278486 3.411530 -0.121539
v -0.241661 3.411530 -0.174651
v -0.192718 3.411530 -0.219005
v -0.134112 3.411530 -0.252378
v -0.068780 3.411530 -0.273095
v -0.000000 3.411530 -0.280118
v 0.068780 3.411530 -0.273095
v 0.134112 3.411530 -0.252378
v 0.192718 3.411530 -0.219005
v 0.241661 3.411530 -0.174651
v 0.278486 3.411530 -0.121539
v 0.301347 3.411530 -0.062332
v 0.277128 3.385000 0.000000
v 0.270180 3.385000 0.055886
v 0.249684 3.385000 0.108969
v 0.216667 3.385000 0.156588
v 0.172787 3.385000 0.196355
v 0.120241 3.385000 0.226276
v 0.061667 3.385000 0.244851
v 0.000000 3.385000 0.251147
v -0.061667 3.385000 0.244851
v -0.120241 3.385000 0.226276
v -0.172787 3.385000 0.196355
v -0.216667 3.385000 0.156588
v -0.249684 3.385000 0.108969
v -0.270180 3.385000 0.055886
v -0.277128 3.385000 0.000000
v -0.270180 3.385000 -0.055886
v -0.249684 3.385000 -0.108969
v -0.216667 3.385000 -0.156588
v -0.172787 3.385000 -0.196355
v -0.120241 3.385000 -0.226276
v -0.061667 3.385000 -0.244851
v -0.000000 3.385000 -0.251147
v 0.061667 3.385000 -0.244851
v 0.120241 3.385000 -0.226276
v 0.172787 3.385000 -0.196355
v 0.216667 3.385000 -0.156588
v 0.249684 3.385000 -0.108969
v 0.270180 3.385000 -0.055886
v 0.226274 3.362218 0.000000
v 0.220601 3.362218 0.045630
v 0.203866 3.362218 0.088973
v 0.176908 3.362218 0.127853
v 0.141080 3.362218 0.160323
v 0.098177 3.362218 0.184754
v 0.050351 3.362218 0.199920
v 0.000000 3.362218 0.205061
v -0.050351 3.362218 0.199920
v -0.098177 3.362218 0.184754
v -0.141080 3.362218 0.160323
v -0.176908 3.362218 0.127853
v -0.203866 3.362218 0.088973
v -0.220601 3.362218 0.045630
v -0.226274 3.362218 0.000000
v -0.220601 3.362218 -0.045630
v -0.203866 3.362218 -0.088973
v -0.176908 3.362218 -0.127853
v -0.141080 3.362218 -0.160323
v -0.098177 3.362218 -0.184754
v -0.050351 3.362218 -0.199920
v -0.000000 3.362218 -0.205061
v 0.050351 3.362218 -0.199920
v 0.098177 3.362218 -0.184754
v 0.141080 3.362218 -0.160323
v 0.176908 3.362218 -0.127853
v 0.203866 3.362218 -0.088973
v 0.220601 3.362218 -0.045630
v 0.160000 3.344737 0.000000
v 0.155988 3.344737 0.032266
v 0.144155 3.344737 0.062913
v 0.125093 3.344737 0.090406
v 0.099758 3.344737 0.113366
v 0.069421 3.344737 0.130640
v 0.035603 3.344737 0.141365
v 0.000000 3.344737 0.145000
v -0.035603 3.344737 0.141365
v -0.069421 3.344737 0.130640
v -0.099758 3.344737 0.113366
v -0.125093 3.344737 0.090406
v -0.144155 3.344737 0.062913
v -0.155988 3.344737 0.032266
v -0.160000 3.344737 0.000000
v -0.155988 3.344737 -0.032266
v -0.144155 3.344737 -0.062913
v -0.125093 3.344737 -0.090406
v -0.099758 3.344737 -0.113366
v -0.069421 3.344737 -0.130640
v -0.035603 3.344737 -0.141365
v -0.000000 3.344737 -0.145000
v 0.035603 3.344737 -0.141365
v 0.069421 3.344737 -0.130640
v 0.099758 3.344737 -0.113366
v 0.125093 3.344737 -0.090406
v 0.144155 3.344737 -0.062913
v 0.155988 3.344737 -0.032266
v 0.082822 3.333748 0.000000
v 0.080746 3.333748 0.016702
v 0.074620 3.333748 0.032566
v 0.064753 3.333748 0.046798
v 0.051639 3.333748 0.058682
v 0.035935 3.333748 0.067624
v 0.018430 3.333748 0.073176
v 0.000000 3.333748 0.075058
v -0.018430 3.333748 0.073176
v -0.035935 3.333748 0.067624
v -0.051639 3.333748 0.058682
v -0.064753 3.333748 0.046798
v -0.074620 3.333748 0.032566
v -0.080746 3.333748 0.016702
v -0.082822 3.333748 0.000000
v -0.080746 3.333748 -0.016702
v -0.074620 3.333748 -0.032566
v -0.064753 3.333748 -0.046798
v -0.051639 3.333748 -0.058682
v -0.035935 3.333748 -0.067624
v -0.018430 3.333748 -0.073176
v -0.000000 3.333748 -0.075058
v 0.018430 3.333748 -0.073176
v 0.035935 3.333748 -0.067624
v 0.051639 3.333748 -0.058682
v 0.064753 3.333748 -0.046798
v 0.074620 3.333748 -0.032566
v 0.080746 3.333748 -0.016702
v 0.000000 3.330000 0.000000
v 0.000000 3.330000 0.000000
v 0.000000 3.330000 0.000000
v 0.000000 3.330000 0.000000
v 0.000000 3.330000 0.000000
v 0.000000 3.330000 0.000000
v 0.000000 3.330000 0.000000
v 0.000000 3.330000 0.000000
v -0.000000 3.330000 0.000000
v -0.000000 3.330000 0.000000
v -0.000000 3.330000 0.000000
v -0.000000 3.330000 0.000000
v -0.000000 3.330000 0.000000
v -0.000000 3.330000 0.000000
v -0.000000 3.330000 0.000000
v -0.000000 3.330000 -0.000000
v -0.000000 3.330000 -0.000000
v -0.000000 3.330000 -0.000000
v -0.000000 3.330000 -0.000000
v -0.000000 3.330000 -0.000000
v -0.000000 3.330000 -0.000000
v -0.000000 3.330000 -0.000000
v 0.000000 3.330000 -0.000000
v 0.000000 3.330000 -0.000000
v 0.000000 3.330000 -0.000000
v 0.000000 3.330000 -0.000000
v 0.000000 3.330000 -0.000000
v 0.000000 3.330000 -0.000000
v 0.000000 3.890000 0.000000
v 0.000000 3.890000 0.000000
v 0.000000 3.890000 0.000000
v 0.000000 3.890000 0.000000
v 0.000000 3.890000 0.000000
v 0.000000 3.890000 0.000000
v 0.000000 3.890000 0.000000
v 0.000000 3.890000 0.000000
v 0.000000 3.890000 0.000000
v 0.000000 3.890000 0.000000
v 0.000000 3.890000 0.000000
v 0.000000 3.890000 0.000000
v 0.000000 3.890000 0.000000
v 0.000000 3.890000 0.000000
v 0.000000 3.890000 0.000000
v 0.000000 3.890000 0.000000
v 0.000000 3.890000 0.000000
v 0.000000 3.890000 0.000000
v 0.000000 3.890000 0.000000
v 0.000000 3.890000 0.000000
v 0.000000 3.890000 0.000000
v 0.000000 3.890000 0.000000
v 0.000000 3.890000 0.000000
v 0.000000 3.890000 0.000000
v 0.000000 3.890000 0.000000
v 0.000000 3.890000 0.000000
v 0.000000 3.890000 0.000000
v 0.000000 3.890000 0.000000
v 0.046822 3.885773 0.000000
v 0.045648 3.885773 0.009551
v 0.042185 3.885773 0.018622
v 0.036607 3.885773 0.026760
v 0.029193 3.885773 0.033556
v 0.020315 3.885773 0.038669
v 0.010419 3.885773 0.041844
v 0.000000 3.885773 0.042920
v -0.010419 3.885773 0.041844
v -0.020315 3.885773 0.038669
v -0.029193 3.885773 0.033556
v -0.036607 3.885773 0.026760
v -0.042185 3.885773 0.018622
v -0.045648 3.885773 0.009551
v -0.046822 3.885773 0.000000
v -0.045648 3.885773 -0.009551
v -0.042185 3.885773 -0.018622
v -0.036607 3.885773 -0.026760
v -0.029193 3.885773 -0.033556
v -0.020315 3.885773 -0.038669
v -0.010419 3.885773 -0.041844
v -0.000000 3.885773 -0.042920
v 0.010419 3.885773 -0.041844
v 0.020315 3.885773 -0.038669
v 0.029193 3.885773 -0.033556
v 0.036607 3.885773 -0.026760
v 0.042185 3.885773 -0.018622
v 0.045648 3.885773 -0.009551
v 0.091844 3.873253 0.000000
v 0.089541 3.873253 0.018734
v 0.082749 3.873253 0.036529
v 0.071807 3.873253 0.052492
v 0.057264 3.873253 0.065823
v 0.039850 3.873253 0.075853
v 0.020437 3.873253 0.082080
v 0.000000 3.873253 0.084190
v -0.020437 3.873253 0.082080
v -0.039850 3.873253 0.075853
v -0.057264 3.873253 0.065823
v -0.071807 3.873253 0.052492
v -0.082749 3.873253 0.036529
v -0.089541 3.873253 0.018734
v -0.091844 3.873253 0.000000
v -0.089541 3.873253 -0.018734
v -0.082749 3.873253 -0.036529
v -0.071807 3.873253 -0.052492
v -0.057264 3.873253 -0.065823
v -0.039850 3.873253 -0.075853
v -0.020437 3.873253 -0.082080
v -0.000000 3.873253 -0.084190
v 0.020437 3.873253 -0.082080
v 0.039850 3.873253 -0.075853
v 0.057264 3.873253 -0.065823
v 0.071807 3.873253 -0.052492
v 0.082749 3.873253 -0.036529
v 0.089541 3.873253 -0.018734
v 0.133337 3.852923 0.000000
v 0.129994 3.852923 0.027198
v 0.120132 3.852923 0.053032
v 0.104247 3.852923 0.076206
v 0.083134 3.852923 0.095560
v 0.057853 3.852923 0.110121
v 0.029670 3.852923 0.119161
v 0.000000 3.852923 0.122225
v -0.029670 3.852923 0.119161
v -0.057853 3.852923 0.110121
v -0.083134 3.852923 0.095560
v -0.104247 3.852923 0.076206
v -0.120132 3.852923 0.053032
v -0.129994 3.852923 0.027198
v -0.133337 3.852923 0.000000
v -0.129994 3.852923 -0.027198
v -0.120132 3.852923 -0.053032
v -0.104247 3.852923 -0.076206
v -0.083134 3.852923 -0.095560
v -0.057853 3.852923 -0.110121
v -0.029670 3.852923 -0.119161
v -0.000000 3.852923 -0.122225
v 0.029670 3.852923 -0.119161
v 0.057853 3.852923 -0.110121
v 0.083134 3.852923 -0.095560
v 0.104247 3.852923 -0.076206
v 0.120132 3.852923 -0.053032
v 0.129994 3.852923 -0.027198
v 0.169706 3.825563 0.000000
v 0.165451 3.825563 0.034616
v 0.152899 3.825563 0.067496
v 0.132681 3.825563 0.096992
v 0.105810 3.825563 0.121624
v 0.073633 3.825563 0.140158
v 0.037763 3.825563 0.151663
v 0.000000 3.825563 0.155563
v -0.037763 3.825563 0.151663
v -0.073633 3.825563 0.140158
v -0.105810 3.825563 0.121624
v -0.132681 3.825563 0.096992
v -0.152899 3.825563 0.067496
v -0.165451 3.825563 0.034616
v -0.169706 3.825563 0.000000
v -0.165451 3.825563 -0.034616
v -0.152899 3.825563 -0.067496
v -0.132681 3.825563 -0.096992
v -0.105810 3.825563 -0.121624
v -0.073633 3.825563 -0.140158
v -0.037763 3.825563 -0.151663
v -0.000000 3.825563 -0.155563
v 0.037763 3.825563 -0.151663
v 0.073633 3.825563 -0.140158
v 0.105810 3.825563 -0.121624
v 0.132681 3.825563 -0.096992
v 0.152899 3.825563 -0.067496
v 0.165451 3.825563 -0.034616
v 0.199553 3.792225 0.000000
v 0.194550 3.792225 0.040704
v 0.179791 3.792225 0.079367
v 0.156017 3.792225 0.114051
v 0.124419 3.792225 0.143015
v 0.086583 3.792225 0.164808
v 0.044405 3.792225 0.178337
v 0.000000 3.792225 0.182923
v -0.044405 3.792225 0.178337
v -0.086583 3.792225 0.164808
v -0.124419 3.792225 0.143015
v -0.156017 3.792225 0.114051
v -0.179791 3.792225 0.079367
v -0.194550 3.792225 0.040704
v -0.199553 3.792225 0.000000
v -0.194550 3.792225 -0.040704
v -0.179791 3.792225 -0.079367
v -0.156017 3.792225 -0.114051
v -0.124419 3.792225 -0.143015
v -0.086583 3.792225 -0.164808
v -0.044405 3.792225 -0.178337
v -0.000000 3.792225 -0.182923
v 0.044405 3.792225 -0.178337
v 0.086583 3.792225 -0.164808
v 0.124419 3.792225 -0.143015
v 0.156017 3.792225 -0.114051
v 0.179791 3.792225 -0.079367
v 0.194550 3.792225 -0.040704
v 0.221731 3.754190 0.000000
v 0.216172 3.754190 0.045228
v 0.199773 3.754190 0.088188
v 0.173356 3.754190 0.126726
v 0.138247 3.754190 0.158910
v 0.096206 3.754190 0.183125
v 0.049340 3.754190 0.198158
v 0.000000 3.754190 0.203253
v -0.049340 3.754190 0.198158
v -0.096206 3.754190 0.183125
v -0.138247 3.754190 0.158910
v -0.173356 3.754190 0.126726
v -0.199773 3.754190 0.088188
v -0.216172 3.754190 0.045228
v -0.221731 3.754190 0.000000
v -0.216172 3.754190 -0.045228
v -0.199773 3.754190 -0.088188
v -0.173356 3.754190 -0.126726
v -0.138247 3.754190 -0.158910
v -0.096206 3.754190 -0.183125
v -0.049340 3.754190 -0.198158
v -0.000000 3.754190 -0.203253
v 0.049340 3.754190 -0.198158
v 0.096206 3.754190 -0.183125
v 0.138247 3.754190 -0.158910
v 0.173356 3.754190 -0.126726
v 0.199773 3.754190 -0.088188
v 0.216172 3.754190 -0.045228
v 0.235388 3.712920 0.000000
v 0.229487 3.712920 0.048014
v 0.212078 3.712920 0.093620
v 0.184034 3.712920 0.134532
v 0.146762 3.712920 0.168698
v 0.102131 3.712920 0.194405
v 0.052379 3.712920 0.210363
v 0.000000 3.712920 0.215773
v -0.052379 3.712920 0.210363
v -0.102131 3.712920 0.194405
v -0.146762 3.712920 0.168698
v -0.184034 3.712920 0.134532
v -0.212078 3.712920 0.093620
v -0.229487 3.712920 0.048014
v -0.235388 3.712920 0.000000
v -0.229487 3.712920 -0.048014
v -0.212078 3.712920 -0.093620
v -0.184034 3.712920 -0.134532
v -0.146762 3.712920 -0.168698
v -0.102131 3.712920 -0.194405
v -0.052379 3.712920 -0.210363
v -0.000000 3.712920 -0.215773
v 0.052379 3.712920 -0.210363
v 0.102131 3.712920 -0.194405
v 0.146762 3.712920 -0.168698
v 0.184034 3.712920 -0.134532
v 0.212078 3.712920 -0.093620
v 0.229487 3.712920 -0.048014
v 0.240000 3.670000 0.000000
v 0.233983 3.670000 0.048955
v 0.216233 3.670000 0.095454
v 0.187640 3.670000 0.137168
v 0.149638 3.670000 0.172003
v 0.104132 3.670000 0.198213
v 0.053405 3.670000 0.214484
v 0.000000 3.670000 0.220000
v -0.053405 3.670000 0.214484
v -0.104132 3.670000 0.198213
v -0.149638 3.670000 0.172003
v -0.187640 3.670000 0.137168
v -0.216233 3.670000 0.095454
v -0.233983 3.670000 0.048955
v -0.240000 3.670000 0.000000
v -0.233983 3.670000 -0.048955
v -0.216233 3.670000 -0.095454
v -0.187640 3.670000 -0.137168
v -0.149638 3.670000 -0.172003
v -0.104132 3.670000 -0.198213
v -0.053405 3.670000 -0.214484
v -0.000000 3.670000 -0.220000
v 0.053405 3.670000 -0.214484
v 0.104132 3.670000 -0.198213
v 0.149638 3.670000 -0.172003
v 0.187640 3.670000 -0.137168
v 0.216233 3.670000 -0.095454
v 0.233983 3.670000 -0.048955
v 0.235388 3.627080 0.000000
v 0.229487 3.627080 0.048014
v 0.212078 3.627080 0.093620
v 0.184034 3.627080 0.134532
v 0.146762 3.627080 0.168698
v 0.102131 3.627080 0.194405
v 0.052379 3.627080 0.210363
v 0.000000 3.627080 0.215773
v -0.052379 3.627080 0.210363
v -0.102131 3.627080 0.194405
v -0.146762 3.627080 0.168698
v -0.184034 3.627080 0.134532
v -0.212078 3.627080 0.093620
v -0.229487 3.627080 0.048014
v -0.235388 3.627080 0.000000
v -0.229487 3.627080 -0.048014
v -0.212078 3.627080 -0.093620
v -0.184034 3.627080 -0.134532
v -0.146762 3.627080 -0.168698
v -0.102131 3.627080 -0.194405
v -0.052379 3.627080 -0.210363
v -0.000000 3.627080 -0.215773
v 0.052379 3.627080 -0.210363
v 0.102131 3.627080 -0.194405
v 0.146762 3.627080 -0.168698
v 0.184034 3.627080 -0.134532
v 0.212078 3.627080 -0.093620
v 0.229487 3.627080 -0.048014
v 0.221731 3.585810 0.000000
v 0.216172 3.585810 0.045228
v 0.199773 3.585810 0.088188
v 0.173356 3.585810 0.126726
v 0.138247 3.585810 0.158910
v 0.096206 3.585810 0.183125
v 0.049340 3.585810 0.198158
v 0.000000 3.585810 0.203253
v -0.049340 3.585810 0.198158
v -0.096206 3.585810 0.183125
v -0.138247 3.585810 0.158910
v -0.173356 3.585810 0.126726
v -0.199773 3.585810 0.088188
v -0.216172 3.585810 0.045228
v -0.221731 3.585810 0.000000
v -0.216172 3.585810 -0.045228
v -0.199773 3.585810 -0.088188
v -0.173356 3.585810 -0.126726
v -0.138247 3.585810 -0.158910
v -0.096206 3.585810 -0.183125
v -0.049340 3.585810 -0.198158
v -0.000000 3.585810 -0.203253
v 0.049340 3.585810 -0.198158
v 0.096206 3.585810 -0.183125
v 0.138247 3.585810 -0.158910
v 0.173356 3.585810 -0.126726
v 0.199773 3.585810 -0.088188
v 0.216172 3.585810 -0.045228
v 0.199553 3.547775 0.000000
v 0.194550 3.547775 0.040704
v 0.179791 3.547775 0.079367
v 0.156017 3.547775 0.114051
v 0.124419 3.547775 0.143015
v 0.086583 3.547775 0.164808
v 0.044405 3.547775 0.178337
v 0.000000 3.547775 0.182923
v -0.044405 3.547775 0.178337
v -0.086583 3.547775 0.164808
v -0.124419 3.547775 0.143015
v -0.156017 3.547775 0.114051
v -0.179791 3.547775 0.079367
v -0.194550 3.547775 0.040704
v -0.199553 3.547775 0.000000
v -0.194550 3.547775 -0.040704
v -0.179791 3.547775 -0.079367
v -0.156017 3.547775 -0.114051
v -0.124419 3.547775 -0.143015
v -0.086583 3.547775 -0.164808
v -0.044405 3.547775 -0.178337
v -0.000000 3.547775 -0.182923
v 0.044405 3.547775 -0.178337
v 0.086583 3.547775 -0.164808
v 0.124419 3.547775 -0.143015
v 0.156017 3.547775 -0.114051
v 0.179791 3.547775 -0.079367
v 0.194550 3.547775 -0.040704
v 0.169706 3.514437 0.000000
v 0.165451 3.514437 0.034616
v 0.152899 3.514437 0.067496
v 0.132681 3.514437 0.096992
v 0.105810 3.514437 0.121624
v 0.073633 3.514437 0.140158
v 0.037763 3.514437 0.151663
v 0.000000 3.514437 0.155563
v -0.037763 3.514437 0.151663
v -0.073633 3.514437 0.140158
v -0.105810 3.514437 0.121624
v -0.132681 3.514437 0.096992
v -0.152899 3.514437 0.067496
v -0.165451 3.514437 0.034616
v -0.169706 3.514437 0.000000
v -0.165451 3.514437 -0.034616
v -0.152899 3.514437 -0.067496
v -0.132681 3.514437 -0.096992
v -0.105810 3.514437 -0.121624
v -0.073633 3.514437 -0.140158
v -0.037763 3.514437 -0.151663
v -0.000000 3.514437 -0.155563
v 0.037763 3.514437 -0.151663
v 0.073633 3.514437 -0.140158
v 0.105810 3.514437 -0.121624
v 0.132681 3.514437 -0.096992
v 0.152899 3.514437 -0.067496
v 0.165451 3.514437 -0.034616
v 0.133337 3.487077 0.000000
v 0.129994 3.487077 0.027198
v 0.120132 3.487077 0.053032
v 0.104247 3.487077 0.076206
v 0.083134 3.487077 0.095560
v 0.057853 3.487077 0.110121
v 0.029670 3.487077 0.119161
v 0.000000 3.487077 0.122225
v -0.029670 3.487077 0.119161
v -0.057853 3.487077 0.110121
v -0.083134 3.487077 0.095560
v -0.104247 3.487077 0.076206
v -0.120132 3.487077 0.053032
v -0.129994 3.487077 0.027198
v -0.133337 3.487077 0.000000
v -0.129994 3.487077 -0.027198
v -0.120132 3.487077 -0.053032
v -0.104247 3.487077 -0.076206
v -0.083134 3.487077 -0.095560
v -0.057853 3.487077 -0.110121
v -0.029670 3.487077 -0.119161
v -0.000000 3.487077 -0.122225
v 0.029670 3.487077 -0.119161
v 0.057853 3.487077 -0.110121
v 0.083134 3.487077 -0.095560
v 0.104247 3.487077 -0.076206
v 0.120132 3.487077 -0.053032
v 0.129994 3.487077 -0.027198
v 0.091844 3.466747 0.000000
v 0.089541 3.466747 0.018734
v 0.082749 3.466747 0.036529
v 0.071807 3.466747 0.052492
v 0.057264 3.466747 0.065823
v 0.039850 3.466747 0.075853
v 0.020437 3.466747 0.082080
v 0.000000 3.466747 0.084190
v -0.020437 3.466747 0.082080
v -0.039850 3.466747 0.075853
v -0.057264 3.466747 0.065823
v -0.071807 3.466747 0.052492
v -0.082749 3.466747 0.036529
v -0.089541 3.466747 0.018734
v -0.091844 3.466747 0.000000
v -0.089541 3.466747 -0.018734
v -0.082749 3.466747 -0.036529
v -0.071807 3.466747 -0.052492
v -0.057264 3.466747 -0.065823
v -0.039850 3.466747 -0.075853
v -0.020437 3.466747 -0.082080
v -0.000000 3.466747 -0.084190
v 0.020437 3.466747 -0.082080
v 0.039850 3.466747 -0.075853
v 0.057264 3.466747 -0.065823
v 0.071807 3.466747 -0.052492
v 0.082749 3.466747 -0.036529
v 0.089541 3.466747 -0.018734
v 0.046822 3.454227 0.000000
v 0.045648 3.454227 0.009551
v 0.042185 3.454227 0.018622
v 0.036607 3.454227 0.026760
v 0.029193 3.454227 0.033556
v 0.020315 3.454227 0.038669
v 0.010419 3.454227 0.041844
v 0.000000 3.454227 0.042920
v -0.010419 3.454227 0.041844
v -0.020315 3.454227 0.038669
v -0.029193 3.454227 0.033556
v -0.036607 3.454227 0.026760
v -0.042185 3.454227 0.018622
v -0.045648 3.454227 0.009551
v -0.046822 3.454227 0.000000
v -0.045648 3.454227 -0.009551
v -0.042185 3.454227 -0.018622
v -0.036607 3.454227 -0.026760
v -0.029193 3.454227 -0.033556
v -0.020315 3.454227 -0.038669
v -0.010419 3.454227 -0.041844
v -0.000000 3.454227 -0.042920
v 0.010419 3.454227 -0.041844
v 0.020315 3.454227 -0.038669
v 0.029193 3.454227 -0.033556
v 0.036607 3.454227 -0.026760
v 0.042185 3.454227 -0.018622
v 0.045648 3.454227 -0.009551
v 0.000000 3.450000 0.000000
v 0.000000 3.450000 0.000000
v 0.000000 3.450000 0.000000
v 0.000000 3.450000 0.000000
v 0.000000 3.450000 0.000000
v 0.000000 3.450000 0.000000
v 0.000000 3.450000 0.000000
v 0.000000 3.450000 0.000000
v -0.000000 3.450000 0.000000
v -0.000000 3.450000 0.000000
v -0.000000 3.450000 0.000000
v -0.000000 3.450000 0.000000
v -0.000000 3.450000 0.000000
v -0.000000 3.450000 0.000000
v -0.000000 3.450000 0.000000
v -0.000000 3.450000 -0.000000
v -0.000000 3.450000 -0.000000
v -0.000000 3.450000 -0.000000
v -0.000000 3.450000 -0.000000
v -0.000000 3.450000 -0.000000
v -0.000000 3.450000 -0.000000
v -0.000000 3.450000 -0.000000
v 0.000000 3.450000 -0.000000
v 0.000000 3.450000 -0.000000
v 0.000000 3.450000 -0.000000
v 0.000000 3.450000 -0.000000
v 0.000000 3.450000 -0.000000
v 0.000000 3.450000 -0.000000
v 0.335000 1.990000 0.000000
v 0.328316 2.010572 0.000000
v 0.310816 2.023287 0.000000
v 0.289184 2.023287 0.000000
v 0.271684 2.010572 0.000000
v 0.265000 1.990000 0.000000
v 0.271684 1.969428 0.000000
v 0.289184 1.956713 0.000000
v 0.310816 1.956713 0.000000
v 0.328316 1.969428 0.000000
v 0.329911 1.990000 0.058172
v 0.323328 2.010572 0.057011
v 0.306094 2.023287 0.053973
v 0.284791 2.023287 0.050216
v 0.267557 2.010572 0.047178
v 0.260974 1.990000 0.046017
v 0.267557 1.969428 0.047178
v 0.284791 1.956713 0.050216
v 0.306094 1.956713 0.053973
v 0.323328 1.969428 0.057011
v 0.314797 1.990000 0.114577
v 0.308516 2.010572 0.112291
v 0.292071 2.023287 0.106305
v 0.271744 2.023287 0.098907
v 0.255300 2.010572 0.092922
v 0.249019 1.990000 0.090635
v 0.255300 1.969428 0.092922
v 0.271744 1.956713 0.098907
v 0.292071 1.956713 0.106305
v 0.308516 1.969428 0.112291
v 0.290119 1.990000 0.167500
v 0.284330 2.010572 0.164158
v 0.269174 2.023287 0.155408
v 0.250441 2.023287 0.144592
v 0.235286 2.010572 0.135842
v 0.229497 1.990000 0.132500
v 0.235286 1.969428 0.135842
v 0.250441 1.956713 0.144592
v 0.269174 1.956713 0.155408
v 0.284330 1.969428 0.164158
v 0.256625 1.990000 0.215334
v 0.251504 2.010572 0.211037
v 0.238099 2.023287 0.199788
v 0.221528 2.023287 0.185884
v 0.208122 2.010572 0.174635
v 0.203002 1.990000 0.170339
v 0.208122 1.969428 0.174635
v 0.221528 1.956713 0.185884
v 0.238099 1.956713 0.199788
v 0.251504 1.969428 0.211037
v 0.215334 1.990000 0.256625
v 0.211037 2.010572 0.251504
v 0.199788 2.023287 0.238099
v 0.185884 2.023287 0.221528
v 0.174635 2.010572 0.208122
v 0.170339 1.990000 0.203002
v 0.174635 1.969428 0.208122
v 0.185884 1.956713 0.221528
v 0.199788 1.956713 0.238099
v 0.211037 1.969428 0.251504
v 0.167500 1.990000 0.290119
v 0.164158 2.010572 0.284330
v 0.155408 2.023287 0.269174
v 0.144592 2.023287 0.250441
v 0.135842 2.010572 0.235286
v 0.132500 1.990000 0.229497
v 0.135842 1.969428 0.235286
v 0.144592 1.956713 0.250441
v 0.155408 1.956713 0.269174
v 0.164158 1.969428 0.284330
v 0.114577 1.990000 0.314797
v 0.112291 2.010572 0.308516
v 0.106305 2.023287 0.292071
v 0.098907 2.023287 0.271744
v 0.092922 2.010572 0.255300
v 0.090635 1.990000 0.249019
v 0.092922 1.969428 0.255300
v 0.098907 1.956713 0.271744
v 0.106305 1.956713 0.292071
v 0.112291 1.969428 0.308516
v 0.058172 1.990000 0.329911
v 0.057011 2.010572 0.323328
v 0.053973 2.023287 0.306094
v 0.050216 2.023287 0.284791
v 0.047178 2.010572 0.267557
v 0.046017 1.990000 0.260974
v 0.047178 1.969428 0.267557
v 0.050216 1.956713 0.284791
v 0.053973 1.956713 0.306094
v 0.057011 1.969428 0.323328
v 0.000000 1.990000 0.335000
v 0.000000 2.010572 0.328316
v 0.000000 2.023287 0.310816
v 0.000000 2.023287 0.289184
v 0.000000 2.010572 0.271684
v 0.000000 1.990000 0.265000
v 0.000000 1.969428 0.271684
v 0.000000 1.956713 0.289184
v 0.000000 1.956713 0.310816
v 0.000000 1.969428 0.328316
v -0.058172 1.990000 0.329911
v -0.057011 2.010572 0.323328
v -0.053973 2.023287 0.306094
v -0.050216 2.023287 0.284791
v -0.047178 2.010572 0.267557
v -0.046017 1.990000 0.260974
v -0.047178 1.969428 0.267557
v -0.050216 1.956713 0.284791
v -0.053973 1.956713 0.306094
v -0.057011 1.969428 0.323328
v -0.114577 1.990000 0.314797
v -0.112291 2.010572 0.308516
v -0.106305 2.023287 0.292071
v -0.098907 2.023287 0.271744
v -0.092922 2.010572 0.255300
v -0.090635 1.990000 0.249019
v -0.092922 1.969428 0.255300
v -0.098907 1.956713 0.271744
v -0.106305 1.956713 0.292071
v -0.112291 1.969428 0.308516
v -0.167500 1.990000 0.290119
v -0.164158 2.010572 0.284330
v -0.155408 2.023287 0.269174
v -0.144592 2.023287 0.250441
v -0.135842 2.010572 0.235286
v -0.132500 1.990000 0.229497
v -0.135842 1.969428 0.235286
v -0.144592 1.956713 0.250441
v -0.155408 1.956713 0.269174
v -0.164158 1.969428 0.284330
v -0.215334 1.990000 0.256625
v -0.211037 2.010572 0.251504
v -0.199788 2.023287 0.238099
v -0.185884 2.023287 0.221528
v -0.174635 2.010572 0.208122
v -0.170339 1.990000 0.203002
v -0.174635 1.969428 0.208122
v -0.185884 1.956713 0.221528
v -0.199788 1.956713 0.238099
v -0.211037 1.969428 0.251504
v -0.256625 1.990000 0.215334
v -0.251504 2.010572 0.211037
v -0.238099 2.023287 0.199788
v -0.221528 2.023287 0.185884
v -0.208122 2.010572 0.174635
v -0.203002 1.990000 0.170339
v -0.208122 1.969428 0.174635
v -0.221528 1.956713 0.185884
v -0.238099 1.956713 0.199788
v -0.251504 1.969428 0.211037
v -0.290119 1.990000 0.167500
v -0.284330 2.010572 0.164158
v -0.269174 2.023287 0.155408
v -0.250441 2.023287 0.144592
v -0.235286 2.010572 0.135842
v -0.229497 1.990000 0.132500
v -0.235286 1.969428 0.135842
v -0.250441 1.956713 0.144592
v -0.269174 1.956713 0.155408
v -0.284330 1.969428 0.164158
v -0.314797 1.990000 0.114577
v -0.308516 2.010572 0.112291
v -0.292071 2.023287 0.106305
v -0.271744 2.023287 0.098907
v -0.255300 2.010572 0.092922
v -0.249019 1.990000 0.090635
v -0.255300 1.969428 0.092922
v -0.271744 1.956713 0.098907
v -0.292071 1.956713 0.106305
v -0.308516 1.969428 0.112291
v -0.329911 1.990000 0.058172
v -0.323328 2.010572 0.057011
v -0.306094 2.023287 0.053973
v -0.284791 2.023287 0.050216
v -0.267557 2.010572 0.047178
v -0.260974 1.990000 0.046017
v -0.267557 1.969428 0.047178
v -0.284791 1.956713 0.050216
v -0.306094 1.956713 0.053973
v -0.323328 1.969428 0.057011
v -0.335000 1.990000 0.000000
v -0.328316 2.010572 0.000000
v -0.310816 2.023287 0.000000
v -0.289184 2.023287 0.000000
v -0.271684 2.010572 0.000000
v -0.265000 1.990000 0.000000
v -0.271684 1.969428 0.000000
v -0.289184 1.956713 0.000000
v -0.310816 1.956713 0.000000
v -0.328316 1.969428 0.000000
v -0.329911 1.990000 -0.058172
v -0.323328 2.010572 -0.057011
v -0.306094 2.023287 -0.053973
v -0.284791 2.023287 -0.050216
v -0.267557 2.010572 -0.047178
v -0.260974 1.990000 -0.046017
v -0.267557 1.969428 -0.047178
v -0.284791 1.956713 -0.050216
v -0.306094 1.956713 -0.053973
v -0.323328 1.969428 -0.057011
v -0.314797 1.990000 -0.114577
v -0.308516 2.010572 -0.112291
v -0.292071 2.023287 -0.106305
v -0.271744 2.023287 -0.098907
v -0.255300 2.010572 -0.092922
v -0.249019 1.990000 -0.090635
v -0.255300 1.969428 -0.092922
v -0.271744 1.956713 -0.098907
v -0.292071 1.956713 -0.106305
v -0.308516 1.969428 -0.112291
v -0.290119 1.990000 -0.167500
v -0.284330 2.010572 -0.164158
v -0.269174 2.023287 -0.155408
v -0.250441 2.023287 -0.144592
v -0.235286 2.010572 -0.135842
v -0.229497 1.990000 -0.132500
v -0.235286 1.969428 -0.135842
v -0.250441 1.956713 -0.144592
v -0.269174 1.956713 -0.155408
v -0.284330 1.969428 -0.164158
v -0.256625 1.990000 -0.215334
v -0.251504 2.010572 -0.211037
v -0.238099 2.023287 -0.199788
v -0.221528 2.023287 -0.185884
v -0.208122 2.010572 -0.174635
v -0.203002 1.990000 -0.170339
v -0.208122 1.969428 -0.174635
v -0.221528 1.956713 -0.185884
v -0.238099 1.956713 -0.199788
v -0.251504 1.969428 -0.211037
v -0.215334 1.990000 -0.256625
v -0.211037 2.010572 -0.251504
v -0.199788 2.023287 -0.238099
v -0.185884 2.023287 -0.221528
v -0.174635 2.010572 -0.208122
v -0.170339 1.990000 -0.203002
v -0.174635 1.969428 -0.208122
v -0.185884 1.956713 -0.221528
v -0.199788 1.956713 -0.238099
v -0.211037 1.969428 -0.251504
v -0.167500 1.990000 -0.290119
v -0.164158 2.010572 -0.284330
v -0.155408 2.023287 -0.269174
v -0.144592 2.023287 -0.250441
v -0.135842 2.010572 -0.235286
v -0.132500 1.990000 -0.229497
v -0.135842 1.969428 -0.235286
v -0.144592 1.956713 -0.250441
v -0.155408 1.956713 -0.269174
v -0.164158 1.969428 -0.284330
v -0.114577 1.990000 -0.314797
v -0.112291 2.010572 -0.308516
v -0.106305 2.023287 -0.292071
v -0.098907 2.023287 -0.271744
v -0.092922 2.010572 -0.255300
v -0.090635 1.990000 -0.249019
v -0.092922 1.969428 -0.255300
v -0.098907 1.956713 -0.271744
v -0.106305 1.956713 -0.292071
v -0.112291 1.969428 -0.308516
v -0.058172 1.990000 -0.329911
v -0.057011 2.010572 -0.323328
v -0.053973 2.023287 -0.306094
v -0.050216 2.023287 -0.284791
v -0.047178 2.010572 -0.267557
v -0.046017 1.990000 -0.260974
v -0.047178 1.969428 -0.267557
v -0.050216 1.956713 -0.284791
v -0.053973 1.956713 -0.306094
v -0.057011 1.969428 -0.323328
v -0.000000 1.990000 -0.335000
v -0.000000 2.010572 -0.328316
v -0.000000 2.023287 -0.310816
v -0.000000 2.023287 -0.289184
v -0.000000 2.010572 -0.271684
v -0.000000 1.990000 -0.265000
v -0.000000 1.969428 -0.271684
v -0.000000 1.956713 -0.289184
v -0.000000 1.956713 -0.310816
v -0.000000 1.969428 -0.328316
v 0.058172 1.990000 -0.329911
v 0.057011 2.010572 -0.323328
v 0.053973 2.023287 -0.306094
v 0.050216 2.023287 -0.284791
v 0.047178 2.010572 -0.267557
v 0.046017 1.990000 -0.260974
v 0.047178 1.969428 -0.267557
v 0.050216 1.956713 -0.284791
v 0.053973 1.956713 -0.306094
v 0.057011 1.969428 -0.323328
v 0.114577 1.990000 -0.314797
v 0.112291 2.010572 -0.308516
v 0.106305 2.023287 -0.292071
v 0.098907 2.023287 -0.271744
v 0.092922 2.010572 -0.255300
v 0.090635 1.990000 -0.249019
v 0.092922 1.969428 -0.255300
v 0.098907 1.956713 -0.271744
v 0.106305 1.956713 -0.292071
v 0.112291 1.969428 -0.308516
v 0.167500 1.990000 -0.290119
v 0.164158 2.010572 -0.284330
v 0.155408 2.023287 -0.269174
v 0.144592 2.023287 -0.250441
v 0.135842 2.010572 -0.235286
v 0.132500 1.990000 -0.229497
v 0.135842 1.969428 -0.235286
v 0.144592 1.956713 -0.250441
v 0.155408 1.956713 -0.269174
v 0.164158 1.969428 -0.284330
v 0.215334 1.990000 -0.256625
v 0.211037 2.010572 -0.251504
v 0.199788 2.023287 -0.238099
v 0.185884 2.023287 -0.221528
v 0.174635 2.010572 -0.208122
v 0.170339 1.990000 -0.203002
v 0.174635 1.969428 -0.208122
v 0.185884 1.956713 -0.221528
v 0.199788 1.956713 -0.238099
v 0.211037 1.969428 -0.251504
v 0.256625 1.990000 -0.215334
v 0.251504 2.010572 -0.211037
v 0.238099 2.023287 -0.199788
v 0.221528 2.023287 -0.185884
v 0.208122 2.010572 -0.174635
v 0.203002 1.990000 -0.170339
v 0.208122 1.969428 -0.174635
v 0.221528 1.956713 -0.185884
v 0.238099 1.956713 -0.199788
v 0.251504 1.969428 -0.211037
v 0.290119 1.990000 -0.167500
v 0.284330 2.010572 -0.164158
v 0.269174 2.023287 -0.155408
v 0.250441 2.023287 -0.144592
v 0.235286 2.010572 -0.135842
v 0.229497 1.990000 -0.132500
v 0.235286 1.969428 -0.135842
v 0.250441 1.956713 -0.144592
v 0.269174 1.956713 -0.155408
v 0.284330 1.969428 -0.164158
v 0.314797 1.990000 -0.114577
v 0.308516 2.010572 -0.112291
v 0.292071 2.023287 -0.106305
v 0.271744 2.023287 -0.098907
v 0.255300 2.010572 -0.092922
v 0.249019 1.990000 -0.090635
v 0.255300 1.969428 -0.092922
v 0.271744 1.956713 -0.098907
v 0.292071 1.956713 -0.106305
v 0.308516 1.969428 -0.112291
v 0.329911 1.990000 -0.058172
v 0.323328 2.010572 -0.057011
v 0.306094 2.023287 -0.053973
v 0.284791 2.023287 -0.050216
v 0.267557 2.010572 -0.047178
v 0.260974 1.990000 -0.046017
v 0.267557 1.969428 -0.047178
v 0.284791 1.956713 -0.050216
v 0.306094 1.956713 -0.053973
v 0.323328 1.969428 -0.057011
v -0.425192 1.930645 -0.009450
v -0.425192 1.930645 -0.009450
v -0.425192 1.930645 -0.009450
v -0.425192 1.930645 -0.009450
v -0.425192 1.930645 -0.009450
v -0.425192 1.930645 -0.009450
v -0.425192 1.930645 -0.009450
v -0.425192 1.930645 -0.009450
v -0.425192 1.930645 -0.009450
v -0.425192 1.930645 -0.009450
v -0.425192 1.930645 -0.009450
v -0.425192 1.930645 -0.009450
v -0.425192 1.930645 -0.009450
v -0.425192 1.930645 -0.009450
v -0.425192 1.930645 -0.009450
v -0.425192 1.930645 -0.009450
v -0.425192 1.930645 -0.009450
v -0.425192 1.930645 -0.009450
v -0.425192 1.930645 -0.009450
v -0.425192 1.930645 -0.009450
v -0.425192 1.930645 -0.009450
v -0.425192 1.930645 -0.009450
v -0.425192 1.930645 -0.009450
v -0.425192 1.930645 -0.009450
v -0.427874 1.925867 0.043455
v -0.440745 1.930138 0.041411
v -0.452738 1.933908 0.035932
v -0.463037 1.936919 0.027392
v -0.470940 1.938967 0.016373
v -0.475908 1.939912 0.003625
v -0.477602 1.939690 -0.009982
v -0.475908 1.938315 -0.023521
v -0.470940 1.935882 -0.036070
v -0.463037 1.932556 -0.046773
v -0.452738 1.928564 -0.054901
v -0.440745 1.924179 -0.059900
v -0.427874 1.919697 -0.061429
v -0.415004 1.915427 -0.059385
v -0.403010 1.911657 -0.053906
v -0.392711 1.908646 -0.045366
v -0.384809 1.906598 -0.034347
v -0.379841 1.905653 -0.021600
v -0.378146 1.905875 -0.007993
v -0.379841 1.907249 0.005547
v -0.384809 1.909682 0.018095
v -0.392711 1.913008 0.028798
v -0.403010 1.917000 0.036926
v -0.415004 1.921386 0.041926
v -0.435659 1.905832 0.092106
v -0.460140 1.913956 0.088218
v -0.482953 1.921126 0.077796
v -0.502543 1.926854 0.061552
v -0.517575 1.930750 0.040592
v -0.527024 1.932547 0.016345
v -0.530247 1.932124 -0.009537
v -0.527024 1.929510 -0.035290
v -0.517575 1.924882 -0.059159
v -0.502543 1.918556 -0.079517
v -0.482953 1.910963 -0.094978
v -0.460140 1.902620 -0.104487
v -0.435659 1.894097 -0.107396
v -0.411178 1.885973 -0.103507
v -0.388365 1.878803 -0.093086
v -0.368775 1.873075 -0.076842
v -0.353744 1.869179 -0.055882
v -0.344294 1.867382 -0.031635
v -0.341071 1.867805 -0.005753
v -0.344294 1.870419 0.020000
v -0.353744 1.875047 0.043869
v -0.368775 1.881373 0.064227
v -0.388365 1.888966 0.079688
v -0.411178 1.897309 0.089197
v -0.447785 1.872501 0.131741
v -0.481480 1.883682 0.126389
v -0.512879 1.893551 0.112045
v -0.539842 1.901435 0.089687
v -0.560532 1.906797 0.060838
v -0.573537 1.909271 0.027465
v -0.577974 1.908689 -0.008158
v -0.573537 1.905090 -0.043604
v -0.560532 1.898721 -0.076457
v -0.539842 1.890013 -0.104478
v -0.512879 1.879563 -0.125758
v -0.481480 1.868080 -0.138846
v -0.447785 1.856348 -0.142850
v -0.414089 1.845167 -0.137498
v -0.382690 1.835298 -0.123154
v -0.355727 1.827414 -0.100796
v -0.335038 1.822053 -0.071947
v -0.322032 1.819578 -0.038574
v -0.317595 1.820160 -0.002951
v -0.322032 1.823759 0.032495
v -0.335038 1.830129 0.065348
v -0.355727 1.838836 0.093369
v -0.382690 1.849287 0.114649
v -0.414089 1.860769 0.127737
v -0.463063 1.829136 0.158480
v -0.502675 1.842280 0.152189
v -0.539587 1.853882 0.135326
v -0.571283 1.863150 0.109043
v -0.595605 1.869453 0.075129
v -0.610895 1.872362 0.035897
v -0.616110 1.871678 -0.005981
v -0.610895 1.867447 -0.047650
v -0.595605 1.859959 -0.086271
v -0.571283 1.849723 -0.119212
v -0.539587 1.837438 -0.144228
v -0.502675 1.823939 -0.159613
v -0.463063 1.810148 -0.164321
v -0.423452 1.797003 -0.158029
v -0.386540 1.785402 -0.141167
v -0.354843 1.776134 -0.114883
v -0.330521 1.769831 -0.080970
v -0.315232 1.766922 -0.041737
v -0.310017 1.767606 0.000141
v -0.315232 1.771837 0.041810
v -0.330521 1.779325 0.080431
v -0.354843 1.789561 0.113372
v -0.386540 1.801846 0.138387
v -0.423452 1.815345 0.153773
v -0.480000 1.779983 0.169707
v -0.521650 1.793804 0.163091
v -0.560461 1.806002 0.145361
v -0.593789 1.815747 0.117725
v -0.619363 1.822375 0.082066
v -0.635439 1.825433 0.040815
v -0.640923 1.824714 -0.003218
v -0.635439 1.820266 -0.047032
v -0.619363 1.812392 -0.087641
v -0.593789 1.801630 -0.122277
v -0.560461 1.788712 -0.148579
v -0.521650 1.774518 -0.164757
v -0.480000 1.760017 -0.169707
v -0.438350 1.746196 -0.163091
v -0.399539 1.733998 -0.145361
v -0.366211 1.724253 -0.117725
v -0.340637 1.717625 -0.082066
v -0.324561 1.714567 -0.040815
v -0.319077 1.715286 0.003218
v -0.324561 1.719734 0.047032
v -0.340637 1.727608 0.087641
v -0.366211 1.738370 0.122277
v -0.399539 1.751288 0.148579
v -0.438350 1.765482 0.164757
v -0.770000 0.929983 0.219707
v -0.811650 0.943804 0.213091
v -0.850461 0.956002 0.195361
v -0.883789 0.965747 0.167725
v -0.909363 0.972375 0.132066
v -0.925439 0.975433 0.090815
v -0.930923 0.974714 0.046782
v -0.925439 0.970266 0.002968
v -0.909363 0.962392 -0.037641
v -0.883789 0.951630 -0.072277
v -0.850461 0.938712 -0.098579
v -0.811650 0.924518 -0.114757
v -0.770000 0.910017 -0.119707
v -0.728350 0.896196 -0.113091
v -0.689539 0.883998 -0.095361
v -0.656211 0.874253 -0.067725
v -0.630637 0.867625 -0.032066
v -0.614561 0.864567 0.009185
v -0.609077 0.865286 0.053218
v -0.614561 0.869734 0.097032
v -0.630637 0.877608 0.137641
v -0.656211 0.888370 0.172277
v -0.689539 0.901288 0.198579
v -0.728350 0.915482 0.214757
v -0.786937 0.879852 0.214321
v -0.826548 0.892997 0.208029
v -0.863460 0.904598 0.191167
v -0.895157 0.913866 0.164883
v -0.919479 0.920169 0.130970
v -0.934768 0.923078 0.091737
v -0.939983 0.922394 0.049859
v -0.934768 0.918163 0.008190
v -0.919479 0.910675 -0.030431
v -0.895157 0.900439 -0.063372
v -0.863460 0.888154 -0.088387
v -0.826548 0.874655 -0.103773
v -0.786937 0.860864 -0.108480
v -0.747325 0.847720 -0.102189
v -0.710413 0.836118 -0.085326
v -0.678717 0.826850 -0.059043
v -0.654395 0.820547 -0.025129
v -0.639105 0.817638 0.014103
v -0.633890 0.818322 0.055981
v -0.639105 0.822553 0.097650
v -0.654395 0.830041 0.136271
v -0.678717 0.840277 0.169212
v -0.710413 0.852562 0.194228
v -0.747325 0.866061 0.209613
v -0.802215 0.833652 0.192850
v -0.835911 0.844833 0.187498
v -0.867310 0.854702 0.173154
v -0.894273 0.862586 0.150796
v -0.914962 0.867947 0.121947
v -0.927968 0.870422 0.088574
v -0.932405 0.869840 0.052951
v -0.927968 0.866241 0.017505
v -0.914962 0.859871 -0.015348
v -0.894273 0.851164 -0.043369
v -0.867310 0.840713 -0.064649
v -0.835911 0.829231 -0.077737
v -0.802215 0.817499 -0.081741
v -0.768520 0.806318 -0.076389
v -0.737121 0.796449 -0.062045
v -0.710158 0.788565 -0.039687
v -0.689468 0.783203 -0.010838
v -0.676463 0.780729 0.022535
v -0.672026 0.781311 0.058158
v -0.676463 0.784910 0.093604
v -0.689468 0.791279 0.126457
v -0.710158 0.799987 0.154478
v -0.737121 0.810437 0.175758
v -0.768520 0.821920 0.188846
v -0.814341 0.795903 0.157396
v -0.838822 0.804027 0.153507
v -0.861635 0.811197 0.143086
v -0.881225 0.816925 0.126842
v -0.896256 0.820821 0.105882
v -0.905706 0.822618 0.081635
v -0.908929 0.822195 0.055753
v -0.905706 0.819581 0.030000
v -0.896256 0.814953 0.006131
v -0.881225 0.808627 -0.014227
v -0.861635 0.801034 -0.029688
v -0.838822 0.792691 -0.039197
v -0.814341 0.784168 -0.042106
v -0.789860 0.776044 -0.038218
v -0.767047 0.768874 -0.027796
v -0.747457 0.763146 -0.011552
v -0.732425 0.759250 0.009408
v -0.722976 0.757453 0.033655
v -0.719753 0.757876 0.059537
v -0.722976 0.760490 0.085290
v -0.732425 0.765118 0.109159
v -0.747457 0.771444 0.129517
v -0.767047 0.779037 0.144978
v -0.789860 0.787380 0.154487
v -0.822126 0.770303 0.111429
v -0.834996 0.774573 0.109385
v -0.846990 0.778343 0.103906
v -0.857289 0.781354 0.095366
v -0.865191 0.783402 0.084347
v -0.870159 0.784347 0.071600
v -0.871854 0.784125 0.057993
v -0.870159 0.782751 0.044453
v -0.865191 0.780318 0.031905
v -0.857289 0.776992 0.021202
v -0.846990 0.773000 0.013074
v -0.834996 0.768614 0.008074
v -0.822126 0.764133 0.006545
v -0.809255 0.759862 0.008589
v -0.797262 0.756092 0.014068
v -0.786963 0.753081 0.022608
v -0.779060 0.751033 0.033627
v -0.774092 0.750088 0.046375
v -0.772398 0.750310 0.059982
v -0.774092 0.751685 0.073521
v -0.779060 0.754118 0.086070
v -0.786963 0.757444 0.096773
v -0.797262 0.761436 0.104901
v -0.809255 0.765821 0.109900
v -0.824808 0.759355 0.059450
v -0.824808 0.759355 0.059450
v -0.824808 0.759355 0.059450
v -0.824808 0.759355 0.059450
v -0.824808 0.759355 0.059450
v -0.824808 0.759355 0.059450
v -0.824808 0.759355 0.059450
v -0.824808 0.759355 0.059450
v -0.824808 0.759355 0.059450
v -0.824808 0.759355 0.059450
v -0.824808 0.759355 0.059450
v -0.824808 0.759355 0.059450
v -0.824808 0.759355 0.059450
v -0.824808 0.759355 0.059450
v -0.824808 0.759355 0.059450
v -0.824808 0.759355 0.059450
v -0.824808 0.759355 0.059450
v -0.824808 0.759355 0.059450
v -0.824808 0.759355 0.059450
v -0.824808 0.759355 0.059450
v -0.824808 0.759355 0.059450
v -0.824808 0.759355 0.059450
v -0.824808 0.759355 0.059450
v -0.824808 0.759355 0.059450
v 0.425192 1.930645 -0.009450
v 0.425192 1.930645 -0.009450
v 0.425192 1.930645 -0.009450
v 0.425192 1.930645 -0.009450
v 0.425192 1.930645 -0.009450
v 0.425192 1.930645 -0.009450
v 0.425192 1.930645 -0.009450
v 0.425192 1.930645 -0.009450
v 0.425192 1.930645 -0.009450
v 0.425192 1.930645 -0.009450
v 0.425192 1.930645 -0.009450
v 0.425192 1.930645 -0.009450
v 0.425192 1.930645 -0.009450
v 0.425192 1.930645 -0.009450
v 0.425192 1.930645 -0.009450
v 0.425192 1.930645 -0.009450
v 0.425192 1.930645 -0.009450
v 0.425192 1.930645 -0.009450
v 0.425192 1.930645 -0.009450
v 0.425192 1.930645 -0.009450
v 0.425192 1.930645 -0.009450
v 0.425192 1.930645 -0.009450
v 0.425192 1.930645 -0.009450
v 0.425192 1.930645 -0.009450
v 0.427874 1.925867 0.043455
v 0.415004 1.921386 0.041926
v 0.403010 1.917000 0.036926
v 0.392711 1.913008 0.028798
v 0.384809 1.909682 0.018095
v 0.379841 1.907249 0.005547
v 0.378146 1.905875 -0.007993
v 0.379841 1.905653 -0.021600
v 0.384809 1.906598 -0.034347
v 0.392711 1.908646 -0.045366
v 0.403010 1.911657 -0.053906
v 0.415004 1.915427 -0.059385
v 0.427874 1.919697 -0.061429
v 0.440745 1.924179 -0.059900
v 0.452738 1.928564 -0.054901
v 0.463037 1.932556 -0.046773
v 0.470940 1.935882 -0.036070
v 0.475908 1.938315 -0.023521
v 0.477602 1.939690 -0.009982
v 0.475908 1.939912 0.003625
v 0.470940 1.938967 0.016373
v 0.463037 1.936919 0.027392
v 0.452738 1.933908 0.035932
v 0.440745 1.930138 0.041411
v 0.435659 1.905832 0.092106
v 0.411178 1.897309 0.089197
v 0.388365 1.888966 0.079688
v 0.368775 1.881373 0.064227
v 0.353744 1.875047 0.043869
v 0.344294 1.870419 0.020000
v 0.341071 1.867805 -0.005753
v 0.344294 1.867382 -0.031635
v 0.353744 1.869179 -0.055882
v 0.368775 1.873075 -0.076842
v 0.388365 1.878803 -0.093086
v 0.411178 1.885973 -0.103507
v 0.435659 1.894097 -0.107396
v 0.460140 1.902620 -0.104487
v 0.482953 1.910963 -0.094978
v 0.502543 1.918556 -0.079517
v 0.517575 1.924882 -0.059159
v 0.527024 1.929510 -0.035290
v 0.530247 1.932124 -0.009537
v 0.527024 1.932547 0.016345
v 0.517575 1.930750 0.040592
v 0.502543 1.926854 0.061552
v 0.482953 1.921126 0.077796
v 0.460140 1.913956 0.088218
v 0.447785 1.872501 0.131741
v 0.414089 1.860769 0.127737
v 0.382690 1.849287 0.114649
v 0.355727 1.838836 0.093369
v 0.335038 1.830129 0.065348
v 0.322032 1.823759 0.032495
v 0.317595 1.820160 -0.002951
v 0.322032 1.819578 -0.038574
v 0.335038 1.822053 -0.071947
v 0.355727 1.827414 -0.100796
v 0.382690 1.835298 -0.123154
v 0.414089 1.845167 -0.137498
v 0.447785 1.856348 -0.142850
v 0.481480 1.868080 -0.138846
v 0.512879 1.879563 -0.125758
v 0.539842 1.890013 -0.104478
v 0.560532 1.898721 -0.076457
v 0.573537 1.905090 -0.043604
v 0.577974 1.908689 -0.008158
v 0.573537 1.909271 0.027465
v 0.560532 1.906797 0.060838
v 0.539842 1.901435 0.089687
v 0.512879 1.893551 0.112045
v 0.481480 1.883682 0.126389
v 0.463063 1.829136 0.158480
v 0.423452 1.815345 0.153773
v 0.386540 1.801846 0.138387
v 0.354843 1.789561 0.113372
v 0.330521 1.779325 0.080431
v 0.315232 1.771837 0.041810
v 0.310017 1.767606 0.000141
v 0.315232 1.766922 -0.041737
v 0.330521 1.769831 -0.080970
v 0.354843 1.776134 -0.114883
v 0.386540 1.785402 -0.141167
v 0.423452 1.797003 -0.158029
v 0.463063 1.810148 -0.164321
v 0.502675 1.823939 -0.159613
v 0.539587 1.837438 -0.144228
v 0.571283 1.849723 -0.119212
v 0.595605 1.859959 -0.086271
v 0.610895 1.867447 -0.047650
v 0.616110 1.871678 -0.005981
v 0.610895 1.872362 0.035897
v 0.595605 1.869453 0.075129
v 0.571283 1.863150 0.109043
v 0.539587 1.853882 0.135326
v 0.502675 1.842280 0.152189
v 0.480000 1.779983 0.169707
v 0.438350 1.765482 0.164757
v 0.399539 1.751288 0.148579
v 0.366211 1.738370 0.122277
v 0.340637 1.727608 0.087641
v 0.324561 1.719734 0.047032
v 0.319077 1.715286 0.003218
v 0.324561 1.714567 -0.040815
v 0.340637 1.717625 -0.082066
v 0.366211 1.724253 -0.117725
v 0.399539 1.733998 -0.145361
v 0.438350 1.746196 -0.163091
v 0.480000 1.760017 -0.169707
v 0.521650 1.774518 -0.164757
v 0.560461 1.788712 -0.148579
v 0.593789 1.801630 -0.122277
v 0.619363 1.812392 -0.087641
v 0.635439 1.820266 -0.047032
v 0.640923 1.824714 -0.003218
v 0.635439 1.825433 0.040815
v 0.619363 1.822375 0.082066
v 0.593789 1.815747 0.117725
v 0.560461 1.806002 0.145361
v 0.521650 1.793804 0.163091
v 0.770000 0.929983 0.219707
v 0.728350 0.915482 0.214757
v 0.689539 0.901288 0.198579
v 0.656211 0.888370 0.172277
v 0.630637 0.877608 0.137641
v 0.614561 0.869734 0.097032
v 0.609077 0.865286 0.053218
v 0.614561 0.864567 0.009185
v 0.630637 0.867625 -0.032066
v 0.656211 0.874253 -0.067725
v 0.689539 0.883998 -0.095361
v 0.728350 0.896196 -0.113091
v 0.770000 0.910017 -0.119707
v 0.811650 0.924518 -0.114757
v 0.850461 0.938712 -0.098579
v 0.883789 0.951630 -0.072277
v 0.909363 0.962392 -0.037641
v 0.925439 0.970266 0.002968
v 0.930923 0.974714 0.046782
v 0.925439 0.975433 0.090815
v 0.909363 0.972375 0.132066
v 0.883789 0.965747 0.167725
v 0.850461 0.956002 0.195361
v 0.811650 0.943804 0.213091
v 0.786937 0.879852 0.214321
v 0.747325 0.866061 0.209613
v 0.710413 0.852562 0.194228
v 0.678717 0.840277 0.169212
v 0.654395 0.830041 0.136271
v 0.639105 0.822553 0.097650
v 0.633890 0.818322 0.055981
v 0.639105 0.817638 0.014103
v 0.654395 0.820547 -0.025129
v 0.678717 0.826850 -0.059043
v 0.710413 0.836118 -0.085326
v 0.747325 0.847720 -0.102189
v 0.786937 0.860864 -0.108480
v 0.826548 0.874655 -0.103773
v 0.863460 0.888154 -0.088387
v 0.895157 0.900439 -0.063372
v 0.919479 0.910675 -0.030431
v 0.934768 0.918163 0.008190
v 0.939983 0.922394 0.049859
v 0.934768 0.923078 0.091737
v 0.919479 0.920169 0.130970
v 0.895157 0.913866 0.164883
v 0.863460 0.904598 0.191167
v 0.826548 0.892997 0.208029
v 0.802215 0.833652 0.192850
v 0.768520 0.821920 0.188846
v 0.737121 0.810437 0.175758
v 0.710158 0.799987 0.154478
v 0.689468 0.791279 0.126457
v 0.676463 0.784910 0.093604
v 0.672026 0.781311 0.058158
v 0.676463 0.780729 0.022535
v 0.689468 0.783203 -0.010838
v 0.710158 0.788565 -0.039687
v 0.737121 0.796449 -0.062045
v 0.768520 0.806318 -0.076389
v 0.802215 0.817499 -0.081741
v 0.835911 0.829231 -0.077737
v 0.867310 0.840713 -0.064649
v 0.894273 0.851164 -0.043369
v 0.914962 0.859871 -0.015348
v 0.927968 0.866241 0.017505
v 0.932405 0.869840 0.052951
v 0.927968 0.870422 0.088574
v 0.914962 0.867947 0.121947
v 0.894273 0.862586 0.150796
v 0.867310 0.854702 0.173154
v 0.835911 0.844833 0.187498
v 0.814341 0.795903 0.157396
v 0.789860 0.787380 0.154487
v 0.767047 0.779037 0.144978
v 0.747457 0.771444 0.129517
v 0.732425 0.765118 0.109159
v 0.722976 0.760490 0.085290
v 0.719753 0.757876 0.059537
v 0.722976 0.757453 0.033655
v 0.732425 0.759250 0.009408
v 0.747457 0.763146 -0.011552
v 0.767047 0.768874 -0.027796
v 0.789860 0.776044 -0.038218
v 0.814341 0.784168 -0.042106
v 0.838822 0.792691 -0.039197
v 0.861635 0.801034 -0.029688
v 0.881225 0.808627 -0.014227
v 0.896256 0.814953 0.006131
v 0.905706 0.819581 0.030000
v 0.908929 0.822195 0.055753
v 0.905706 0.822618 0.081635
v 0.896256 0.820821 0.105882
v 0.881225 0.816925 0.126842
v 0.861635 0.811197 0.143086
v 0.838822 0.804027 0.153507
v 0.822126 0.770303 0.111429
v 0.809255 0.765821 0.109900
v 0.797262 0.761436 0.104901
v 0.786963 0.757444 0.096773
v 0.779060 0.754118 0.086070
v 0.774092 0.751685 0.073521
v 0.772398 0.750310 0.059982
v 0.774092 0.750088 0.046375
v 0.779060 0.751033 0.033627
v 0.786963 0.753081 0.022608
v 0.797262 0.756092 0.014068
v 0.809255 0.759862 0.008589
v 0.822126 0.764133 0.006545
v 0.834996 0.768614 0.008074
v 0.846990 0.773000 0.013074
v 0.857289 0.776992 0.021202
v 0.865191 0.780318 0.031905
v 0.870159 0.782751 0.044453
v 0.871854 0.784125 0.057993
v 0.870159 0.784347 0.071600
v 0.865191 0.783402 0.084347
v 0.857289 0.781354 0.095366
v 0.846990 0.778343 0.103906
v 0.834996 0.774573 0.109385
v 0.824808 0.759355 0.059450
v 0.824808 0.759355 0.059450
v 0.824808 0.759355 0.059450
v 0.824808 0.759355 0.059450
v 0.824808 0.759355 0.059450
v 0.824808 0.759355 0.059450
v 0.824808 0.759355 0.059450
v 0.824808 0.759355 0.059450
v 0.824808 0.759355 0.059450
v 0.824808 0.759355 0.059450
v 0.824808 0.759355 0.059450
v 0.824808 0.759355 0.059450
v 0.824808 0.759355 0.059450
v 0.824808 0.759355 0.059450
v 0.824808 0.759355 0.059450
v 0.824808 0.759355 0.059450
v 0.824808 0.759355 0.059450
v 0.824808 0.759355 0.059450
v 0.824808 0.759355 0.059450
v 0.824808 0.759355 0.059450
v 0.824808 0.759355 0.059450
v 0.824808 0.759355 0.059450
v 0.824808 0.759355 0.059450
v 0.824808 0.759355 0.059450
v -0.800000 0.990000 0.060000
v -0.800000 0.990000 0.060000
v -0.800000 0.990000 0.060000
v -0.800000 0.990000 0.060000
v -0.800000 0.990000 0.060000
v -0.800000 0.990000 0.060000
v -0.800000 0.990000 0.060000
v -0.800000 0.990000 0.060000
v -0.800000 0.990000 0.060000
v -0.800000 0.990000 0.060000
v -0.800000 0.990000 0.060000
v -0.800000 0.990000 0.060000
v -0.800000 0.990000 0.060000
v -0.800000 0.990000 0.060000
v -0.800000 0.990000 0.060000
v -0.800000 0.990000 0.060000
v -0.800000 0.990000 0.060000
v -0.800000 0.990000 0.060000
v -0.800000 0.990000 0.060000
v -0.800000 0.990000 0.060000
v -0.800000 0.990000 0.060000
v -0.800000 0.990000 0.060000
v -0.759946 0.984484 0.060000
v -0.761569 0.984484 0.067523
v -0.766305 0.984484 0.074436
v -0.773770 0.984484 0.080180
v -0.783361 0.984484 0.084289
v -0.794300 0.984484 0.086431
v -0.805700 0.984484 0.086431
v -0.816639 0.984484 0.084289
v -0.826230 0.984484 0.080180
v -0.833695 0.984484 0.074436
v -0.838431 0.984484 0.067523
v -0.840054 0.984484 0.060000
v -0.838431 0.984484 0.052477
v -0.833695 0.984484 0.045564
v -0.826230 0.984484 0.039820
v -0.816639 0.984484 0.035711
v -0.805700 0.984484 0.033569
v -0.794300 0.984484 0.033569
v -0.783361 0.984484 0.035711
v -0.773770 0.984484 0.039820
v -0.766305 0.984484 0.045564
v -0.761569 0.984484 0.052477
v -0.721901 0.968213 0.060000
v -0.725064 0.968213 0.074669
v -0.734299 0.968213 0.088149
v -0.748856 0.968213 0.099349
v -0.767556 0.968213 0.107361
v -0.788885 0.968213 0.111536
v -0.811115 0.968213 0.111536
v -0.832444 0.968213 0.107361
v -0.851144 0.968213 0.099349
v -0.865701 0.968213 0.088149
v -0.874936 0.968213 0.074669
v -0.878099 0.968213 0.060000
v -0.874936 0.968213 0.045331
v -0.865701 0.968213 0.031851
v -0.851144 0.968213 0.020651
v -0.832444 0.968213 0.012639
v -0.811115 0.968213 0.008464
v -0.788885 0.968213 0.008464
v -0.767556 0.968213 0.012639
v -0.748856 0.968213 0.020651
v -0.734299 0.968213 0.031851
v -0.725064 0.968213 0.045331
v -0.687772 0.942003 0.060000
v -0.692318 0.942003 0.081079
v -0.705588 0.942003 0.100450
v -0.726506 0.942003 0.116544
v -0.753379 0.942003 0.128058
v -0.784028 0.942003 0.134057
v -0.815972 0.942003 0.134057
v -0.846621 0.942003 0.128058
v -0.873494 0.942003 0.116544
v -0.894412 0.942003 0.100450
v -0.907682 0.942003 0.081079
v -0.912228 0.942003 0.060000
v -0.907682 0.942003 0.038921
v -0.894412 0.942003 0.019550
v -0.873494 0.942003 0.003456
v -0.846621 0.942003 -0.008058
v -0.815972 0.942003 -0.014057
v -0.784028 0.942003 -0.014057
v -0.753379 0.942003 -0.008058
v -0.726506 0.942003 0.003456
v -0.705588 0.942003 0.019550
v -0.692318 0.942003 0.038921
v -0.659270 0.907168 0.060000
v -0.664971 0.907168 0.086432
v -0.681611 0.907168 0.110723
v -0.707842 0.907168 0.130904
v -0.741539 0.907168 0.145341
v -0.779972 0.907168 0.152865
v -0.820028 0.907168 0.152865
v -0.858461 0.907168 0.145341
v -0.892158 0.907168 0.130904
v -0.918389 0.907168 0.110723
v -0.935029 0.907168 0.086432
v -0.940730 0.907168 0.060000
v -0.935029 0.907168 0.033568
v -0.918389 0.907168 0.009277
v -0.892158 0.907168 -0.010904
v -0.858461 0.907168 -0.025341
v -0.820028 0.907168 -0.032865
v -0.779972 0.907168 -0.032865
v -0.741539 0.907168 -0.025341
v -0.707842 0.907168 -0.010904
v -0.681611 0.907168 0.009277
v -0.664971 0.907168 0.033568
v -0.637826 0.865454 0.060000
v -0.644395 0.865454 0.090460
v -0.663570 0.865454 0.118452
v -0.693798 0.865454 0.141709
v -0.732630 0.865454 0.158346
v -0.776920 0.865454 0.167016
v -0.823080 0.865454 0.167016
v -0.867370 0.865454 0.158346
v -0.906202 0.865454 0.141709
v -0.936430 0.865454 0.118452
v -0.955605 0.865454 0.090460
v -0.962174 0.865454 0.060000
v -0.955605 0.865454 0.029540
v -0.936430 0.865454 0.001548
v -0.906202 0.865454 -0.021709
v -0.867370 0.865454 -0.038346
v -0.823080 0.865454 -0.047016
v -0.776920 0.865454 -0.047016
v -0.732630 0.865454 -0.038346
v -0.693798 0.865454 -0.021709
v -0.663570 0.865454 0.001548
v -0.644395 0.865454 0.029540
v -0.624513 0.818955 0.060000
v -0.631621 0.818955 0.092960
v -0.652371 0.818955 0.123250
v -0.685080 0.818955 0.148416
v -0.727100 0.818955 0.166419
v -0.775026 0.818955 0.175801
v -0.824974 0.818955 0.175801
v -0.872900 0.818955 0.166419
v -0.914920 0.818955 0.148416
v -0.947629 0.818955 0.123250
v -0.968379 0.818955 0.092960
v -0.975487 0.818955 0.060000
v -0.968379 0.818955 0.027040
v -0.947629 0.818955 -0.003250
v -0.914920 0.818955 -0.028416
v -0.872900 0.818955 -0.046419
v -0.824974 0.818955 -0.055801
v -0.775026 0.818955 -0.055801
v -0.727100 0.818955 -0.046419
v -0.685080 0.818955 -0.028416
v -0.652371 0.818955 -0.003250
v -0.631621 0.818955 0.027040
v -0.620000 0.770000 0.060000
v -0.627291 0.770000 0.093808
v -0.648574 0.770000 0.124877
v -0.682125 0.770000 0.150690
v -0.725225 0.770000 0.169156
v -0.774383 0.770000 0.178779
v -0.825617 0.770000 0.178779
v -0.874775 0.770000 0.169156
v -0.917875 0.770000 0.150690
v -0.951426 0.770000 0.124877
v -0.972709 0.770000 0.093808
v -0.980000 0.770000 0.060000
v -0.972709 0.770000 0.026192
v -0.951426 0.770000 -0.004877
v -0.917875 0.770000 -0.030690
v -0.874775 0.770000 -0.049156
v -0.825617 0.770000 -0.058779
v -0.774383 0.770000 -0.058779
v -0.725225 0.770000 -0.049156
v -0.682125 0.770000 -0.030690
v -0.648574 0.770000 -0.004877
v -0.627291 0.770000 0.026192
v -0.624513 0.721045 0.060000
v -0.631621 0.721045 0.092960
v -0.652371 0.721045 0.123250
v -0.685080 0.721045 0.148416
v -0.727100 0.721045 0.166419
v -0.775026 0.721045 0.175801
v -0.824974 0.721045 0.175801
v -0.872900 0.721045 0.166419
v -0.914920 0.721045 0.148416
v -0.947629 0.721045 0.123250
v -0.968379 0.721045 0.092960
v -0.975487 0.721045 0.060000
v -0.968379 0.721045 0.027040
v -0.947629 0.721045 -0.003250
v -0.914920 0.721045 -0.028416
v -0.872900 0.721045 -0.046419
v -0.824974 0.721045 -0.055801
v -0.775026 0.721045 -0.055801
v -0.727100 0.721045 -0.046419
v -0.685080 0.721045 -0.028416
v -0.652371 0.721045 -0.003250
v -0.631621 0.721045 0.027040
v -0.637826 0.674546 0.060000
v -0.644395 0.674546 0.090460
v -0.663570 0.674546 0.118452
v -0.693798 0.674546 0.141709
v -0.732630 0.674546 0.158346
v -0.776920 0.674546 0.167016
v -0.823080 0.674546 0.167016
v -0.867370 0.674546 0.158346
v -0.906202 0.674546 0.141709
v -0.936430 0.674546 0.118452
v -0.955605 0.674546 0.090460
v -0.962174 0.674546 0.060000
v -0.955605 0.674546 0.029540
v -0.936430 0.674546 0.001548
v -0.906202 0.674546 -0.021709
v -0.867370 0.674546 -0.038346
v -0.823080 0.674546 -0.047016
v -0.776920 0.674546 -0.047016
v -0.732630 0.674546 -0.038346
v -0.693798 0.674546 -0.021709
v -0.663570 0.674546 0.001548
v -0.644395 0.674546 0.029540
v -0.659270 0.632832 0.060000
v -0.664971 0.632832 0.086432
v -0.681611 0.632832 0.110723
v -0.707842 0.632832 0.130904
v -0.741539 0.632832 0.145341
v -0.779972 0.632832 0.152865
v -0.820028 0.632832 0.152865
v -0.858461 0.632832 0.145341
v -0.892158 0.632832 0.130904
v -0.918389 0.632832 0.110723
v -0.935029 0.632832 0.086432
v -0.940730 0.632832 0.060000
v -0.935029 0.632832 0.033568
v -0.918389 0.632832 0.009277
v -0.892158 0.632832 -0.010904
v -0.858461 0.632832 -0.025341
v -0.820028 0.632832 -0.032865
v -0.779972 0.632832 -0.032865
v -0.741539 0.632832 -0.025341
v -0.707842 0.632832 -0.010904
v -0.681611 0.632832 0.009277
v -0.664971 0.632832 0.033568
v -0.687772 0.597997 0.060000
v -0.692318 0.597997 0.081079
v -0.705588 0.597997 0.100450
v -0.726506 0.597997 0.116544
v -0.753379 0.597997 0.128058
v -0.784028 0.597997 0.134057
v -0.815972 0.597997 0.134057
v -0.846621 0.597997 0.128058
v -0.873494 0.597997 0.116544
v -0.894412 0.597997 0.100450
v -0.907682 0.597997 0.081079
v -0.912228 0.597997 0.060000
v -0.907682 0.597997 0.038921
v -0.894412 0.597997 0.019550
v -0.873494 0.597997 0.003456
v -0.846621 0.597997 -0.008058
v -0.815972 0.597997 -0.014057
v -0.784028 0.597997 -0.014057
v -0.753379 0.597997 -0.008058
v -0.726506 0.597997 0.003456
v -0.705588 0.597997 0.019550
v -0.692318 0.597997 0.038921
v -0.721901 0.571787 0.060000
v -0.725064 0.571787 0.074669
v -0.734299 0.571787 0.088149
v -0.748856 0.571787 0.099349
v -0.767556 0.571787 0.107361
v -0.788885 0.571787 0.111536
v -0.811115 0.571787 0.111536
v -0.832444 0.571787 0.107361
v -0.851144 0.571787 0.099349
v -0.865701 0.571787 0.088149
v -0.874936 0.571787 0.074669
v -0.878099 0.571787 0.060000
v -0.874936 0.571787 0.045331
v -0.865701 0.571787 0.031851
v -0.851144 0.571787 0.020651
v -0.832444 0.571787 0.012639
v -0.811115 0.571787 0.008464
v -0.788885 0.571787 0.008464
v -0.767556 0.571787 0.012639
v -0.748856 0.571787 0.020651
v -0.734299 0.571787 0.031851
v -0.725064 0.571787 0.045331
v -0.759946 0.555516 0.060000
v -0.761569 0.555516 0.067523
v -0.766305 0.555516 0.074436
v -0.773770 0.555516 0.080180
v -0.783361 0.555516 0.084289
v -0.794300 0.555516 0.086431
v -0.805700 0.555516 0.086431
v -0.816639 0.555516 0.084289
v -0.826230 0.555516 0.080180
v -0.833695 0.555516 0.074436
v -0.838431 0.555516 0.067523
v -0.840054 0.555516 0.060000
v -0.838431 0.555516 0.052477
v -0.833695 0.555516 0.045564
v -0.826230 0.555516 0.039820
v -0.816639 0.555516 0.035711
v -0.805700 0.555516 0.033569
v -0.794300 0.555516 0.033569
v -0.783361 0.555516 0.035711
v -0.773770 0.555516 0.039820
v -0.766305 0.555516 0.045564
v -0.761569 0.555516 0.052477
v -0.800000 0.550000 0.060000
v -0.800000 0.550000 0.060000
v -0.800000 0.550000 0.060000
v -0.800000 0.550000 0.060000
v -0.800000 0.550000 0.060000
v -0.800000 0.550000 0.060000
v -0.800000 0.550000 0.060000
v -0.800000 0.550000 0.060000
v -0.800000 0.550000 0.060000
v -0.800000 0.550000 0.060000
v -0.800000 0.550000 0.060000
v -0.800000 0.550000 0.060000
v -0.800000 0.550000 0.060000
v -0.800000 0.550000 0.060000
v -0.800000 0.550000 0.060000
v -0.800000 0.550000 0.060000
v -0.800000 0.550000 0.060000
v -0.800000 0.550000 0.060000
v -0.800000 0.550000 0.060000
v -0.800000 0.550000 0.060000
v -0.800000 0.550000 0.060000
v -0.800000 0.550000 0.060000
v 0.800000 0.990000 0.060000
v 0.800000 0.990000 0.060000
v 0.800000 0.990000 0.060000
v 0.800000 0.990000 0.060000
v 0.800000 0.990000 0.060000
v 0.800000 0.990000 0.060000
v 0.800000 0.990000 0.060000
v 0.800000 0.990000 0.060000
v 0.800000 0.990000 0.060000
v 0.800000 0.990000 0.060000
v 0.800000 0.990000 0.060000
v 0.800000 0.990000 0.060000
v 0.800000 0.990000 0.060000
v 0.800000 0.990000 0.060000
v 0.800000 0.990000 0.060000
v 0.800000 0.990000 0.060000
v 0.800000 0.990000 0.060000
v 0.800000 0.990000 0.060000
v 0.800000 0.990000 0.060000
v 0.800000 0.990000 0.060000
v 0.800000 0.990000 0.060000
v 0.800000 0.990000 0.060000
v 0.840054 0.984484 0.060000
v 0.838431 0.984484 0.067523
v 0.833695 0.984484 0.074436
v 0.826230 0.984484 0.080180
v 0.816639 0.984484 0.084289
v 0.805700 0.984484 0.086431
v 0.794300 0.984484 0.086431
v 0.783361 0.984484 0.084289
v 0.773770 0.984484 0.080180
v 0.766305 0.984484 0.074436
v 0.761569 0.984484 0.067523
v 0.759946 0.984484 0.060000
v 0.761569 0.984484 0.052477
v 0.766305 0.984484 0.045564
v 0.773770 0.984484 0.039820
v 0.783361 0.984484 0.035711
v 0.794300 0.984484 0.033569
v 0.805700 0.984484 0.033569
v 0.816639 0.984484 0.035711
v 0.826230 0.984484 0.039820
v 0.833695 0.984484 0.045564
v 0.838431 0.984484 0.052477
v 0.878099 0.968213 0.060000
v 0.874936 0.968213 0.074669
v 0.865701 0.968213 0.088149
v 0.851144 0.968213 0.099349
v 0.832444 0.968213 0.107361
v 0.811115 0.968213 0.111536
v 0.788885 0.968213 0.111536
v 0.767556 0.968213 0.107361
v 0.748856 0.968213 0.099349
v 0.734299 0.968213 0.088149
v 0.725064 0.968213 0.074669
v 0.721901 0.968213 0.060000
v 0.725064 0.968213 0.045331
v 0.734299 0.968213 0.031851
v 0.748856 0.968213 0.020651
v 0.767556 0.968213 0.012639
v 0.788885 0.968213 0.008464
v 0.811115 0.968213 0.008464
v 0.832444 0.968213 0.012639
v 0.851144 0.968213 0.020651
v 0.865701 0.968213 0.031851
v 0.874936 0.968213 0.045331
v 0.912228 0.942003 0.060000
v 0.907682 0.942003 0.081079
v 0.894412 0.942003 0.100450
v 0.873494 0.942003 0.116544
v 0.846621 0.942003 0.128058
v 0.815972 0.942003 0.134057
v 0.784028 0.942003 0.134057
v 0.753379 0.942003 0.128058
v 0.726506 0.942003 0.116544
v 0.705588 0.942003 0.100450
v 0.692318 0.942003 0.081079
v 0.687772 0.942003 0.060000
v 0.692318 0.942003 0.038921
v 0.705588 0.942003 0.019550
v 0.726506 0.942003 0.003456
v 0.753379 0.942003 -0.008058
v 0.784028 0.942003 -0.014057
v 0.815972 0.942003 -0.014057
v 0.846621 0.942003 -0.008058
v 0.873494 0.942003 0.003456
v 0.894412 0.942003 0.019550
v 0.907682 0.942003 0.038921
v 0.940730 0.907168 0.060000
v 0.935029 0.907168 0.086432
v 0.918389 0.907168 0.110723
v 0.892158 0.907168 0.130904
v 0.858461 0.907168 0.145341
v 0.820028 0.907168 0.152865
v 0.779972 0.907168 0.152865
v 0.741539 0.907168 0.145341
v 0.707842 0.907168 0.130904
v 0.681611 0.907168 0.110723
v 0.664971 0.907168 0.086432
v 0.659270 0.907168 0.060000
v 0.664971 0.907168 0.033568
v 0.681611 0.907168 0.009277
v 0.707842 0.907168 -0.010904
v 0.741539 0.907168 -0.025341
v 0.779972 0.907168 -0.032865
v 0.820028 0.907168 -0.032865
v 0.858461 0.907168 -0.025341
v 0.892158 0.907168 -0.010904
v 0.918389 0.907168 0.009277
v 0.935029 0.907168 0.033568
v 0.962174 0.865454 0.060000
v 0.955605 0.865454 0.090460
v 0.936430 0.865454 0.118452
v 0.906202 0.865454 0.141709
v 0.867370 0.865454 0.158346
v 0.823080 0.865454 0.167016
v 0.776920 0.865454 0.167016
v 0.732630 0.865454 0.158346
v 0.693798 0.865454 0.141709
v 0.663570 0.865454 0.118452
v 0.644395 0.865454 0.090460
v 0.637826 0.865454 0.060000
v 0.644395 0.865454 0.029540
v 0.663570 0.865454 0.001548
v 0.693798 0.865454 -0.021709
v 0.732630 0.865454 -0.038346
v 0.776920 0.865454 -0.047016
v 0.823080 0.865454 -0.047016
v 0.867370 0.865454 -0.038346
v 0.906202 0.865454 -0.021709
v 0.936430 0.865454 0.001548
v 0.955605 0.865454 0.029540
v 0.975487 0.818955 0.060000
v 0.968379 0.818955 0.092960
v 0.947629 0.818955 0.123250
v 0.914920 0.818955 0.148416
v 0.872900 0.818955 0.166419
v 0.824974 0.818955 0.175801
v 0.775026 0.818955 0.175801
v 0.727100 0.818955 0.166419
v 0.685080 0.818955 0.148416
v 0.652371 0.818955 0.123250
v 0.631621 0.818955 0.092960
v 0.624513 0.818955 0.060000
v 0.631621 0.818955 0.027040
v 0.652371 0.818955 -0.003250
v 0.685080 0.818955 -0.028416
v 0.727100 0.818955 -0.046419
v 0.775026 0.818955 -0.055801
v 0.824974 0.818955 -0.055801
v 0.872900 0.818955 -0.046419
v 0.914920 0.818955 -0.028416
v 0.947629 0.818955 -0.003250
v 0.968379 0.818955 0.027040
v 0.980000 0.770000 0.060000
v 0.972709 0.770000 0.093808
v 0.951426 0.770000 0.124877
v 0.917875 0.770000 0.150690
v 0.874775 0.770000 0.169156
v 0.825617 0.770000 0.178779
v 0.774383 0.770000 0.178779
v 0.725225 0.770000 0.169156
v 0.682125 0.770000 0.150690
v 0.648574 0.770000 0.124877
v 0.627291 0.770000 0.093808
v 0.620000 0.770000 0.060000
v 0.627291 0.770000 0.026192
v 0.648574 0.770000 -0.004877
v 0.682125 0.770000 -0.030690
v 0.725225 0.770000 -0.049156
v 0.774383 0.770000 -0.058779
v 0.825617 0.770000 -0.058779
v 0.874775 0.770000 -0.049156
v 0.917875 0.770000 -0.030690
v 0.951426 0.770000 -0.004877
v 0.972709 0.770000 0.026192
v 0.975487 0.721045 0.060000
v 0.968379 0.721045 0.092960
v 0.947629 0.721045 0.123250
v 0.914920 0.721045 0.148416
v 0.872900 0.721045 0.166419
v 0.824974 0.721045 0.175801
v 0.775026 0.721045 0.175801
v 0.727100 0.721045 0.166419
v 0.685080 0.721045 0.148416
v 0.652371 0.721045 0.123250
v 0.631621 0.721045 0.092960
v 0.624513 0.721045 0.060000
v 0.631621 0.721045 0.027040
v 0.652371 0.721045 -0.003250
v 0.685080 0.721045 -0.028416
v 0.727100 0.721045 -0.046419
v 0.775026 0.721045 -0.055801
v 0.824974 0.721045 -0.055801
v 0.872900 0.721045 -0.046419
v 0.914920 0.721045 -0.028416
v 0.947629 0.721045 -0.003250
v 0.968379 0.721045 0.027040
v 0.962174 0.674546 0.060000
v 0.955605 0.674546 0.090460
v 0.936430 0.674546 0.118452
v 0.906202 0.674546 0.141709
v 0.867370 0.674546 0.158346
v 0.823080 0.674546 0.167016
v 0.776920 0.674546 0.167016
v 0.732630 0.674546 0.158346
v 0.693798 0.674546 0.141709
v 0.663570 0.674546 0.118452
v 0.644395 0.674546 0.090460
v 0.637826 0.674546 0.060000
v 0.644395 0.674546 0.029540
v 0.663570 0.674546 0.001548
v 0.693798 0.674546 -0.021709
v 0.732630 0.674546 -0.038346
v 0.776920 0.674546 -0.047016
v 0.823080 0.674546 -0.047016
v 0.867370 0.674546 -0.038346
v 0.906202 0.674546 -0.021709
v 0.936430 0.674546 0.001548
v 0.955605 0.674546 0.029540
v 0.940730 0.632832 0.060000
v 0.935029 0.632832 0.086432
v 0.918389 0.632832 0.110723
v 0.892158 0.632832 0.130904
v 0.858461 0.632832 0.145341
v 0.820028 0.632832 0.152865
v 0.779972 0.632832 0.152865
v 0.741539 0.632832 0.145341
v 0.707842 0.632832 0.130904
v 0.681611 0.632832 0.110723
v 0.664971 0.632832 0.086432
v 0.659270 0.632832 0.060000
v 0.664971 0.632832 0.033568
v 0.681611 0.632832 0.009277
v 0.707842 0.632832 -0.010904
v 0.741539 0.632832 -0.025341
v 0.779972 0.632832 -0.032865
v 0.820028 0.632832 -0.032865
v 0.858461 0.632832 -0.025341
v 0.892158 0.632832 -0.010904
v 0.918389 0.632832 0.009277
v 0.935029 0.632832 0.033568
v 0.912228 0.597997 0.060000
v 0.907682 0.597997 0.081079
v 0.894412 0.597997 0.100450
v 0.873494 0.597997 0.116544
v 0.846621 0.597997 0.128058
v 0.815972 0.597997 0.134057
v 0.784028 0.597997 0.134057
v 0.753379 0.597997 0.128058
v 0.726506 0.597997 0.116544
v 0.705588 0.597997 0.100450
v 0.692318 0.597997 0.081079
v 0.687772 0.597997 0.060000
v 0.692318 0.597997 0.038921
v 0.705588 0.597997 0.019550
v 0.726506 0.597997 0.003456
v 0.753379 0.597997 -0.008058
v 0.784028 0.597997 -0.014057
v 0.815972 0.597997 -0.014057
v 0.846621 0.597997 -0.008058
v 0.873494 0.597997 0.003456
v 0.894412 0.597997 0.019550
v 0.907682 0.597997 0.038921
v 0.878099 0.571787 0.060000
v 0.874936 0.571787 0.074669
v 0.865701 0.571787 0.088149
v 0.851144 0.571787 0.099349
v 0.832444 0.571787 0.107361
v 0.811115 0.571787 0.111536
v 0.788885 0.571787 0.111536
v 0.767556 0.571787 0.107361
v 0.748856 0.571787 0.099349
v 0.734299 0.571787 0.088149
v 0.725064 0.571787 0.074669
v 0.721901 0.571787 0.060000
v 0.725064 0.571787 0.045331
v 0.734299 0.571787 0.031851
v 0.748856 0.571787 0.020651
v 0.767556 0.571787 0.012639
v 0.788885 0.571787 0.008464
v 0.811115 0.571787 0.008464
v 0.832444 0.571787 0.012639
v 0.851144 0.571787 0.020651
v 0.865701 0.571787 0.031851
v 0.874936 0.571787 0.045331
v 0.840054 0.555516 0.060000
v 0.838431 0.555516 0.067523
v 0.833695 0.555516 0.074436
v 0.826230 0.555516 0.080180
v 0.816639 0.555516 0.084289
v 0.805700 0.555516 0.086431
v 0.794300 0.555516 0.086431
v 0.783361 0.555516 0.084289
v 0.773770 0.555516 0.080180
v 0.766305 0.555516 0.074436
v 0.761569 0.555516 0.067523
v 0.759946 0.555516 0.060000
v 0.761569 0.555516 0.052477
v 0.766305 0.555516 0.045564
v 0.773770 0.555516 0.039820
v 0.783361 0.555516 0.035711
v 0.794300 0.555516 0.033569
v 0.805700 0.555516 0.033569
v 0.816639 0.555516 0.035711
v 0.826230 0.555516 0.039820
v 0.833695 0.555516 0.045564
v 0.838431 0.555516 0.052477
v 0.800000 0.550000 0.060000
v 0.800000 0.550000 0.060000
v 0.800000 0.550000 0.060000
v 0.800000 0.550000 0.060000
v 0.800000 0.550000 0.060000
v 0.800000 0.550000 0.060000
v 0.800000 0.550000 0.060000
v 0.800000 0.550000 0.060000
v 0.800000 0.550000 0.060000
v 0.800000 0.550000 0.060000
v 0.800000 0.550000 0.060000
v 0.800000 0.550000 0.060000
v 0.800000 0.550000 0.060000
v 0.800000 0.550000 0.060000
v 0.800000 0.550000 0.060000
v 0.800000 0.550000 0.060000
v 0.800000 0.550000 0.060000
v 0.800000 0.550000 0.060000
v 0.800000 0.550000 0.060000
v 0.800000 0.550000 0.060000
v 0.800000 0.550000 0.060000
v 0.800000 0.550000 0.060000
v -0.587000 0.930000 0.050000
v -0.592272 0.942728 0.050000
v -0.605000 0.948000 0.050000
v -0.617728 0.942728 0.050000
v -0.623000 0.930000 0.050000
v -0.617728 0.917272 0.050000
v -0.605000 0.912000 0.050000
v -0.592272 0.917272 0.050000
v -0.593236 0.930000 0.097364
v -0.598328 0.942728 0.095999
v -0.610622 0.948000 0.092705
v -0.622916 0.942728 0.089411
v -0.628009 0.930000 0.088046
v -0.622916 0.917272 0.089411
v -0.610622 0.912000 0.092705
v -0.598328 0.917272 0.095999
v -0.611517 0.930000 0.141500
v -0.616083 0.942728 0.138864
v -0.627106 0.948000 0.132500
v -0.638129 0.942728 0.126136
v -0.642694 0.930000 0.123500
v -0.638129 0.917272 0.126136
v -0.627106 0.912000 0.132500
v -0.616083 0.917272 0.138864
v -0.640599 0.930000 0.179401
v -0.644327 0.942728 0.175673
v -0.653327 0.948000 0.166673
v -0.662327 0.942728 0.157673
v -0.666055 0.930000 0.153945
v -0.662327 0.917272 0.157673
v -0.653327 0.912000 0.166673
v -0.644327 0.917272 0.175673
v -0.678500 0.930000 0.208483
v -0.681136 0.942728 0.203917
v -0.687500 0.948000 0.192894
v -0.693864 0.942728 0.181871
v -0.696500 0.930000 0.177306
v -0.693864 0.917272 0.181871
v -0.687500 0.912000 0.192894
v -0.681136 0.917272 0.203917
v -0.722636 0.930000 0.226764
v -0.724001 0.942728 0.221672
v -0.727295 0.948000 0.209378
v -0.730589 0.942728 0.197084
v -0.731954 0.930000 0.191991
v -0.730589 0.917272 0.197084
v -0.727295 0.912000 0.209378
v -0.724001 0.917272 0.221672
v -0.770000 0.930000 0.233000
v -0.770000 0.942728 0.227728
v -0.770000 0.948000 0.215000
v -0.770000 0.942728 0.202272
v -0.770000 0.930000 0.197000
v -0.770000 0.917272 0.202272
v -0.770000 0.912000 0.215000
v -0.770000 0.917272 0.227728
v -0.817364 0.930000 0.226764
v -0.815999 0.942728 0.221672
v -0.812705 0.948000 0.209378
v -0.809411 0.942728 0.197084
v -0.808046 0.930000 0.191991
v -0.809411 0.917272 0.197084
v -0.812705 0.912000 0.209378
v -0.815999 0.917272 0.221672
v -0.861500 0.930000 0.208483
v -0.858864 0.942728 0.203917
v -0.852500 0.948000 0.192894
v -0.846136 0.942728 0.181871
v -0.843500 0.930000 0.177306
v -0.846136 0.917272 0.181871
v -0.852500 0.912000 0.192894
v -0.858864 0.917272 0.203917
v -0.899401 0.930000 0.179401
v -0.895673 0.942728 0.175673
v -0.886673 0.948000 0.166673
v -0.877673 0.942728 0.157673
v -0.873945 0.930000 0.153945
v -0.877673 0.917272 0.157673
v -0.886673 0.912000 0.166673
v -0.895673 0.917272 0.175673
v -0.928483 0.930000 0.141500
v -0.923917 0.942728 0.138864
v -0.912894 0.948000 0.132500
v -0.901871 0.942728 0.126136
v -0.897306 0.930000 0.123500
v -0.901871 0.917272 0.126136
v -0.912894 0.912000 0.132500
v -0.923917 0.917272 0.138864
v -0.946764 0.930000 0.097364
v -0.941672 0.942728 0.095999
v -0.929378 0.948000 0.092705
v -0.917084 0.942728 0.089411
v -0.911991 0.930000 0.088046
v -0.917084 0.917272 0.089411
v -0.929378 0.912000 0.092705
v -0.941672 0.917272 0.095999
v -0.953000 0.930000 0.050000
v -0.947728 0.942728 0.050000
v -0.935000 0.948000 0.050000
v -0.922272 0.942728 0.050000
v -0.917000 0.930000 0.050000
v -0.922272 0.917272 0.050000
v -0.935000 0.912000 0.050000
v -0.947728 0.917272 0.050000
v -0.946764 0.930000 0.002636
v -0.941672 0.942728 0.004001
v -0.929378 0.948000 0.007295
v -0.917084 0.942728 0.010589
v -0.911991 0.930000 0.011954
v -0.917084 0.917272 0.010589
v -0.929378 0.912000 0.007295
v -0.941672 0.917272 0.004001
v -0.928483 0.930000 -0.041500
v -0.923917 0.942728 -0.038864
v -0.912894 0.948000 -0.032500
v -0.901871 0.942728 -0.026136
v -0.897306 0.930000 -0.023500
v -0.901871 0.917272 -0.026136
v -0.912894 0.912000 -0.032500
v -0.923917 0.917272 -0.038864
v -0.899401 0.930000 -0.079401
v -0.895673 0.942728 -0.075673
v -0.886673 0.948000 -0.066673
v -0.877673 0.942728 -0.057673
v -0.873945 0.930000 -0.053945
v -0.877673 0.917272 -0.057673
v -0.886673 0.912000 -0.066673
v -0.895673 0.917272 -0.075673
v -0.861500 0.930000 -0.108483
v -0.858864 0.942728 -0.103917
v -0.852500 0.948000 -0.092894
v -0.846136 0.942728 -0.081871
v -0.843500 0.930000 -0.077306
v -0.846136 0.917272 -0.081871
v -0.852500 0.912000 -0.092894
v -0.858864 0.917272 -0.103917
v -0.817364 0.930000 -0.126764
v -0.815999 0.942728 -0.121672
v -0.812705 0.948000 -0.109378
v -0.809411 0.942728 -0.097084
v -0.808046 0.930000 -0.091991
v -0.809411 0.917272 -0.097084
v -0.812705 0.912000 -0.109378
v -0.815999 0.917272 -0.121672
v -0.770000 0.930000 -0.133000
v -0.770000 0.942728 -0.127728
v -0.770000 0.948000 -0.115000
v -0.770000 0.942728 -0.102272
v -0.770000 0.930000 -0.097000
v -0.770000 0.917272 -0.102272
v -0.770000 0.912000 -0.115000
v -0.770000 0.917272 -0.127728
v -0.722636 0.930000 -0.126764
v -0.724001 0.942728 -0.121672
v -0.727295 0.948000 -0.109378
v -0.730589 0.942728 -0.097084
v -0.731954 0.930000 -0.091991
v -0.730589 0.917272 -0.097084
v -0.727295 0.912000 -0.109378
v -0.724001 0.917272 -0.121672
v -0.678500 0.930000 -0.108483
v -0.681136 0.942728 -0.103917
v -0.687500 0.948000 -0.092894
v -0.693864 0.942728 -0.081871
v -0.696500 0.930000 -0.077306
v -0.693864 0.917272 -0.081871
v -0.687500 0.912000 -0.092894
v -0.681136 0.917272 -0.103917
v -0.640599 0.930000 -0.079401
v -0.644327 0.942728 -0.075673
v -0.653327 0.948000 -0.066673
v -0.662327 0.942728 -0.057673
v -0.666055 0.930000 -0.053945
v -0.662327 0.917272 -0.057673
v -0.653327 0.912000 -0.066673
v -0.644327 0.917272 -0.075673
v -0.611517 0.930000 -0.041500
v -0.616083 0.942728 -0.038864
v -0.627106 0.948000 -0.032500
v -0.638129 0.942728 -0.026136
v -0.642694 0.930000 -0.023500
v -0.638129 0.917272 -0.026136
v -0.627106 0.912000 -0.032500
v -0.616083 0.917272 -0.038864
v -0.593236 0.930000 0.002636
v -0.598328 0.942728 0.004001
v -0.610622 0.948000 0.007295
v -0.622916 0.942728 0.010589
v -0.628009 0.930000 0.011954
v -0.622916 0.917272 0.010589
v -0.610622 0.912000 0.007295
v -0.598328 0.917272 0.004001
v 0.953000 0.930000 0.050000
v 0.947728 0.942728 0.050000
v 0.935000 0.948000 0.050000
v 0.922272 0.942728 0.050000
v 0.917000 0.930000 0.050000
v 0.922272 0.917272 0.050000
v 0.935000 0.912000 0.050000
v 0.947728 0.917272 0.050000
v 0.946764 0.930000 0.097364
v 0.941672 0.942728 0.095999
v 0.929378 0.948000 0.092705
v 0.917084 0.942728 0.089411
v 0.911991 0.930000 0.088046
v 0.917084 0.917272 0.089411
v 0.929378 0.912000 0.092705
v 0.941672 0.917272 0.095999
v 0.928483 0.930000 0.141500
v 0.923917 0.942728 0.138864
v 0.912894 0.948000 0.132500
v 0.901871 0.942728 0.126136
v 0.897306 0.930000 0.123500
v 0.901871 0.917272 0.126136
v 0.912894 0.912000 0.132500
v 0.923917 0.917272 0.138864
v 0.899401 0.930000 0.179401
v 0.895673 0.942728 0.175673
v 0.886673 0.948000 0.166673
v 0.877673 0.942728 0.157673
v 0.873945 0.930000 0.153945
v 0.877673 0.917272 0.157673
v 0.886673 0.912000 0.166673
v 0.895673 0.917272 0.175673
v 0.861500 0.930000 0.208483
v 0.858864 0.942728 0.203917
v 0.852500 0.948000 0.192894
v 0.846136 0.942728 0.181871
v 0.843500 0.930000 0.177306
v 0.846136 0.917272 0.181871
v 0.852500 0.912000 0.192894
v 0.858864 0.917272 0.203917
v 0.817364 0.930000 0.226764
v 0.815999 0.942728 0.221672
v 0.812705 0.948000 0.209378
v 0.809411 0.942728 0.197084
v 0.808046 0.930000 0.191991
v 0.809411 0.917272 0.197084
v 0.812705 0.912000 0.209378
v 0.815999 0.917272 0.221672
v 0.770000 0.930000 0.233000
v 0.770000 0.942728 0.227728
v 0.770000 0.948000 0.215000
v 0.770000 0.942728 0.202272
v 0.770000 0.930000 0.197000
v 0.770000 0.917272 0.202272
v 0.770000 0.912000 0.215000
v 0.770000 0.917272 0.227728
v 0.722636 0.930000 0.226764
v 0.724001 0.942728 0.221672
v 0.727295 0.948000 0.209378
v 0.730589 0.942728 0.197084
v 0.731954 0.930000 0.191991
v 0.730589 0.917272 0.197084
v 0.727295 0.912000 0.209378
v 0.724001 0.917272 0.221672
v 0.678500 0.930000 0.208483
v 0.681136 0.942728 0.203917
v 0.687500 0.948000 0.192894
v 0.693864 0.942728 0.181871
v 0.696500 0.930000 0.177306
v 0.693864 0.917272 0.181871
v 0.687500 0.912000 0.192894
v 0.681136 0.917272 0.203917
v 0.640599 0.930000 0.179401
v 0.644327 0.942728 0.175673
v 0.653327 0.948000 0.166673
v 0.662327 0.942728 0.157673
v 0.666055 0.930000 0.153945
v 0.662327 0.917272 0.157673
v 0.653327 0.912000 0.166673
v 0.644327 0.917272 0.175673
v 0.611517 0.930000 0.141500
v 0.616083 0.942728 0.138864
v 0.627106 0.948000 0.132500
v 0.638129 0.942728 0.126136
v 0.642694 0.930000 0.123500
v 0.638129 0.917272 0.126136
v 0.627106 0.912000 0.132500
v 0.616083 0.917272 0.138864
v 0.593236 0.930000 0.097364
v 0.598328 0.942728 0.095999
v 0.610622 0.948000 0.092705
v 0.622916 0.942728 0.089411
v 0.628009 0.930000 0.088046
v 0.622916 0.917272 0.089411
v 0.610622 0.912000 0.092705
v 0.598328 0.917272 0.095999
v 0.587000 0.930000 0.050000
v 0.592272 0.942728 0.050000
v 0.605000 0.948000 0.050000
v 0.617728 0.942728 0.050000
v 0.623000 0.930000 0.050000
v 0.617728 0.917272 0.050000
v 0.605000 0.912000 0.050000
v 0.592272 0.917272 0.050000
v 0.593236 0.930000 0.002636
v 0.598328 0.942728 0.004001
v 0.610622 0.948000 0.007295
v 0.622916 0.942728 0.010589
v 0.628009 0.930000 0.011954
v 0.622916 0.917272 0.010589
v 0.610622 0.912000 0.007295
v 0.598328 0.917272 0.004001
v 0.611517 0.930000 -0.041500
v 0.616083 0.942728 -0.038864
v 0.627106 0.948000 -0.032500
v 0.638129 0.942728 -0.026136
v 0.642694 0.930000 -0.023500
v 0.638129 0.917272 -0.026136
v 0.627106 0.912000 -0.032500
v 0.616083 0.917272 -0.038864
v 0.640599 0.930000 -0.079401
v 0.644327 0.942728 -0.075673
v 0.653327 0.948000 -0.066673
v 0.662327 0.942728 -0.057673
v 0.666055 0.930000 -0.053945
v 0.662327 0.917272 -0.057673
v 0.653327 0.912000 -0.066673
v 0.644327 0.917272 -0.075673
v 0.678500 0.930000 -0.108483
v 0.681136 0.942728 -0.103917
v 0.687500 0.948000 -0.092894
v 0.693864 0.942728 -0.081871
v 0.696500 0.930000 -0.077306
v 0.693864 0.917272 -0.081871
v 0.687500 0.912000 -0.092894
v 0.681136 0.917272 -0.103917
v 0.722636 0.930000 -0.126764
v 0.724001 0.942728 -0.121672
v 0.727295 0.948000 -0.109378
v 0.730589 0.942728 -0.097084
v 0.731954 0.930000 -0.091991
v 0.730589 0.917272 -0.097084
v 0.727295 0.912000 -0.109378
v 0.724001 0.917272 -0.121672
v 0.770000 0.930000 -0.133000
v 0.770000 0.942728 -0.127728
v 0.770000 0.948000 -0.115000
v 0.770000 0.942728 -0.102272
v 0.770000 0.930000 -0.097000
v 0.770000 0.917272 -0.102272
v 0.770000 0.912000 -0.115000
v 0.770000 0.917272 -0.127728
v 0.817364 0.930000 -0.126764
v 0.815999 0.942728 -0.121672
v 0.812705 0.948000 -0.109378
v 0.809411 0.942728 -0.097084
v 0.808046 0.930000 -0.091991
v 0.809411 0.917272 -0.097084
v 0.812705 0.912000 -0.109378
v 0.815999 0.917272 -0.121672
v 0.861500 0.930000 -0.108483
v 0.858864 0.942728 -0.103917
v 0.852500 0.948000 -0.092894
v 0.846136 0.942728 -0.081871
v 0.843500 0.930000 -0.077306
v 0.846136 0.917272 -0.081871
v 0.852500 0.912000 -0.092894
v 0.858864 0.917272 -0.103917
v 0.899401 0.930000 -0.079401
v 0.895673 0.942728 -0.075673
v 0.886673 0.948000 -0.066673
v 0.877673 0.942728 -0.057673
v 0.873945 0.930000 -0.053945
v 0.877673 0.917272 -0.057673
v 0.886673 0.912000 -0.066673
v 0.895673 0.917272 -0.075673
v 0.928483 0.930000 -0.041500
v 0.923917 0.942728 -0.038864
v 0.912894 0.948000 -0.032500
v 0.901871 0.942728 -0.026136
v 0.897306 0.930000 -0.023500
v 0.901871 0.917272 -0.026136
v 0.912894 0.912000 -0.032500
v 0.923917 0.917272 -0.038864
v 0.946764 0.930000 0.002636
v 0.941672 0.942728 0.004001
v 0.929378 0.948000 0.007295
v 0.917084 0.942728 0.010589
v 0.911991 0.930000 0.011954
v 0.917084 0.917272 0.010589
v 0.929378 0.912000 0.007295
v 0.941672 0.917272 0.004001
v -0.795667 0.834663 0.132166
v -0.795667 0.834663 0.132166
v -0.795667 0.834663 0.132166
v -0.795667 0.834663 0.132166
v -0.795667 0.834663 0.132166
v -0.795667 0.834663 0.132166
v -0.795667 0.834663 0.132166
v -0.795667 0.834663 0.132166
v -0.795667 0.834663 0.132166
v -0.795667 0.834663 0.132166
v -0.795667 0.834663 0.132166
v -0.795667 0.834663 0.132166
v -0.795879 0.832292 0.142855
v -0.801245 0.833050 0.141451
v -0.805174 0.833787 0.137530
v -0.806612 0.834303 0.132144
v -0.805174 0.834461 0.126735
v -0.801245 0.834219 0.122754
v -0.795879 0.833641 0.121266
v -0.790513 0.832883 0.122670
v -0.786585 0.832147 0.126591
v -0.785147 0.831630 0.131977
v -0.786585 0.831472 0.137385
v -0.790513 0.831714 0.141367
v -0.796495 0.826760 0.152285
v -0.806702 0.828203 0.149614
v -0.814174 0.829603 0.142156
v -0.816909 0.830585 0.131912
v -0.814174 0.830886 0.121624
v -0.806702 0.830425 0.114051
v -0.796495 0.829326 0.111220
v -0.786288 0.827883 0.113892
v -0.778815 0.826483 0.121349
v -0.776080 0.825501 0.131594
v -0.778815 0.825200 0.141881
v -0.786288 0.825661 0.149455
v -0.797453 0.818608 0.159534
v -0.811502 0.820594 0.155857
v -0.821787 0.822521 0.145593
v -0.825551 0.823873 0.131492
v -0.821787 0.824287 0.117333
v -0.811502 0.823653 0.106908
v -0.797453 0.822141 0.103013
v -0.783404 0.820155 0.106690
v -0.773120 0.818228 0.116954
v -0.769355 0.816876 0.131055
v -0.773120 0.816461 0.145214
v -0.783404 0.817096 0.155638
v -0.798661 0.808635 0.163892
v -0.815177 0.810970 0.159569
v -0.827267 0.813235 0.147503
v -0.831692 0.814824 0.130927
v -0.827267 0.815311 0.114281
v -0.815177 0.814566 0.102027
v -0.798661 0.812788 0.097447
v -0.782146 0.810453 0.101770
v -0.770055 0.808188 0.113836
v -0.765630 0.806599 0.130412
v -0.770055 0.806112 0.147058
v -0.782146 0.806857 0.159312
v -0.800000 0.797817 0.164932
v -0.817365 0.800271 0.160387
v -0.830078 0.802653 0.147700
v -0.834731 0.804324 0.130270
v -0.830078 0.804837 0.112768
v -0.817365 0.804053 0.099883
v -0.800000 0.802183 0.095068
v -0.782635 0.799729 0.099613
v -0.769922 0.797347 0.112300
v -0.765269 0.795676 0.129730
v -0.769922 0.795163 0.147232
v -0.782635 0.795947 0.160117
v -0.820000 0.637817 0.154932
v -0.837365 0.640271 0.150387
v -0.850078 0.642653 0.137700
v -0.854731 0.644324 0.120270
v -0.850078 0.644837 0.102768
v -0.837365 0.644053 0.089883
v -0.820000 0.642183 0.085068
v -0.802635 0.639729 0.089613
v -0.789922 0.637347 0.102300
v -0.785269 0.635676 0.119730
v -0.789922 0.635163 0.137232
v -0.802635 0.635947 0.150117
v -0.821339 0.627212 0.152553
v -0.837854 0.629547 0.148230
v -0.849945 0.631812 0.136164
v -0.854370 0.633401 0.119588
v -0.849945 0.633888 0.102942
v -0.837854 0.633143 0.090688
v -0.821339 0.631365 0.086108
v -0.804823 0.629030 0.090431
v -0.792733 0.626765 0.102497
v -0.788308 0.625176 0.119073
v -0.792733 0.624689 0.135719
v -0.804823 0.625434 0.147973
v -0.822547 0.617859 0.146987
v -0.836596 0.619845 0.143310
v -0.846880 0.621772 0.133046
v -0.850645 0.623124 0.118945
v -0.846880 0.623539 0.104786
v -0.836596 0.622904 0.094362
v -0.822547 0.621392 0.090466
v -0.808498 0.619406 0.094143
v -0.798213 0.617479 0.104407
v -0.794449 0.616127 0.118508
v -0.798213 0.615713 0.132667
v -0.808498 0.616347 0.143092
v -0.823505 0.610674 0.138780
v -0.833712 0.612117 0.136108
v -0.841185 0.613517 0.128651
v -0.843920 0.614499 0.118406
v -0.841185 0.614800 0.108119
v -0.833712 0.614339 0.100545
v -0.823505 0.613240 0.097715
v -0.813298 0.611797 0.100386
v -0.805826 0.610397 0.107844
v -0.803091 0.609415 0.118088
v -0.805826 0.609114 0.128376
v -0.813298 0.609575 0.135949
v -0.824121 0.606359 0.128734
v -0.829487 0.607117 0.127330
v -0.833415 0.607853 0.123409
v -0.834853 0.608370 0.118023
v -0.833415 0.608528 0.112615
v -0.829487 0.608286 0.108633
v -0.824121 0.607708 0.107145
v -0.818755 0.606950 0.108549
v -0.814826 0.606213 0.112470
v -0.813388 0.605697 0.117856
v -0.814826 0.605539 0.123265
v -0.818755 0.605781 0.127246
v -0.824333 0.605337 0.117834
v -0.824333 0.605337 0.117834
v -0.824333 0.605337 0.117834
v -0.824333 0.605337 0.117834
v -0.824333 0.605337 0.117834
v -0.824333 0.605337 0.117834
v -0.824333 0.605337 0.117834
v -0.824333 0.605337 0.117834
v -0.824333 0.605337 0.117834
v -0.824333 0.605337 0.117834
v -0.824333 0.605337 0.117834
v -0.824333 0.605337 0.117834
v -0.825667 0.834663 0.132166
v -0.825667 0.834663 0.132166
v -0.825667 0.834663 0.132166
v -0.825667 0.834663 0.132166
v -0.825667 0.834663 0.132166
v -0.825667 0.834663 0.132166
v -0.825667 0.834663 0.132166
v -0.825667 0.834663 0.132166
v -0.825667 0.834663 0.132166
v -0.825667 0.834663 0.132166
v -0.825667 0.834663 0.132166
v -0.825667 0.834663 0.132166
v -0.825879 0.832292 0.142855
v -0.831245 0.833050 0.141451
v -0.835174 0.833787 0.137530
v -0.836612 0.834303 0.132144
v -0.835174 0.834461 0.126735
v -0.831245 0.834219 0.122754
v -0.825879 0.833641 0.121266
v -0.820513 0.832883 0.122670
v -0.816585 0.832147 0.126591
v -0.815147 0.831630 0.131977
v -0.816585 0.831472 0.137385
v -0.820513 0.831714 0.141367
v -0.826495 0.826760 0.152285
v -0.836702 0.828203 0.149614
v -0.844174 0.829603 0.142156
v -0.846909 0.830585 0.131912
v -0.844174 0.830886 0.121624
v -0.836702 0.830425 0.114051
v -0.826495 0.829326 0.111220
v -0.816288 0.827883 0.113892
v -0.808815 0.826483 0.121349
v -0.806080 0.825501 0.131594
v -0.808815 0.825200 0.141881
v -0.816288 0.825661 0.149455
v -0.827453 0.818608 0.159534
v -0.841502 0.820594 0.155857
v -0.851787 0.822521 0.145593
v -0.855551 0.823873 0.131492
v -0.851787 0.824287 0.117333
v -0.841502 0.823653 0.106908
v -0.827453 0.822141 0.103013
v -0.813404 0.820155 0.106690
v -0.803120 0.818228 0.116954
v -0.799355 0.816876 0.131055
v -0.803120 0.816461 0.145214
v -0.813404 0.817096 0.155638
v -0.828661 0.808635 0.163892
v -0.845177 0.810970 0.159569
v -0.857267 0.813235 0.147503
v -0.861692 0.814824 0.130927
v -0.857267 0.815311 0.114281
v -0.845177 0.814566 0.102027
v -0.828661 0.812788 0.097447
v -0.812146 0.810453 0.101770
v -0.800055 0.808188 0.113836
v -0.795630 0.806599 0.130412
v -0.800055 0.806112 0.147058
v -0.812146 0.806857 0.159312
v -0.830000 0.797817 0.164932
v -0.847365 0.800271 0.160387
v -0.860078 0.802653 0.147700
v -0.864731 0.804324 0.130270
v -0.860078 0.804837 0.112768
v -0.847365 0.804053 0.099883
v -0.830000 0.802183 0.095068
v -0.812635 0.799729 0.099613
v -0.799922 0.797347 0.112300
v -0.795269 0.795676 0.129730
v -0.799922 0.795163 0.147232
v -0.812635 0.795947 0.160117
v -0.850000 0.637817 0.154932
v -0.867365 0.640271 0.150387
v -0.880078 0.642653 0.137700
v -0.884731 0.644324 0.120270
v -0.880078 0.644837 0.102768
v -0.867365 0.644053 0.089883
v -0.850000 0.642183 0.085068
v -0.832635 0.639729 0.089613
v -0.819922 0.637347 0.102300
v -0.815269 0.635676 0.119730
v -0.819922 0.635163 0.137232
v -0.832635 0.635947 0.150117
v -0.851339 0.627212 0.152553
v -0.867854 0.629547 0.148230
v -0.879945 0.631812 0.136164
v -0.884370 0.633401 0.119588
v -0.879945 0.633888 0.102942
v -0.867854 0.633143 0.090688
v -0.851339 0.631365 0.086108
v -0.834823 0.629030 0.090431
v -0.822733 0.626765 0.102497
v -0.818308 0.625176 0.119073
v -0.822733 0.624689 0.135719
v -0.834823 0.625434 0.147973
v -0.852547 0.617859 0.146987
v -0.866596 0.619845 0.143310
v -0.876880 0.621772 0.133046
v -0.880645 0.623124 0.118945
v -0.876880 0.623539 0.104786
v -0.866596 0.622904 0.094362
v -0.852547 0.621392 0.090466
v -0.838498 0.619406 0.094143
v -0.828213 0.617479 0.104407
v -0.824449 0.616127 0.118508
v -0.828213 0.615713 0.132667
v -0.838498 0.616347 0.143092
v -0.853505 0.610674 0.138780
v -0.863712 0.612117 0.136108
v -0.871185 0.613517 0.128651
v -0.873920 0.614499 0.118406
v -0.871185 0.614800 0.108119
v -0.863712 0.614339 0.100545
v -0.853505 0.613240 0.097715
v -0.843298 0.611797 0.100386
v -0.835826 0.610397 0.107844
v -0.833091 0.609415 0.118088
v -0.835826 0.609114 0.128376
v -0.843298 0.609575 0.135949
v -0.854121 0.606359 0.128734
v -0.859487 0.607117 0.127330
v -0.863415 0.607853 0.123409
v -0.864853 0.608370 0.118023
v -0.863415 0.608528 0.112615
v -0.859487 0.608286 0.108633
v -0.854121 0.607708 0.107145
v -0.848755 0.606950 0.108549
v -0.844826 0.606213 0.112470
v -0.843388 0.605697 0.117856
v -0.844826 0.605539 0.123265
v -0.848755 0.605781 0.127246
v -0.854333 0.605337 0.117834
v -0.854333 0.605337 0.117834
v -0.854333 0.605337 0.117834
v -0.854333 0.605337 0.117834
v -0.854333 0.605337 0.117834
v -0.854333 0.605337 0.117834
v -0.854333 0.605337 0.117834
v -0.854333 0.605337 0.117834
v -0.854333 0.605337 0.117834
v -0.854333 0.605337 0.117834
v -0.854333 0.605337 0.117834
v -0.854333 0.605337 0.117834
v -0.855667 0.834663 0.132166
v -0.855667 0.834663 0.132166
v -0.855667 0.834663 0.132166
v -0.855667 0.834663 0.132166
v -0.855667 0.834663 0.132166
v -0.855667 0.834663 0.132166
v -0.855667 0.834663 0.132166
v -0.855667 0.834663 0.132166
v -0.855667 0.834663 0.132166
v -0.855667 0.834663 0.132166
v -0.855667 0.834663 0.132166
v -0.855667 0.834663 0.132166
v -0.855879 0.832292 0.142855
v -0.861245 0.833050 0.141451
v -0.865174 0.833787 0.137530
v -0.866612 0.834303 0.132144
v -0.865174 0.834461 0.126735
v -0.861245 0.834219 0.122754
v -0.855879 0.833641 0.121266
v -0.850513 0.832883 0.122670
v -0.846585 0.832147 0.126591
v -0.845147 0.831630 0.131977
v -0.846585 0.831472 0.137385
v -0.850513 0.831714 0.141367
v -0.856495 0.826760 0.152285
v -0.866702 0.828203 0.149614
v -0.874174 0.829603 0.142156
v -0.876909 0.830585 0.131912
v -0.874174 0.830886 0.121624
v -0.866702 0.830425 0.114051
v -0.856495 0.829326 0.111220
v -0.846288 0.827883 0.113892
v -0.838815 0.826483 0.121349
v -0.836080 0.825501 0.131594
v -0.838815 0.825200 0.141881
v -0.846288 0.825661 0.149455
v -0.857453 0.818608 0.159534
v -0.871502 0.820594 0.155857
v -0.881787 0.822521 0.145593
v -0.885551 0.823873 0.131492
v -0.881787 0.824287 0.117333
v -0.871502 0.823653 0.106908
v -0.857453 0.822141 0.103013
v -0.843404 0.820155 0.106690
v -0.833120 0.818228 0.116954
v -0.829355 0.816876 0.131055
v -0.833120 0.816461 0.145214
v -0.843404 0.817096 0.155638
v -0.858661 0.808635 0.163892
v -0.875177 0.810970 0.159569
v -0.887267 0.813235 0.147503
v -0.891692 0.814824 0.130927
v -0.887267 0.815311 0.114281
v -0.875177 0.814566 0.102027
v -0.858661 0.812788 0.097447
v -0.842146 0.810453 0.101770
v -0.830055 0.808188 0.113836
v -0.825630 0.806599 0.130412
v -0.830055 0.806112 0.147058
v -0.842146 0.806857 0.159312
v -0.860000 0.797817 0.164932
v -0.877365 0.800271 0.160387
v -0.890078 0.802653 0.147700
v -0.894731 0.804324 0.130270
v -0.890078 0.804837 0.112768
v -0.877365 0.804053 0.099883
v -0.860000 0.802183 0.095068
v -0.842635 0.799729 0.099613
v -0.829922 0.797347 0.112300
v -0.825269 0.795676 0.129730
v -0.829922 0.795163 0.147232
v -0.842635 0.795947 0.160117
v -0.880000 0.637817 0.154932
v -0.897365 0.640271 0.150387
v -0.910078 0.642653 0.137700
v -0.914731 0.644324 0.120270
v -0.910078 0.644837 0.102768
v -0.897365 0.644053 0.089883
v -0.880000 0.642183 0.085068
v -0.862635 0.639729 0.089613
v -0.849922 0.637347 0.102300
v -0.845269 0.635676 0.119730
v -0.849922 0.635163 0.137232
v -0.862635 0.635947 0.150117
v -0.881339 0.627212 0.152553
v -0.897854 0.629547 0.148230
v -0.909945 0.631812 0.136164
v -0.914370 0.633401 0.119588
v -0.909945 0.633888 0.102942
v -0.897854 0.633143 0.090688
v -0.881339 0.631365 0.086108
v -0.864823 0.629030 0.090431
v -0.852733 0.626765 0.102497
v -0.848308 0.625176 0.119073
v -0.852733 0.624689 0.135719
v -0.864823 0.625434 0.147973
v -0.882547 0.617859 0.146987
v -0.896596 0.619845 0.143310
v -0.906880 0.621772 0.133046
v -0.910645 0.623124 0.118945
v -0.906880 0.623539 0.104786
v -0.896596 0.622904 0.094362
v -0.882547 0.621392 0.090466
v -0.868498 0.619406 0.094143
v -0.858213 0.617479 0.104407
v -0.854449 0.616127 0.118508
v -0.858213 0.615713 0.132667
v -0.868498 0.616347 0.143092
v -0.883505 0.610674 0.138780
v -0.893712 0.612117 0.136108
v -0.901185 0.613517 0.128651
v -0.903920 0.614499 0.118406
v -0.901185 0.614800 0.108119
v -0.893712 0.614339 0.100545
v -0.883505 0.613240 0.097715
v -0.873298 0.611797 0.100386
v -0.865826 0.610397 0.107844
v -0.863091 0.609415 0.118088
v -0.865826 0.609114 0.128376
v -0.873298 0.609575 0.135949
v -0.884121 0.606359 0.128734
v -0.889487 0.607117 0.127330
v -0.893415 0.607853 0.123409
v -0.894853 0.608370 0.118023
v -0.893415 0.608528 0.112615
v -0.889487 0.608286 0.108633
v -0.884121 0.607708 0.107145
v -0.878755 0.606950 0.108549
v -0.874826 0.606213 0.112470
v -0.873388 0.605697 0.117856
v -0.874826 0.605539 0.123265
v -0.878755 0.605781 0.127246
v -0.884333 0.605337 0.117834
v -0.884333 0.605337 0.117834
v -0.884333 0.605337 0.117834
v -0.884333 0.605337 0.117834
v -0.884333 0.605337 0.117834
v -0.884333 0.605337 0.117834
v -0.884333 0.605337 0.117834
v -0.884333 0.605337 0.117834
v -0.884333 0.605337 0.117834
v -0.884333 0.605337 0.117834
v -0.884333 0.605337 0.117834
v -0.884333 0.605337 0.117834
v 0.795667 0.834663 0.132166
v 0.795667 0.834663 0.132166
v 0.795667 0.834663 0.132166
v 0.795667 0.834663 0.132166
v 0.795667 0.834663 0.132166
v 0.795667 0.834663 0.132166
v 0.795667 0.834663 0.132166
v 0.795667 0.834663 0.132166
v 0.795667 0.834663 0.132166
v 0.795667 0.834663 0.132166
v 0.795667 0.834663 0.132166
v 0.795667 0.834663 0.132166
v 0.795879 0.832292 0.142855
v 0.790513 0.831714 0.141367
v 0.786585 0.831472 0.137385
v 0.785147 0.831630 0.131977
v 0.786585 0.832147 0.126591
v 0.790513 0.832883 0.122670
v 0.795879 0.833641 0.121266
v 0.801245 0.834219 0.122754
v 0.805174 0.834461 0.126735
v 0.806612 0.834303 0.132144
v 0.805174 0.833787 0.137530
v 0.801245 0.833050 0.141451
v 0.796495 0.826760 0.152285
v 0.786288 0.825661 0.149455
v 0.778815 0.825200 0.141881
v 0.776080 0.825501 0.131594
v 0.778815 0.826483 0.121349
v 0.786288 0.827883 0.113892
v 0.796495 0.829326 0.111220
v 0.806702 0.830425 0.114051
v 0.814174 0.830886 0.121624
v 0.816909 0.830585 0.131912
v 0.814174 0.829603 0.142156
v 0.806702 0.828203 0.149614
v 0.797453 0.818608 0.159534
v 0.783404 0.817096 0.155638
v 0.773120 0.816461 0.145214
v 0.769355 0.816876 0.131055
v 0.773120 0.818228 0.116954
v 0.783404 0.820155 0.106690
v 0.797453 0.822141 0.103013
v 0.811502 0.823653 0.106908
v 0.821787 0.824287 0.117333
v 0.825551 0.823873 0.131492
v 0.821787 0.822521 0.145593
v 0.811502 0.820594 0.155857
v 0.798661 0.808635 0.163892
v 0.782146 0.806857 0.159312
v 0.770055 0.806112 0.147058
v 0.765630 0.806599 0.130412
v 0.770055 0.808188 0.113836
v 0.782146 0.810453 0.101770
v 0.798661 0.812788 0.097447
v 0.815177 0.814566 0.102027
v 0.827267 0.815311 0.114281
v 0.831692 0.814824 0.130927
v 0.827267 0.813235 0.147503
v 0.815177 0.810970 0.159569
v 0.800000 0.797817 0.164932
v 0.782635 0.795947 0.160117
v 0.769922 0.795163 0.147232
v 0.765269 0.795676 0.129730
v 0.769922 0.797347 0.112300
v 0.782635 0.799729 0.099613
v 0.800000 0.802183 0.095068
v 0.817365 0.804053 0.099883
v 0.830078 0.804837 0.112768
v 0.834731 0.804324 0.130270
v 0.830078 0.802653 0.147700
v 0.817365 0.800271 0.160387
v 0.820000 0.637817 0.154932
v 0.802635 0.635947 0.150117
v 0.789922 0.635163 0.137232
v 0.785269 0.635676 0.119730
v 0.789922 0.637347 0.102300
v 0.802635 0.639729 0.089613
v 0.820000 0.642183 0.085068
v 0.837365 0.644053 0.089883
v 0.850078 0.644837 0.102768
v 0.854731 0.644324 0.120270
v 0.850078 0.642653 0.137700
v 0.837365 0.640271 0.150387
v 0.821339 0.627212 0.152553
v 0.804823 0.625434 0.147973
v 0.792733 0.624689 0.135719
v 0.788308 0.625176 0.119073
v 0.792733 0.626765 0.102497
v 0.804823 0.629030 0.090431
v 0.821339 0.631365 0.086108
v 0.837854 0.633143 0.090688
v 0.849945 0.633888 0.102942
v 0.854370 0.633401 0.119588
v 0.849945 0.631812 0.136164
v 0.837854 0.629547 0.148230
v 0.822547 0.617859 0.146987
v 0.808498 0.616347 0.143092
v 0.798213 0.615713 0.132667
v 0.794449 0.616127 0.118508
v 0.798213 0.617479 0.104407
v 0.808498 0.619406 0.094143
v 0.822547 0.621392 0.090466
v 0.836596 0.622904 0.094362
v 0.846880 0.623539 0.104786
v 0.850645 0.623124 0.118945
v 0.846880 0.621772 0.133046
v 0.836596 0.619845 0.143310
v 0.823505 0.610674 0.138780
v 0.813298 0.609575 0.135949
v 0.805826 0.609114 0.128376
v 0.803091 0.609415 0.118088
v 0.805826 0.610397 0.107844
v 0.813298 0.611797 0.100386
v 0.823505 0.613240 0.097715
v 0.833712 0.614339 0.100545
v 0.841185 0.614800 0.108119
v 0.843920 0.614499 0.118406
v 0.841185 0.613517 0.128651
v 0.833712 0.612117 0.136108
v 0.824121 0.606359 0.128734
v 0.818755 0.605781 0.127246
v 0.814826 0.605539 0.123265
v 0.813388 0.605697 0.117856
v 0.814826 0.606213 0.112470
v 0.818755 0.606950 0.108549
v 0.824121 0.607708 0.107145
v 0.829487 0.608286 0.108633
v 0.833415 0.608528 0.112615
v 0.834853 0.608370 0.118023
v 0.833415 0.607853 0.123409
v 0.829487 0.607117 0.127330
v 0.824333 0.605337 0.117834
v 0.824333 0.605337 0.117834
v 0.824333 0.605337 0.117834
v 0.824333 0.605337 0.117834
v 0.824333 0.605337 0.117834
v 0.824333 0.605337 0.117834
v 0.824333 0.605337 0.117834
v 0.824333 0.605337 0.117834
v 0.824333 0.605337 0.117834
v 0.824333 0.605337 0.117834
v 0.824333 0.605337 0.117834
v 0.824333 0.605337 0.117834
v 0.825667 0.834663 0.132166
v 0.825667 0.834663 0.132166
v 0.825667 0.834663 0.132166
v 0.825667 0.834663 0.132166
v 0.825667 0.834663 0.132166
v 0.825667 0.834663 0.132166
v 0.825667 0.834663 0.132166
v 0.825667 0.834663 0.132166
v 0.825667 0.834663 0.132166
v 0.825667 0.834663 0.132166
v 0.825667 0.834663 0.132166
v 0.825667 0.834663 0.132166
v 0.825879 0.832292 0.142855
v 0.820513 0.831714 0.141367
v 0.816585 0.831472 0.137385
v 0.815147 0.831630 0.131977
v 0.816585 0.832147 0.126591
v 0.820513 0.832883 0.122670
v 0.825879 0.833641 0.121266
v 0.831245 0.834219 0.122754
v 0.835174 0.834461 0.126735
v 0.836612 0.834303 0.132144
v 0.835174 0.833787 0.137530
v 0.831245 0.833050 0.141451
v 0.826495 0.826760 0.152285
v 0.816288 0.825661 0.149455
v 0.808815 0.825200 0.141881
v 0.806080 0.825501 0.131594
v 0.808815 0.826483 0.121349
v 0.816288 0.827883 0.113892
v 0.826495 0.829326 0.111220
v 0.836702 0.830425 0.114051
v 0.844174 0.830886 0.121624
v 0.846909 0.830585 0.131912
v 0.844174 0.829603 0.142156
v 0.836702 0.828203 0.149614
v 0.827453 0.818608 0.159534
v 0.813404 0.817096 0.155638
v 0.803120 0.816461 0.145214
v 0.799355 0.816876 0.131055
v 0.803120 0.818228 0.116954
v 0.813404 0.820155 0.106690
v 0.827453 0.822141 0.103013
v 0.841502 0.823653 0.106908
v 0.851787 0.824287 0.117333
v 0.855551 0.823873 0.131492
v 0.851787 0.822521 0.145593
v 0.841502 0.820594 0.155857
v 0.828661 0.808635 0.163892
v 0.812146 0.806857 0.159312
v 0.800055 0.806112 0.147058
v 0.795630 0.806599 0.130412
v 0.800055 0.808188 0.113836
v 0.812146 0.810453 0.101770
v 0.828661 0.812788 0.097447
v 0.845177 0.814566 0.102027
v 0.857267 0.815311 0.114281
v 0.861692 0.814824 0.130927
v 0.857267 0.813235 0.147503
v 0.845177 0.810970 0.159569
v 0.830000 0.797817 0.164932
v 0.812635 0.795947 0.160117
v 0.799922 0.795163 0.147232
v 0.795269 0.795676 0.129730
v 0.799922 0.797347 0.112300
v 0.812635 0.799729 0.099613
v 0.830000 0.802183 0.095068
v 0.847365 0.804053 0.099883
v 0.860078 0.804837 0.112768
v 0.864731 0.804324 0.130270
v 0.860078 0.802653 0.147700
v 0.847365 0.800271 0.160387
v 0.850000 0.637817 0.154932
v 0.832635 0.635947 0.150117
v 0.819922 0.635163 0.137232
v 0.815269 0.635676 0.119730
v 0.819922 0.637347 0.102300
v 0.832635 0.639729 0.089613
v 0.850000 0.642183 0.085068
v 0.867365 0.644053 0.089883
v 0.880078 0.644837 0.102768
v 0.884731 0.644324 0.120270
v 0.880078 0.642653 0.137700
v 0.867365 0.640271 0.150387
v 0.851339 0.627212 0.152553
v 0.834823 0.625434 0.147973
v 0.822733 0.624689 0.135719
v 0.818308 0.625176 0.119073
v 0.822733 0.626765 0.102497
v 0.834823 0.629030 0.090431
v 0.851339 0.631365 0.086108
v 0.867854 0.633143 0.090688
v 0.879945 0.633888 0.102942
v 0.884370 0.633401 0.119588
v 0.879945 0.631812 0.136164
v 0.867854 0.629547 0.148230
v 0.852547 0.617859 0.146987
v 0.838498 0.616347 0.143092
v 0.828213 0.615713 0.132667
v 0.824449 0.616127 0.118508
v 0.828213 0.617479 0.104407
v 0.838498 0.619406 0.094143
v 0.852547 0.621392 0.090466
v 0.866596 0.622904 0.094362
v 0.876880 0.623539 0.104786
v 0.880645 0.623124 0.118945
v 0.876880 0.621772 0.133046
v 0.866596 0.619845 0.143310
v 0.853505 0.610674 0.138780
v 0.843298 0.609575 0.135949
v 0.835826 0.609114 0.128376
v 0.833091 0.609415 0.118088
v 0.835826 0.610397 0.107844
v 0.843298 0.611797 0.100386
v 0.853505 0.613240 0.097715
v 0.863712 0.614339 0.100545
v 0.871185 0.614800 0.108119
v 0.873920 0.614499 0.118406
v 0.871185 0.613517 0.128651
v 0.863712 0.612117 0.136108
v 0.854121 0.606359 0.128734
v 0.848755 0.605781 0.127246
v 0.844826 0.605539 0.123265
v 0.843388 0.605697 0.117856
v 0.844826 0.606213 0.112470
v 0.848755 0.606950 0.108549
v 0.854121 0.607708 0.107145
v 0.859487 0.608286 0.108633
v 0.863415 0.608528 0.112615
v 0.864853 0.608370 0.118023
v 0.863415 0.607853 0.123409
v 0.859487 0.607117 0.127330
v 0.854333 0.605337 0.117834
v 0.854333 0.605337 0.117834
v 0.854333 0.605337 0.117834
v 0.854333 0.605337 0.117834
v 0.854333 0.605337 0.117834
v 0.854333 0.605337 0.117834
v 0.854333 0.605337 0.117834
v 0.854333 0.605337 0.117834
v 0.854333 0.605337 0.117834
v 0.854333 0.605337 0.117834
v 0.854333 0.605337 0.117834
v 0.854333 0.605337 0.117834
v 0.855667 0.834663 0.132166
v 0.855667 0.834663 0.132166
v 0.855667 0.834663 0.132166
v 0.855667 0.834663 0.132166
v 0.855667 0.834663 0.132166
v 0.855667 0.834663 0.132166
v 0.855667 0.834663 0.132166
v 0.855667 0.834663 0.132166
v 0.855667 0.834663 0.132166
v 0.855667 0.834663 0.132166
v 0.855667 0.834663 0.132166
v 0.855667 0.834663 0.132166
v 0.855879 0.832292 0.142855
v 0.850513 0.831714 0.141367
v 0.846585 0.831472 0.137385
v 0.845147 0.831630 0.131977
v 0.846585 0.832147 0.126591
v 0.850513 0.832883 0.122670
v 0.855879 0.833641 0.121266
v 0.861245 0.834219 0.122754
v 0.865174 0.834461 0.126735
v 0.866612 0.834303 0.132144
v 0.865174 0.833787 0.137530
v 0.861245 0.833050 0.141451
v 0.856495 0.826760 0.152285
v 0.846288 0.825661 0.149455
v 0.838815 0.825200 0.141881
v 0.836080 0.825501 0.131594
v 0.838815 0.826483 0.121349
v 0.846288 0.827883 0.113892
v 0.856495 0.829326 0.111220
v 0.866702 0.830425 0.114051
v 0.874174 0.830886 0.121624
v 0.876909 0.830585 0.131912
v 0.874174 0.829603 0.142156
v 0.866702 0.828203 0.149614
v 0.857453 0.818608 0.159534
v 0.843404 0.817096 0.155638
v 0.833120 0.816461 0.145214
v 0.829355 0.816876 0.131055
v 0.833120 0.818228 0.116954
v 0.843404 0.820155 0.106690
v 0.857453 0.822141 0.103013
v 0.871502 0.823653 0.106908
v 0.881787 0.824287 0.117333
v 0.885551 0.823873 0.131492
v 0.881787 0.822521 0.145593
v 0.871502 0.820594 0.155857
v 0.858661 0.808635 0.163892
v 0.842146 0.806857 0.159312
v 0.830055 0.806112 0.147058
v 0.825630 0.806599 0.130412
v 0.830055 0.808188 0.113836
v 0.842146 0.810453 0.101770
v 0.858661 0.812788 0.097447
v 0.875177 0.814566 0.102027
v 0.887267 0.815311 0.114281
v 0.891692 0.814824 0.130927
v 0.887267 0.813235 0.147503
v 0.875177 0.810970 0.159569
v 0.860000 0.797817 0.164932
v 0.842635 0.795947 0.160117
v 0.829922 0.795163 0.147232
v 0.825269 0.795676 0.129730
v 0.829922 0.797347 0.112300
v 0.842635 0.799729 0.099613
v 0.860000 0.802183 0.095068
v 0.877365 0.804053 0.099883
v 0.890078 0.804837 0.112768
v 0.894731 0.804324 0.130270
v 0.890078 0.802653 0.147700
v 0.877365 0.800271 0.160387
v 0.880000 0.637817 0.154932
v 0.862635 0.635947 0.150117
v 0.849922 0.635163 0.137232
v 0.845269 0.635676 0.119730
v 0.849922 0.637347 0.102300
v 0.862635 0.639729 0.089613
v 0.880000 0.642183 0.085068
v 0.897365 0.644053 0.089883
v 0.910078 0.644837 0.102768
v 0.914731 0.644324 0.120270
v 0.910078 0.642653 0.137700
v 0.897365 0.640271 0.150387
v 0.881339 0.627212 0.152553
v 0.864823 0.625434 0.147973
v 0.852733 0.624689 0.135719
v 0.848308 0.625176 0.119073
v 0.852733 0.626765 0.102497
v 0.864823 0.629030 0.090431
v 0.881339 0.631365 0.086108
v 0.897854 0.633143 0.090688
v 0.909945 0.633888 0.102942
v 0.914370 0.633401 0.119588
v 0.909945 0.631812 0.136164
v 0.897854 0.629547 0.148230
v 0.882547 0.617859 0.146987
v 0.868498 0.616347 0.143092
v 0.858213 0.615713 0.132667
v 0.854449 0.616127 0.118508
v 0.858213 0.617479 0.104407
v 0.868498 0.619406 0.094143
v 0.882547 0.621392 0.090466
v 0.896596 0.622904 0.094362
v 0.906880 0.623539 0.104786
v 0.910645 0.623124 0.118945
v 0.906880 0.621772 0.133046
v 0.896596 0.619845 0.143310
v 0.883505 0.610674 0.138780
v 0.873298 0.609575 0.135949
v 0.865826 0.609114 0.128376
v 0.863091 0.609415 0.118088
v 0.865826 0.610397 0.107844
v 0.873298 0.611797 0.100386
v 0.883505 0.613240 0.097715
v 0.893712 0.614339 0.100545
v 0.901185 0.614800 0.108119
v 0.903920 0.614499 0.118406
v 0.901185 0.613517 0.128651
v 0.893712 0.612117 0.136108
v 0.884121 0.606359 0.128734
v 0.878755 0.605781 0.127246
v 0.874826 0.605539 0.123265
v 0.873388 0.605697 0.117856
v 0.874826 0.606213 0.112470
v 0.878755 0.606950 0.108549
v 0.884121 0.607708 0.107145
v 0.889487 0.608286 0.108633
v 0.893415 0.608528 0.112615
v 0.894853 0.608370 0.118023
v 0.893415 0.607853 0.123409
v 0.889487 0.607117 0.127330
v 0.884333 0.605337 0.117834
v 0.884333 0.605337 0.117834
v 0.884333 0.605337 0.117834
v 0.884333 0.605337 0.117834
v 0.884333 0.605337 0.117834
v 0.884333 0.605337 0.117834
v 0.884333 0.605337 0.117834
v 0.884333 0.605337 0.117834
v 0.884333 0.605337 0.117834
v 0.884333 0.605337 0.117834
v 0.884333 0.605337 0.117834
v 0.884333 0.605337 0.117834
v -0.262926 1.059891 0.000000
v -0.262926 1.059891 0.000000
v -0.262926 1.059891 0.000000
v -0.262926 1.059891 0.000000
v -0.262926 1.059891 0.000000
v -0.262926 1.059891 0.000000
v -0.262926 1.059891 0.000000
v -0.262926 1.059891 -0.000000
v -0.262926 1.059891 -0.000000
v -0.262926 1.059891 -0.000000
v -0.262926 1.059891 -0.000000
v -0.262926 1.059891 -0.000000
v -0.262926 1.059891 -0.000000
v -0.262926 1.059891 -0.000000
v -0.262926 1.059891 -0.000000
v -0.262926 1.059891 -0.000000
v -0.262926 1.059891 -0.000000
v -0.262926 1.059891 -0.000000
v -0.262926 1.059891 -0.000000
v -0.262926 1.059891 0.000000
v -0.262926 1.059891 0.000000
v -0.262926 1.059891 0.000000
v -0.262926 1.059891 0.000000
v -0.262926 1.059891 0.000000
v -0.263273 1.048640 0.071074
v -0.281659 1.049205 0.068652
v -0.298793 1.049732 0.061552
v -0.313506 1.050185 0.050257
v -0.324795 1.050533 0.035537
v -0.331892 1.050751 0.018395
v -0.334313 1.050825 0.000000
v -0.331892 1.050751 -0.018395
v -0.324795 1.050533 -0.035537
v -0.313506 1.050185 -0.050257
v -0.298793 1.049732 -0.061552
v -0.281659 1.049205 -0.068652
v -0.263273 1.048640 -0.071074
v -0.244886 1.048074 -0.068652
v -0.227752 1.047547 -0.061552
v -0.213040 1.047094 -0.050257
v -0.201750 1.046747 -0.035537
v -0.194653 1.046528 -0.018395
v -0.192232 1.046454 -0.000000
v -0.194653 1.046528 0.018395
v -0.201750 1.046747 0.035537
v -0.213040 1.047094 0.050257
v -0.227752 1.047547 0.061552
v -0.244886 1.048074 0.068652
v -0.264277 1.015986 0.135191
v -0.299251 1.017062 0.130584
v -0.331841 1.018065 0.117079
v -0.359826 1.018926 0.095594
v -0.381300 1.019587 0.067595
v -0.394800 1.020002 0.034990
v -0.399404 1.020144 0.000000
v -0.394800 1.020002 -0.034990
v -0.381300 1.019587 -0.067595
v -0.359826 1.018926 -0.095594
v -0.331841 1.018065 -0.117079
v -0.299251 1.017062 -0.130584
v -0.264277 1.015986 -0.135191
v -0.229304 1.014910 -0.130584
v -0.196714 1.013907 -0.117079
v -0.168728 1.013046 -0.095594
v -0.147254 1.012385 -0.067595
v -0.133755 1.011970 -0.034990
v -0.129151 1.011828 -0.000000
v -0.133755 1.011970 0.034990
v -0.147254 1.012385 0.067595
v -0.168728 1.013046 0.095594
v -0.196714 1.013907 0.117079
v -0.229304 1.014910 0.130584
v -0.265842 0.965127 0.186074
v -0.313979 0.966608 0.179734
v -0.358835 0.967988 0.161145
v -0.397354 0.969173 0.131574
v -0.426911 0.970083 0.093037
v -0.445491 0.970654 0.048159
v -0.451828 0.970849 0.000000
v -0.445491 0.970654 -0.048159
v -0.426911 0.970083 -0.093037
v -0.397354 0.969173 -0.131574
v -0.358835 0.967988 -0.161145
v -0.313979 0.966608 -0.179734
v -0.265842 0.965127 -0.186074
v -0.217706 0.963646 -0.179734
v -0.172849 0.962265 -0.161145
v -0.134330 0.961080 -0.131574
v -0.104774 0.960171 -0.093037
v -0.086194 0.959599 -0.048159
v -0.079856 0.959404 -0.000000
v -0.086194 0.959599 0.048159
v -0.104774 0.960171 0.093037
v -0.134330 0.961080 0.131574
v -0.172849 0.962265 0.161145
v -0.217706 0.963646 0.179734
v -0.267814 0.901040 0.218743
v -0.324402 0.902781 0.211290
v -0.377134 0.904404 0.189437
v -0.422416 0.905797 0.154675
v -0.457162 0.906866 0.109371
v -0.479004 0.907538 0.056615
v -0.486454 0.907768 0.000000
v -0.479004 0.907538 -0.056615
v -0.457162 0.906866 -0.109371
v -0.422416 0.905797 -0.154675
v -0.377134 0.904404 -0.189437
v -0.324402 0.902781 -0.211290
v -0.267814 0.901040 -0.218743
v -0.211226 0.899299 -0.211290
v -0.158494 0.897677 -0.189437
v -0.113213 0.896283 -0.154675
v -0.078467 0.895214 -0.109371
v -0.056625 0.894542 -0.056615
v -0.049175 0.894313 -0.000000
v -0.056625 0.894542 0.056615
v -0.078467 0.895214 0.109371
v -0.113213 0.896283 0.154675
v -0.158494 0.897677 0.189437
v -0.211226 0.899299 0.211290
v -0.270000 0.830000 0.230000
v -0.329500 0.831831 0.222163
v -0.384946 0.833537 0.199186
v -0.432558 0.835002 0.162635
v -0.469092 0.836126 0.115000
v -0.492058 0.836833 0.059528
v -0.499891 0.837074 0.000000
v -0.492058 0.836833 -0.059528
v -0.469092 0.836126 -0.115000
v -0.432558 0.835002 -0.162635
v -0.384946 0.833537 -0.199186
v -0.329500 0.831831 -0.222163
v -0.270000 0.830000 -0.230000
v -0.210500 0.828169 -0.222163
v -0.155054 0.826463 -0.199186
v -0.107442 0.824998 -0.162635
v -0.070908 0.823874 -0.115000
v -0.047942 0.823167 -0.059528
v -0.040109 0.822926 -0.000000
v -0.047942 0.823167 0.059528
v -0.070908 0.823874 0.115000
v -0.107442 0.824998 0.162635
v -0.155054 0.826463 0.199186
v -0.210500 0.828169 0.222163
v -0.290000 0.180000 0.230000
v -0.349500 0.181831 0.222163
v -0.404946 0.183537 0.199186
v -0.452558 0.185002 0.162635
v -0.489092 0.186126 0.115000
v -0.512058 0.186833 0.059528
v -0.519891 0.187074 0.000000
v -0.512058 0.186833 -0.059528
v -0.489092 0.186126 -0.115000
v -0.452558 0.185002 -0.162635
v -0.404946 0.183537 -0.199186
v -0.349500 0.181831 -0.222163
v -0.290000 0.180000 -0.230000
v -0.230500 0.178169 -0.222163
v -0.175054 0.176463 -0.199186
v -0.127442 0.174998 -0.162635
v -0.090908 0.173874 -0.115000
v -0.067942 0.173167 -0.059528
v -0.060109 0.172926 -0.000000
v -0.067942 0.173167 0.059528
v -0.090908 0.173874 0.115000
v -0.127442 0.174998 0.162635
v -0.175054 0.176463 0.199186
v -0.230500 0.178169 0.222163
v -0.292186 0.108960 0.218743
v -0.348774 0.110701 0.211290
v -0.401506 0.112323 0.189437
v -0.446787 0.113717 0.154675
v -0.481533 0.114786 0.109371
v -0.503375 0.115458 0.056615
v -0.510825 0.115687 0.000000
v -0.503375 0.115458 -0.056615
v -0.481533 0.114786 -0.109371
v -0.446787 0.113717 -0.154675
v -0.401506 0.112323 -0.189437
v -0.348774 0.110701 -0.211290
v -0.292186 0.108960 -0.218743
v -0.235598 0.107219 -0.211290
v -0.182866 0.105596 -0.189437
v -0.137584 0.104203 -0.154675
v -0.102838 0.103134 -0.109371
v -0.080996 0.102462 -0.056615
v -0.073546 0.102232 -0.000000
v -0.080996 0.102462 0.056615
v -0.102838 0.103134 0.109371
v -0.137584 0.104203 0.154675
v -0.182866 0.105596 0.189437
v -0.235598 0.107219 0.211290
v -0.294158 0.044873 0.186074
v -0.342294 0.046354 0.179734
v -0.387151 0.047735 0.161145
v -0.425670 0.048920 0.131574
v -0.455226 0.049829 0.093037
v -0.473806 0.050401 0.048159
v -0.480144 0.050596 0.000000
v -0.473806 0.050401 -0.048159
v -0.455226 0.049829 -0.093037
v -0.425670 0.048920 -0.131574
v -0.387151 0.047735 -0.161145
v -0.342294 0.046354 -0.179734
v -0.294158 0.044873 -0.186074
v -0.246021 0.043392 -0.179734
v -0.201165 0.042012 -0.161145
v -0.162646 0.040827 -0.131574
v -0.133089 0.039917 -0.093037
v -0.114509 0.039346 -0.048159
v -0.108172 0.039151 -0.000000
v -0.114509 0.039346 0.048159
v -0.133089 0.039917 0.093037
v -0.162646 0.040827 0.131574
v -0.201165 0.042012 0.161145
v -0.246021 0.043392 0.179734
v -0.295723 -0.005986 0.135191
v -0.330696 -0.004910 0.130584
v -0.363286 -0.003907 0.117079
v -0.391272 -0.003046 0.095594
v -0.412746 -0.002385 0.067595
v -0.426245 -0.001970 0.034990
v -0.430849 -0.001828 0.000000
v -0.426245 -0.001970 -0.034990
v -0.412746 -0.002385 -0.067595
v -0.391272 -0.003046 -0.095594
v -0.363286 -0.003907 -0.117079
v -0.330696 -0.004910 -0.130584
v -0.295723 -0.005986 -0.135191
v -0.260749 -0.007062 -0.130584
v -0.228159 -0.008065 -0.117079
v -0.200174 -0.008926 -0.095594
v -0.178700 -0.009587 -0.067595
v -0.165200 -0.010002 -0.034990
v -0.160596 -0.010144 -0.000000
v -0.165200 -0.010002 0.034990
v -0.178700 -0.009587 0.067595
v -0.200174 -0.008926 0.095594
v -0.228159 -0.008065 0.117079
v -0.260749 -0.007062 0.130584
v -0.296727 -0.038640 0.071074
v -0.315114 -0.038074 0.068652
v -0.332248 -0.037547 0.061552
v -0.346960 -0.037094 0.050257
v -0.358250 -0.036747 0.035537
v -0.365347 -0.036528 0.018395
v -0.367768 -0.036454 0.000000
v -0.365347 -0.036528 -0.018395
v -0.358250 -0.036747 -0.035537
v -0.346960 -0.037094 -0.050257
v -0.332248 -0.037547 -0.061552
v -0.315114 -0.038074 -0.068652
v -0.296727 -0.038640 -0.071074
v -0.278341 -0.039205 -0.068652
v -0.261207 -0.039732 -0.061552
v -0.246494 -0.040185 -0.050257
v -0.235205 -0.040533 -0.035537
v -0.228108 -0.040751 -0.018395
v -0.225687 -0.040825 -0.000000
v -0.228108 -0.040751 0.018395
v -0.235205 -0.040533 0.035537
v -0.246494 -0.040185 0.050257
v -0.261207 -0.039732 0.061552
v -0.278341 -0.039205 0.068652
v -0.297074 -0.049891 0.000000
v -0.297074 -0.049891 0.000000
v -0.297074 -0.049891 0.000000
v -0.297074 -0.049891 0.000000
v -0.297074 -0.049891 0.000000
v -0.297074 -0.049891 0.000000
v -0.297074 -0.049891 0.000000
v -0.297074 -0.049891 -0.000000
v -0.297074 -0.049891 -0.000000
v -0.297074 -0.049891 -0.000000
v -0.297074 -0.049891 -0.000000
v -0.297074 -0.049891 -0.000000
v -0.297074 -0.049891 -0.000000
v -0.297074 -0.049891 -0.000000
v -0.297074 -0.049891 -0.000000
v -0.297074 -0.049891 -0.000000
v -0.297074 -0.049891 -0.000000
v -0.297074 -0.049891 -0.000000
v -0.297074 -0.049891 -0.000000
v -0.297074 -0.049891 0.000000
v -0.297074 -0.049891 0.000000
v -0.297074 -0.049891 0.000000
v -0.297074 -0.049891 0.000000
v -0.297074 -0.049891 0.000000
v 0.262926 1.059891 0.000000
v 0.262926 1.059891 0.000000
v 0.262926 1.059891 0.000000
v 0.262926 1.059891 0.000000
v 0.262926 1.059891 0.000000
v 0.262926 1.059891 0.000000
v 0.262926 1.059891 0.000000
v 0.262926 1.059891 -0.000000
v 0.262926 1.059891 -0.000000
v 0.262926 1.059891 -0.000000
v 0.262926 1.059891 -0.000000
v 0.262926 1.059891 -0.000000
v 0.262926 1.059891 -0.000000
v 0.262926 1.059891 -0.000000
v 0.262926 1.059891 -0.000000
v 0.262926 1.059891 -0.000000
v 0.262926 1.059891 -0.000000
v 0.262926 1.059891 -0.000000
v 0.262926 1.059891 -0.000000
v 0.262926 1.059891 0.000000
v 0.262926 1.059891 0.000000
v 0.262926 1.059891 0.000000
v 0.262926 1.059891 0.000000
v 0.262926 1.059891 0.000000
v 0.263273 1.048640 0.071074
v 0.244886 1.048074 0.068652
v 0.227752 1.047547 0.061552
v 0.213040 1.047094 0.050257
v 0.201750 1.046747 0.035537
v 0.194653 1.046528 0.018395
v 0.192232 1.046454 0.000000
v 0.194653 1.046528 -0.018395
v 0.201750 1.046747 -0.035537
v 0.213040 1.047094 -0.050257
v 0.227752 1.047547 -0.061552
v 0.244886 1.048074 -0.068652
v 0.263273 1.048640 -0.071074
v 0.281659 1.049205 -0.068652
v 0.298793 1.049732 -0.061552
v 0.313506 1.050185 -0.050257
v 0.324795 1.050533 -0.035537
v 0.331892 1.050751 -0.018395
v 0.334313 1.050825 -0.000000
v 0.331892 1.050751 0.018395
v 0.324795 1.050533 0.035537
v 0.313506 1.050185 0.050257
v 0.298793 1.049732 0.061552
v 0.281659 1.049205 0.068652
v 0.264277 1.015986 0.135191
v 0.229304 1.014910 0.130584
v 0.196714 1.013907 0.117079
v 0.168728 1.013046 0.095594
v 0.147254 1.012385 0.067595
v 0.133755 1.011970 0.034990
v 0.129151 1.011828 0.000000
v 0.133755 1.011970 -0.034990
v 0.147254 1.012385 -0.067595
v 0.168728 1.013046 -0.095594
v 0.196714 1.013907 -0.117079
v 0.229304 1.014910 -0.130584
v 0.264277 1.015986 -0.135191
v 0.299251 1.017062 -0.130584
v 0.331841 1.018065 -0.117079
v 0.359826 1.018926 -0.095594
v 0.381300 1.019587 -0.067595
v 0.394800 1.020002 -0.034990
v 0.399404 1.020144 -0.000000
v 0.394800 1.020002 0.034990
v 0.381300 1.019587 0.067595
v 0.359826 1.018926 0.095594
v 0.331841 1.018065 0.117079
v 0.299251 1.017062 0.130584
v 0.265842 0.965127 0.186074
v 0.217706 0.963646 0.179734
v 0.172849 0.962265 0.161145
v 0.134330 0.961080 0.131574
v 0.104774 0.960171 0.093037
v 0.086194 0.959599 0.048159
v 0.079856 0.959404 0.000000
v 0.086194 0.959599 -0.048159
v 0.104774 0.960171 -0.093037
v 0.134330 0.961080 -0.131574
v 0.172849 0.962265 -0.161145
v 0.217706 0.963646 -0.179734
v 0.265842 0.965127 -0.186074
v 0.313979 0.966608 -0.179734
v 0.358835 0.967988 -0.161145
v 0.397354 0.969173 -0.131574
v 0.426911 0.970083 -0.093037
v 0.445491 0.970654 -0.048159
v 0.451828 0.970849 -0.000000
v 0.445491 0.970654 0.048159
v 0.426911 0.970083 0.093037
v 0.397354 0.969173 0.131574
v 0.358835 0.967988 0.161145
v 0.313979 0.966608 0.179734
v 0.267814 0.901040 0.218743
v 0.211226 0.899299 0.211290
v 0.158494 0.897677 0.189437
v 0.113213 0.896283 0.154675
v 0.078467 0.895214 0.109371
v 0.056625 0.894542 0.056615
v 0.049175 0.894313 0.000000
v 0.056625 0.894542 -0.056615
v 0.078467 0.895214 -0.109371
v 0.113213 0.896283 -0.154675
v 0.158494 0.897677 -0.189437
v 0.211226 0.899299 -0.211290
v 0.267814 0.901040 -0.218743
v 0.324402 0.902781 -0.211290
v 0.377134 0.904404 -0.189437
v 0.422416 0.905797 -0.154675
v 0.457162 0.906866 -0.109371
v 0.479004 0.907538 -0.056615
v 0.486454 0.907768 -0.000000
v 0.479004 0.907538 0.056615
v 0.457162 0.906866 0.109371
v 0.422416 0.905797 0.154675
v 0.377134 0.904404 0.189437
v 0.324402 0.902781 0.211290
v 0.270000 0.830000 0.230000
v 0.210500 0.828169 0.222163
v 0.155054 0.826463 0.199186
v 0.107442 0.824998 0.162635
v 0.070908 0.823874 0.115000
v 0.047942 0.823167 0.059528
v 0.040109 0.822926 0.000000
v 0.047942 0.823167 -0.059528
v 0.070908 0.823874 -0.115000
v 0.107442 0.824998 -0.162635
v 0.155054 0.826463 -0.199186
v 0.210500 0.828169 -0.222163
v 0.270000 0.830000 -0.230000
v 0.329500 0.831831 -0.222163
v 0.384946 0.833537 -0.199186
v 0.432558 0.835002 -0.162635
v 0.469092 0.836126 -0.115000
v 0.492058 0.836833 -0.059528
v 0.499891 0.837074 -0.000000
v 0.492058 0.836833 0.059528
v 0.469092 0.836126 0.115000
v 0.432558 0.835002 0.162635
v 0.384946 0.833537 0.199186
v 0.329500 0.831831 0.222163
v 0.290000 0.180000 0.230000
v 0.230500 0.178169 0.222163
v 0.175054 0.176463 0.199186
v 0.127442 0.174998 0.162635
v 0.090908 0.173874 0.115000
v 0.067942 0.173167 0.059528
v 0.060109 0.172926 0.000000
v 0.067942 0.173167 -0.059528
v 0.090908 0.173874 -0.115000
v 0.127442 0.174998 -0.162635
v 0.175054 0.176463 -0.199186
v 0.230500 0.178169 -0.222163
v 0.290000 0.180000 -0.230000
v 0.349500 0.181831 -0.222163
v 0.404946 0.183537 -0.199186
v 0.452558 0.185002 -0.162635
v 0.489092 0.186126 -0.115000
v 0.512058 0.186833 -0.059528
v 0.519891 0.187074 -0.000000
v 0.512058 0.186833 0.059528
v 0.489092 0.186126 0.115000
v 0.452558 0.185002 0.162635
v 0.404946 0.183537 0.199186
v 0.349500 0.181831 0.222163
v 0.292186 0.108960 0.218743
v 0.235598 0.107219 0.211290
v 0.182866 0.105596 0.189437
v 0.137584 0.104203 0.154675
v 0.102838 0.103134 0.109371
v 0.080996 0.102462 0.056615
v 0.073546 0.102232 0.000000
v 0.080996 0.102462 -0.056615
v 0.102838 0.103134 -0.109371
v 0.137584 0.104203 -0.154675
v 0.182866 0.105596 -0.189437
v 0.235598 0.107219 -0.211290
v 0.292186 0.108960 -0.218743
v 0.348774 0.110701 -0.211290
v 0.401506 0.112323 -0.189437
v 0.446787 0.113717 -0.154675
v 0.481533 0.114786 -0.109371
v 0.503375 0.115458 -0.056615
v 0.510825 0.115687 -0.000000
v 0.503375 0.115458 0.056615
v 0.481533 0.114786 0.109371
v 0.446787 0.113717 0.154675
v 0.401506 0.112323 0.189437
v 0.348774 0.110701 0.211290
v 0.294158 0.044873 0.186074
v 0.246021 0.043392 0.179734
v 0.201165 0.042012 0.161145
v 0.162646 0.040827 0.131574
v 0.133089 0.039917 0.093037
v 0.114509 0.039346 0.048159
v 0.108172 0.039151 0.000000
v 0.114509 0.039346 -0.048159
v 0.133089 0.039917 -0.093037
v 0.162646 0.040827 -0.131574
v 0.201165 0.042012 -0.161145
v 0.246021 0.043392 -0.179734
v 0.294158 0.044873 -0.186074
v 0.342294 0.046354 -0.179734
v 0.387151 0.047735 -0.161145
v 0.425670 0.048920 -0.131574
v 0.455226 0.049829 -0.093037
v 0.473806 0.050401 -0.048159
v 0.480144 0.050596 -0.000000
v 0.473806 0.050401 0.048159
v 0.455226 0.049829 0.093037
v 0.425670 0.048920 0.131574
v 0.387151 0.047735 0.161145
v 0.342294 0.046354 0.179734
v 0.295723 -0.005986 0.135191
v 0.260749 -0.007062 0.130584
v 0.228159 -0.008065 0.117079
v 0.200174 -0.008926 0.095594
v 0.178700 -0.009587 0.067595
v 0.165200 -0.010002 0.034990
v 0.160596 -0.010144 0.000000
v 0.165200 -0.010002 -0.034990
v 0.178700 -0.009587 -0.067595
v 0.200174 -0.008926 -0.095594
v 0.228159 -0.008065 -0.117079
v 0.260749 -0.007062 -0.130584
v 0.295723 -0.005986 -0.135191
v 0.330696 -0.004910 -0.130584
v 0.363286 -0.003907 -0.117079
v 0.391272 -0.003046 -0.095594
v 0.412746 -0.002385 -0.067595
v 0.426245 -0.001970 -0.034990
v 0.430849 -0.001828 -0.000000
v 0.426245 -0.001970 0.034990
v 0.412746 -0.002385 0.067595
v 0.391272 -0.003046 0.095594
v 0.363286 -0.003907 0.117079
v 0.330696 -0.004910 0.130584
v 0.296727 -0.038640 0.071074
v 0.278341 -0.039205 0.068652
v 0.261207 -0.039732 0.061552
v 0.246494 -0.040185 0.050257
v 0.235205 -0.040533 0.035537
v 0.228108 -0.040751 0.018395
v 0.225687 -0.040825 0.000000
v 0.228108 -0.040751 -0.018395
v 0.235205 -0.040533 -0.035537
v 0.246494 -0.040185 -0.050257
v 0.261207 -0.039732 -0.061552
v 0.278341 -0.039205 -0.068652
v 0.296727 -0.038640 -0.071074
v 0.315114 -0.038074 -0.068652
v 0.332248 -0.037547 -0.061552
v 0.346960 -0.037094 -0.050257
v 0.358250 -0.036747 -0.035537
v 0.365347 -0.036528 -0.018395
v 0.367768 -0.036454 -0.000000
v 0.365347 -0.036528 0.018395
v 0.358250 -0.036747 0.035537
v 0.346960 -0.037094 0.050257
v 0.332248 -0.037547 0.061552
v 0.315114 -0.038074 0.068652
v 0.297074 -0.049891 0.000000
v 0.297074 -0.049891 0.000000
v 0.297074 -0.049891 0.000000
v 0.297074 -0.049891 0.000000
v 0.297074 -0.049891 0.000000
v 0.297074 -0.049891 0.000000
v 0.297074 -0.049891 0.000000
v 0.297074 -0.049891 -0.000000
v 0.297074 -0.049891 -0.000000
v 0.297074 -0.049891 -0.000000
v 0.297074 -0.049891 -0.000000
v 0.297074 -0.049891 -0.000000
v 0.297074 -0.049891 -0.000000
v 0.297074 -0.049891 -0.000000
v 0.297074 -0.049891 -0.000000
v 0.297074 -0.049891 -0.000000
v 0.297074 -0.049891 -0.000000
v 0.297074 -0.049891 -0.000000
v 0.297074 -0.049891 -0.000000
v 0.297074 -0.049891 0.000000
v 0.297074 -0.049891 0.000000
v 0.297074 -0.049891 0.000000
v 0.297074 -0.049891 0.000000
v 0.297074 -0.049891 0.000000
v -0.290000 0.210000 0.130000
v -0.290000 0.210000 0.130000
v -0.290000 0.210000 0.130000
v -0.290000 0.210000 0.130000
v -0.290000 0.210000 0.130000
v -0.290000 0.210000 0.130000
v -0.290000 0.210000 0.130000
v -0.290000 0.210000 0.130000
v -0.290000 0.210000 0.130000
v -0.290000 0.210000 0.130000
v -0.290000 0.210000 0.130000
v -0.290000 0.210000 0.130000
v -0.290000 0.210000 0.130000
v -0.290000 0.210000 0.130000
v -0.290000 0.210000 0.130000
v -0.290000 0.210000 0.130000
v -0.290000 0.210000 0.130000
v -0.290000 0.210000 0.130000
v -0.290000 0.210000 0.130000
v -0.290000 0.210000 0.130000
v -0.290000 0.210000 0.130000
v -0.290000 0.210000 0.130000
v -0.290000 0.210000 0.130000
v -0.290000 0.210000 0.130000
v -0.290000 0.210000 0.130000
v -0.290000 0.210000 0.130000
v -0.290000 0.210000 0.130000
v -0.290000 0.210000 0.130000
v -0.235375 0.207502 0.130000
v -0.236744 0.207502 0.147365
v -0.240784 0.207502 0.163859
v -0.247292 0.207502 0.178655
v -0.255942 0.207502 0.191011
v -0.266299 0.207502 0.200308
v -0.277845 0.207502 0.206080
v -0.290000 0.207502 0.208036
v -0.302155 0.207502 0.206080
v -0.313701 0.207502 0.200308
v -0.324058 0.207502 0.191011
v -0.332708 0.207502 0.178655
v -0.339216 0.207502 0.163859
v -0.343256 0.207502 0.147365
v -0.344625 0.207502 0.130000
v -0.343256 0.207502 0.112635
v -0.339216 0.207502 0.096141
v -0.332708 0.207502 0.081345
v -0.324058 0.207502 0.068989
v -0.313701 0.207502 0.059692
v -0.302155 0.207502 0.053920
v -0.290000 0.207502 0.051964
v -0.277845 0.207502 0.053920
v -0.266299 0.207502 0.059692
v -0.255942 0.207502 0.068989
v -0.247292 0.207502 0.081345
v -0.240784 0.207502 0.096141
v -0.236744 0.207502 0.112635
v -0.182849 0.200104 0.130000
v -0.185535 0.200104 0.164062
v -0.193460 0.200104 0.196416
v -0.206226 0.200104 0.225440
v -0.223192 0.200104 0.249678
v -0.243509 0.200104 0.267914
v -0.266157 0.200104 0.279236
v -0.290000 0.200104 0.283073
v -0.313843 0.200104 0.279236
v -0.336491 0.200104 0.267914
v -0.356808 0.200104 0.249678
v -0.373774 0.200104 0.225440
v -0.386540 0.200104 0.196416
v -0.394465 0.200104 0.164062
v -0.397151 0.200104 0.130000
v -0.394465 0.200104 0.095938
v -0.386540 0.200104 0.063584
v -0.373774 0.200104 0.034560
v -0.356808 0.200104 0.010322
v -0.336491 0.200104 -0.007914
v -0.313843 0.200104 -0.019236
v -0.290000 0.200104 -0.023073
v -0.266157 0.200104 -0.019236
v -0.243509 0.200104 -0.007914
v -0.223192 0.200104 0.010322
v -0.206226 0.200104 0.034560
v -0.193460 0.200104 0.063584
v -0.185535 0.200104 0.095938
v -0.134440 0.188091 0.130000
v -0.138341 0.188091 0.179450
v -0.149846 0.188091 0.226421
v -0.168379 0.188091 0.268557
v -0.193010 0.188091 0.303745
v -0.222505 0.188091 0.330221
v -0.255385 0.188091 0.346656
v -0.290000 0.188091 0.352228
v -0.324615 0.188091 0.346656
v -0.357495 0.188091 0.330221
v -0.386990 0.188091 0.303745
v -0.411621 0.188091 0.268557
v -0.430154 0.188091 0.226421
v -0.441659 0.188091 0.179450
v -0.445560 0.188091 0.130000
v -0.441659 0.188091 0.080550
v -0.430154 0.188091 0.033579
v -0.411621 0.188091 -0.008557
v -0.386990 0.188091 -0.043745
v -0.357495 0.188091 -0.070221
v -0.324615 0.188091 -0.086656
v -0.290000 0.188091 -0.092228
v -0.255385 0.188091 -0.086656
v -0.222505 0.188091 -0.070221
v -0.193010 0.188091 -0.043745
v -0.168379 0.188091 -0.008557
v -0.149846 0.188091 0.033579
v -0.138341 0.188091 0.080550
v -0.092010 0.171924 0.130000
v -0.096974 0.171924 0.192938
v -0.111617 0.171924 0.252721
v -0.135205 0.171924 0.306350
v -0.166555 0.171924 0.351135
v -0.204095 0.171924 0.384832
v -0.245943 0.171924 0.405751
v -0.290000 0.171924 0.412843
v -0.334057 0.171924 0.405751
v -0.375905 0.171924 0.384832
v -0.413445 0.171924 0.351135
v -0.444795 0.171924 0.306350
v -0.468383 0.171924 0.252721
v -0.483026 0.171924 0.192938
v -0.487990 0.171924 0.130000
v -0.483026 0.171924 0.067062
v -0.468383 0.171924 0.007279
v -0.444795 0.171924 -0.046350
v -0.413445 0.171924 -0.091135
v -0.375905 0.171924 -0.124832
v -0.334057 0.171924 -0.145751
v -0.290000 0.171924 -0.152843
v -0.245943 0.171924 -0.145751
v -0.204095 0.171924 -0.124832
v -0.166555 0.171924 -0.091135
v -0.135205 0.171924 -0.046350
v -0.111617 0.171924 0.007279
v -0.096974 0.171924 0.067062
v -0.057189 0.152224 0.130000
v -0.063026 0.152224 0.204008
v -0.080244 0.152224 0.274304
v -0.107981 0.152224 0.337365
v -0.144844 0.152224 0.390028
v -0.188987 0.152224 0.429651
v -0.238195 0.152224 0.454249
v -0.290000 0.152224 0.462588
v -0.341805 0.152224 0.454249
v -0.391013 0.152224 0.429651
v -0.435156 0.152224 0.390028
v -0.472019 0.152224 0.337365
v -0.499756 0.152224 0.274304
v -0.516974 0.152224 0.204008
v -0.522811 0.152224 0.130000
v -0.516974 0.152224 0.055992
v -0.499756 0.152224 -0.014304
v -0.472019 0.152224 -0.077365
v -0.435156 0.152224 -0.130028
v -0.391013 0.152224 -0.169651
v -0.341805 0.152224 -0.194249
v -0.290000 0.152224 -0.202588
v -0.238195 0.152224 -0.194249
v -0.188987 0.152224 -0.169651
v -0.144844 0.152224 -0.130028
v -0.107981 0.152224 -0.077365
v -0.080244 0.152224 -0.014304
v -0.063026 0.152224 0.055992
v -0.031314 0.129749 0.130000
v -0.037800 0.129749 0.212233
v -0.056932 0.129749 0.290343
v -0.087751 0.129749 0.360412
v -0.128712 0.129749 0.418927
v -0.177760 0.129749 0.462955
v -0.232437 0.129749 0.490286
v -0.290000 0.129749 0.499552
v -0.347563 0.129749 0.490286
v -0.402240 0.129749 0.462955
v -0.451288 0.129749 0.418927
v -0.492249 0.129749 0.360412
v -0.523068 0.129749 0.290343
v -0.542200 0.129749 0.212233
v -0.548686 0.129749 0.130000
v -0.542200 0.129749 0.047767
v -0.523068 0.129749 -0.030343
v -0.492249 0.129749 -0.100412
v -0.451288 0.129749 -0.158927
v -0.402240 0.129749 -0.202955
v -0.347563 0.129749 -0.230286
v -0.290000 0.129749 -0.239552
v -0.232437 0.129749 -0.230286
v -0.177760 0.129749 -0.202955
v -0.128712 0.129749 -0.158927
v -0.087751 0.129749 -0.100412
v -0.056932 0.129749 -0.030343
v -0.037800 0.129749 0.047767
v -0.015380 0.105362 0.130000
v -0.022265 0.105362 0.217298
v -0.042576 0.105362 0.300219
v -0.075294 0.105362 0.374604
v -0.118777 0.105362 0.436724
v -0.170847 0.105362 0.483463
v -0.228891 0.105362 0.512478
v -0.290000 0.105362 0.522314
v -0.351109 0.105362 0.512478
v -0.409153 0.105362 0.483463
v -0.461223 0.105362 0.436724
v -0.504706 0.105362 0.374604
v -0.537424 0.105362 0.300219
v -0.557735 0.105362 0.217298
v -0.564620 0.105362 0.130000
v -0.557735 0.105362 0.042702
v -0.537424 0.105362 -0.040219
v -0.504706 0.105362 -0.114604
v -0.461223 0.105362 -0.176724
v -0.409153 0.105362 -0.223463
v -0.351109 0.105362 -0.252478
v -0.290000 0.105362 -0.262314
v -0.228891 0.105362 -0.252478
v -0.170847 0.105362 -0.223463
v -0.118777 0.105362 -0.176724
v -0.075294 0.105362 -0.114604
v -0.042576 0.105362 -0.040219
v -0.022265 0.105362 0.042702
v -0.010000 0.080000 0.130000
v -0.017020 0.080000 0.219008
v -0.037729 0.080000 0.303553
v -0.071087 0.080000 0.379396
v -0.115423 0.080000 0.442733
v -0.168513 0.080000 0.490388
v -0.227694 0.080000 0.519971
v -0.290000 0.080000 0.530000
v -0.352306 0.080000 0.519971
v -0.411487 0.080000 0.490388
v -0.464577 0.080000 0.442733
v -0.508913 0.080000 0.379396
v -0.542271 0.080000 0.303553
v -0.562980 0.080000 0.219008
v -0.570000 0.080000 0.130000
v -0.562980 0.080000 0.040992
v -0.542271 0.080000 -0.043553
v -0.508913 0.080000 -0.119396
v -0.464577 0.080000 -0.182733
v -0.411487 0.080000 -0.230388
v -0.352306 0.080000 -0.259971
v -0.290000 0.080000 -0.270000
v -0.227694 0.080000 -0.259971
v -0.168513 0.080000 -0.230388
v -0.115423 0.080000 -0.182733
v -0.071087 0.080000 -0.119396
v -0.037729 0.080000 -0.043553
v -0.017020 0.080000 0.040992
v -0.015380 0.054638 0.130000
v -0.022265 0.054638 0.217298
v -0.042576 0.054638 0.300219
v -0.075294 0.054638 0.374604
v -0.118777 0.054638 0.436724
v -0.170847 0.054638 0.483463
v -0.228891 0.054638 0.512478
v -0.290000 0.054638 0.522314
v -0.351109 0.054638 0.512478
v -0.409153 0.054638 0.483463
v -0.461223 0.054638 0.436724
v -0.504706 0.054638 0.374604
v -0.537424 0.054638 0.300219
v -0.557735 0.054638 0.217298
v -0.564620 0.054638 0.130000
v -0.557735 0.054638 0.042702
v -0.537424 0.054638 -0.040219
v -0.504706 0.054638 -0.114604
v -0.461223 0.054638 -0.176724
v -0.409153 0.054638 -0.223463
v -0.351109 0.054638 -0.252478
v -0.290000 0.054638 -0.262314
v -0.228891 0.054638 -0.252478
v -0.170847 0.054638 -0.223463
v -0.118777 0.054638 -0.176724
v -0.075294 0.054638 -0.114604
v -0.042576 0.054638 -0.040219
v -0.022265 0.054638 0.042702
v -0.031314 0.030251 0.130000
v -0.037800 0.030251 0.212233
v -0.056932 0.030251 0.290343
v -0.087751 0.030251 0.360412
v -0.128712 0.030251 0.418927
v -0.177760 0.030251 0.462955
v -0.232437 0.030251 0.490286
v -0.290000 0.030251 0.499552
v -0.347563 0.030251 0.490286
v -0.402240 0.030251 0.462955
v -0.451288 0.030251 0.418927
v -0.492249 0.030251 0.360412
v -0.523068 0.030251 0.290343
v -0.542200 0.030251 0.212233
v -0.548686 0.030251 0.130000
v -0.542200 0.030251 0.047767
v -0.523068 0.030251 -0.030343
v -0.492249 0.030251 -0.100412
v -0.451288 0.030251 -0.158927
v -0.402240 0.030251 -0.202955
v -0.347563 0.030251 -0.230286
v -0.290000 0.030251 -0.239552
v -0.232437 0.030251 -0.230286
v -0.177760 0.030251 -0.202955
v -0.128712 0.030251 -0.158927
v -0.087751 0.030251 -0.100412
v -0.056932 0.030251 -0.030343
v -0.037800 0.030251 0.047767
v -0.057189 0.007776 0.130000
v -0.063026 0.007776 0.204008
v -0.080244 0.007776 0.274304
v -0.107981 0.007776 0.337365
v -0.144844 0.007776 0.390028
v -0.188987 0.007776 0.429651
v -0.238195 0.007776 0.454249
v -0.290000 0.007776 0.462588
v -0.341805 0.007776 0.454249
v -0.391013 0.007776 0.429651
v -0.435156 0.007776 0.390028
v -0.472019 0.007776 0.337365
v -0.499756 0.007776 0.274304
v -0.516974 0.007776 0.204008
v -0.522811 0.007776 0.130000
v -0.516974 0.007776 0.055992
v -0.499756 0.007776 -0.014304
v -0.472019 0.007776 -0.077365
v -0.435156 0.007776 -0.130028
v -0.391013 0.007776 -0.169651
v -0.341805 0.007776 -0.194249
v -0.290000 0.007776 -0.202588
v -0.238195 0.007776 -0.194249
v -0.188987 0.007776 -0.169651
v -0.144844 0.007776 -0.130028
v -0.107981 0.007776 -0.077365
v -0.080244 0.007776 -0.014304
v -0.063026 0.007776 0.055992
v -0.092010 -0.011924 0.130000
v -0.096974 -0.011924 0.192938
v -0.111617 -0.011924 0.252721
v -0.135205 -0.011924 0.306350
v -0.166555 -0.011924 0.351135
v -0.204095 -0.011924 0.384832
v -0.245943 -0.011924 0.405751
v -0.290000 -0.011924 0.412843
v -0.334057 -0.011924 0.405751
v -0.375905 -0.011924 0.384832
v -0.413445 -0.011924 0.351135
v -0.444795 -0.011924 0.306350
v -0.468383 -0.011924 0.252721
v -0.483026 -0.011924 0.192938
v -0.487990 -0.011924 0.130000
v -0.483026 -0.011924 0.067062
v -0.468383 -0.011924 0.007279
v -0.444795 -0.011924 -0.046350
v -0.413445 -0.011924 -0.091135
v -0.375905 -0.011924 -0.124832
v -0.334057 -0.011924 -0.145751
v -0.290000 -0.011924 -0.152843
v -0.245943 -0.011924 -0.145751
v -0.204095 -0.011924 -0.124832
v -0.166555 -0.011924 -0.091135
v -0.135205 -0.011924 -0.046350
v -0.111617 -0.011924 0.007279
v -0.096974 -0.011924 0.067062
v -0.134440 -0.028091 0.130000
v -0.138341 -0.028091 0.179450
v -0.149846 -0.028091 0.226421
v -0.168379 -0.028091 0.268557
v -0.193010 -0.028091 0.303745
v -0.222505 -0.028091 0.330221
v -0.255385 -0.028091 0.346656
v -0.290000 -0.028091 0.352228
v -0.324615 -0.028091 0.346656
v -0.357495 -0.028091 0.330221
v -0.386990 -0.028091 0.303745
v -0.411621 -0.028091 0.268557
v -0.430154 -0.028091 0.226421
v -0.441659 -0.028091 0.179450
v -0.445560 -0.028091 0.130000
v -0.441659 -0.028091 0.080550
v -0.430154 -0.028091 0.033579
v -0.411621 -0.028091 -0.008557
v -0.386990 -0.028091 -0.043745
v -0.357495 -0.028091 -0.070221
v -0.324615 -0.028091 -0.086656
v -0.290000 -0.028091 -0.092228
v -0.255385 -0.028091 -0.086656
v -0.222505 -0.028091 -0.070221
v -0.193010 -0.028091 -0.043745
v -0.168379 -0.028091 -0.008557
v -0.149846 -0.028091 0.033579
v -0.138341 -0.028091 0.080550
v -0.182849 -0.040104 0.130000
v -0.185535 -0.040104 0.164062
v -0.193460 -0.040104 0.196416
v -0.206226 -0.040104 0.225440
v -0.223192 -0.040104 0.249678
v -0.243509 -0.040104 0.267914
v -0.266157 -0.040104 0.279236
v -0.290000 -0.040104 0.283073
v -0.313843 -0.040104 0.279236
v -0.336491 -0.040104 0.267914
v -0.356808 -0.040104 0.249678
v -0.373774 -0.040104 0.225440
v -0.386540 -0.040104 0.196416
v -0.394465 -0.040104 0.164062
v -0.397151 -0.040104 0.130000
v -0.394465 -0.040104 0.095938
v -0.386540 -0.040104 0.063584
v -0.373774 -0.040104 0.034560
v -0.356808 -0.040104 0.010322
v -0.336491 -0.040104 -0.007914
v -0.313843 -0.040104 -0.019236
v -0.290000 -0.040104 -0.023073
v -0.266157 -0.040104 -0.019236
v -0.243509 -0.040104 -0.007914
v -0.223192 -0.040104 0.010322
v -0.206226 -0.040104 0.034560
v -0.193460 -0.040104 0.063584
v -0.185535 -0.040104 0.095938
v -0.235375 -0.047502 0.130000
v -0.236744 -0.047502 0.147365
v -0.240784 -0.047502 0.163859
v -0.247292 -0.047502 0.178655
v -0.255942 -0.047502 0.191011
v -0.266299 -0.047502 0.200308
v -0.277845 -0.047502 0.206080
v -0.290000 -0.047502 0.208036
v -0.302155 -0.047502 0.206080
v -0.313701 -0.047502 0.200308
v -0.324058 -0.047502 0.191011
v -0.332708 -0.047502 0.178655
v -0.339216 -0.047502 0.163859
v -0.343256 -0.047502 0.147365
v -0.344625 -0.047502 0.130000
v -0.343256 -0.047502 0.112635
v -0.339216 -0.047502 0.096141
v -0.332708 -0.047502 0.081345
v -0.324058 -0.047502 0.068989
v -0.313701 -0.047502 0.059692
v -0.302155 -0.047502 0.053920
v -0.290000 -0.047502 0.051964
v -0.277845 -0.047502 0.053920
v -0.266299 -0.047502 0.059692
v -0.255942 -0.047502 0.068989
v -0.247292 -0.047502 0.081345
v -0.240784 -0.047502 0.096141
v -0.236744 -0.047502 0.112635
v -0.290000 -0.050000 0.130000
v -0.290000 -0.050000 0.130000
v -0.290000 -0.050000 0.130000
v -0.290000 -0.050000 0.130000
v -0.290000 -0.050000 0.130000
v -0.290000 -0.050000 0.130000
v -0.290000 -0.050000 0.130000
v -0.290000 -0.050000 0.130000
v -0.290000 -0.050000 0.130000
v -0.290000 -0.050000 0.130000
v -0.290000 -0.050000 0.130000
v -0.290000 -0.050000 0.130000
v -0.290000 -0.050000 0.130000
v -0.290000 -0.050000 0.130000
v -0.290000 -0.050000 0.130000
v -0.290000 -0.050000 0.130000
v -0.290000 -0.050000 0.130000
v -0.290000 -0.050000 0.130000
v -0.290000 -0.050000 0.130000
v -0.290000 -0.050000 0.130000
v -0.290000 -0.050000 0.130000
v -0.290000 -0.050000 0.130000
v -0.290000 -0.050000 0.130000
v -0.290000 -0.050000 0.130000
v -0.290000 -0.050000 0.130000
v -0.290000 -0.050000 0.130000
v -0.290000 -0.050000 0.130000
v -0.290000 -0.050000 0.130000
v 0.290000 0.210000 0.130000
v 0.290000 0.210000 0.130000
v 0.290000 0.210000 0.130000
v 0.290000 0.210000 0.130000
v 0.290000 0.210000 0.130000
v 0.290000 0.210000 0.130000
v 0.290000 0.210000 0.130000
v 0.290000 0.210000 0.130000
v 0.290000 0.210000 0.130000
v 0.290000 0.210000 0.130000
v 0.290000 0.210000 0.130000
v 0.290000 0.210000 0.130000
v 0.290000 0.210000 0.130000
v 0.290000 0.210000 0.130000
v 0.290000 0.210000 0.130000
v 0.290000 0.210000 0.130000
v 0.290000 0.210000 0.130000
v 0.290000 0.210000 0.130000
v 0.290000 0.210000 0.130000
v 0.290000 0.210000 0.130000
v 0.290000 0.210000 0.130000
v 0.290000 0.210000 0.130000
v 0.290000 0.210000 0.130000
v 0.290000 0.210000 0.130000
v 0.290000 0.210000 0.130000
v 0.290000 0.210000 0.130000
v 0.290000 0.210000 0.130000
v 0.290000 0.210000 0.130000
v 0.344625 0.207502 0.130000
v 0.343256 0.207502 0.147365
v 0.339216 0.207502 0.163859
v 0.332708 0.207502 0.178655
v 0.324058 0.207502 0.191011
v 0.313701 0.207502 0.200308
v 0.302155 0.207502 0.206080
v 0.290000 0.207502 0.208036
v 0.277845 0.207502 0.206080
v 0.266299 0.207502 0.200308
v 0.255942 0.207502 0.191011
v 0.247292 0.207502 0.178655
v 0.240784 0.207502 0.163859
v 0.236744 0.207502 0.147365
v 0.235375 0.207502 0.130000
v 0.236744 0.207502 0.112635
v 0.240784 0.207502 0.096141
v 0.247292 0.207502 0.081345
v 0.255942 0.207502 0.068989
v 0.266299 0.207502 0.059692
v 0.277845 0.207502 0.053920
v 0.290000 0.207502 0.051964
v 0.302155 0.207502 0.053920
v 0.313701 0.207502 0.059692
v 0.324058 0.207502 0.068989
v 0.332708 0.207502 0.081345
v 0.339216 0.207502 0.096141
v 0.343256 0.207502 0.112635
v 0.397151 0.200104 0.130000
v 0.394465 0.200104 0.164062
v 0.386540 0.200104 0.196416
v 0.373774 0.200104 0.225440
v 0.356808 0.200104 0.249678
v 0.336491 0.200104 0.267914
v 0.313843 0.200104 0.279236
v 0.290000 0.200104 0.283073
v 0.266157 0.200104 0.279236
v 0.243509 0.200104 0.267914
v 0.223192 0.200104 0.249678
v 0.206226 0.200104 0.225440
v 0.193460 0.200104 0.196416
v 0.185535 0.200104 0.164062
v 0.182849 0.200104 0.130000
v 0.185535 0.200104 0.095938
v 0.193460 0.200104 0.063584
v 0.206226 0.200104 0.034560
v 0.223192 0.200104 0.010322
v 0.243509 0.200104 -0.007914
v 0.266157 0.200104 -0.019236
v 0.290000 0.200104 -0.023073
v 0.313843 0.200104 -0.019236
v 0.336491 0.200104 -0.007914
v 0.356808 0.200104 0.010322
v 0.373774 0.200104 0.034560
v 0.386540 0.200104 0.063584
v 0.394465 0.200104 0.095938
v 0.445560 0.188091 0.130000
v 0.441659 0.188091 0.179450
v 0.430154 0.188091 0.226421
v 0.411621 0.188091 0.268557
v 0.386990 0.188091 0.303745
v 0.357495 0.188091 0.330221
v 0.324615 0.188091 0.346656
v 0.290000 0.188091 0.352228
v 0.255385 0.188091 0.346656
v 0.222505 0.188091 0.330221
v 0.193010 0.188091 0.303745
v 0.168379 0.188091 0.268557
v 0.149846 0.188091 0.226421
v 0.138341 0.188091 0.179450
v 0.134440 0.188091 0.130000
v 0.138341 0.188091 0.080550
v 0.149846 0.188091 0.033579
v 0.168379 0.188091 -0.008557
v 0.193010 0.188091 -0.043745
v 0.222505 0.188091 -0.070221
v 0.255385 0.188091 -0.086656
v 0.290000 0.188091 -0.092228
v 0.324615 0.188091 -0.086656
v 0.357495 0.188091 -0.070221
v 0.386990 0.188091 -0.043745
v 0.411621 0.188091 -0.008557
v 0.430154 0.188091 0.033579
v 0.441659 0.188091 0.080550
v 0.487990 0.171924 0.130000
v 0.483026 0.171924 0.192938
v 0.468383 0.171924 0.252721
v 0.444795 0.171924 0.306350
v 0.413445 0.171924 0.351135
v 0.375905 0.171924 0.384832
v 0.334057 0.171924 0.405751
v 0.290000 0.171924 0.412843
v 0.245943 0.171924 0.405751
v 0.204095 0.171924 0.384832
v 0.166555 0.171924 0.351135
v 0.135205 0.171924 0.306350
v 0.111617 0.171924 0.252721
v 0.096974 0.171924 0.192938
v 0.092010 0.171924 0.130000
v 0.096974 0.171924 0.067062
v 0.111617 0.171924 0.007279
v 0.135205 0.171924 -0.046350
v 0.166555 0.171924 -0.091135
v 0.204095 0.171924 -0.124832
v 0.245943 0.171924 -0.145751
v 0.290000 0.171924 -0.152843
v 0.334057 0.171924 -0.145751
v 0.375905 0.171924 -0.124832
v 0.413445 0.171924 -0.091135
v 0.444795 0.171924 -0.046350
v 0.468383 0.171924 0.007279
v 0.483026 0.171924 0.067062
v 0.522811 0.152224 0.130000
v 0.516974 0.152224 0.204008
v 0.499756 0.152224 0.274304
v 0.472019 0.152224 0.337365
v 0.435156 0.152224 0.390028
v 0.391013 0.152224 0.429651
v 0.341805 0.152224 0.454249
v 0.290000 0.152224 0.462588
v 0.238195 0.152224 0.454249
v 0.188987 0.152224 0.429651
v 0.144844 0.152224 0.390028
v 0.107981 0.152224 0.337365
v 0.080244 0.152224 0.274304
v 0.063026 0.152224 0.204008
v 0.057189 0.152224 0.130000
v 0.063026 0.152224 0.055992
v 0.080244 0.152224 -0.014304
v 0.107981 0.152224 -0.077365
v 0.144844 0.152224 -0.130028
v 0.188987 0.152224 -0.169651
v 0.238195 0.152224 -0.194249
v 0.290000 0.152224 -0.202588
v 0.341805 0.152224 -0.194249
v 0.391013 0.152224 -0.169651
v 0.435156 0.152224 -0.130028
v 0.472019 0.152224 -0.077365
v 0.499756 0.152224 -0.014304
v 0.516974 0.152224 0.055992
v 0.548686 0.129749 0.130000
v 0.542200 0.129749 0.212233
v 0.523068 0.129749 0.290343
v 0.492249 0.129749 0.360412
v 0.451288 0.129749 0.418927
v 0.402240 0.129749 0.462955
v 0.347563 0.129749 0.490286
v 0.290000 0.129749 0.499552
v 0.232437 0.129749 0.490286
v 0.177760 0.129749 0.462955
v 0.128712 0.129749 0.418927
v 0.087751 0.129749 0.360412
v 0.056932 0.129749 0.290343
v 0.037800 0.129749 0.212233
v 0.031314 0.129749 0.130000
v 0.037800 0.129749 0.047767
v 0.056932 0.129749 -0.030343
v 0.087751 0.129749 -0.100412
v 0.128712 0.129749 -0.158927
v 0.177760 0.129749 -0.202955
v 0.232437 0.129749 -0.230286
v 0.290000 0.129749 -0.239552
v 0.347563 0.129749 -0.230286
v 0.402240 0.129749 -0.202955
v 0.451288 0.129749 -0.158927
v 0.492249 0.129749 -0.100412
v 0.523068 0.129749 -0.030343
v 0.542200 0.129749 0.047767
v 0.564620 0.105362 0.130000
v 0.557735 0.105362 0.217298
v 0.537424 0.105362 0.300219
v 0.504706 0.105362 0.374604
v 0.461223 0.105362 0.436724
v 0.409153 0.105362 0.483463
v 0.351109 0.105362 0.512478
v 0.290000 0.105362 0.522314
v 0.228891 0.105362 0.512478
v 0.170847 0.105362 0.483463
v 0.118777 0.105362 0.436724
v 0.075294 0.105362 0.374604
v 0.042576 0.105362 0.300219
v 0.022265 0.105362 0.217298
v 0.015380 0.105362 0.130000
v 0.022265 0.105362 0.042702
v 0.042576 0.105362 -0.040219
v 0.075294 0.105362 -0.114604
v 0.118777 0.105362 -0.176724
v 0.170847 0.105362 -0.223463
v 0.228891 0.105362 -0.252478
v 0.290000 0.105362 -0.262314
v 0.351109 0.105362 -0.252478
v 0.409153 0.105362 -0.223463
v 0.461223 0.105362 -0.176724
v 0.504706 0.105362 -0.114604
v 0.537424 0.105362 -0.040219
v 0.557735 0.105362 0.042702
v 0.570000 0.080000 0.130000
v 0.562980 0.080000 0.219008
v 0.542271 0.080000 0.303553
v 0.508913 0.080000 0.379396
v 0.464577 0.080000 0.442733
v 0.411487 0.080000 0.490388
v 0.352306 0.080000 0.519971
v 0.290000 0.080000 0.530000
v 0.227694 0.080000 0.519971
v 0.168513 0.080000 0.490388
v 0.115423 0.080000 0.442733
v 0.071087 0.080000 0.379396
v 0.037729 0.080000 0.303553
v 0.017020 0.080000 0.219008
v 0.010000 0.080000 0.130000
v 0.017020 0.080000 0.040992
v 0.037729 0.080000 -0.043553
v 0.071087 0.080000 -0.119396
v 0.115423 0.080000 -0.182733
v 0.168513 0.080000 -0.230388
v 0.227694 0.080000 -0.259971
v 0.290000 0.080000 -0.270000
v 0.352306 0.080000 -0.259971
v 0.411487 0.080000 -0.230388
v 0.464577 0.080000 -0.182733
v 0.508913 0.080000 -0.119396
v 0.542271 0.080000 -0.043553
v 0.562980 0.080000 0.040992
v 0.564620 0.054638 0.130000
v 0.557735 0.054638 0.217298
v 0.537424 0.054638 0.300219
v 0.504706 0.054638 0.374604
v 0.461223 0.054638 0.436724
v 0.409153 0.054638 0.483463
v 0.351109 0.054638 0.512478
v 0.290000 0.054638 0.522314
v 0.228891 0.054638 0.512478
v 0.170847 0.054638 0.483463
v 0.118777 0.054638 0.436724
v 0.075294 0.054638 0.374604
v 0.042576 0.054638 0.300219
v 0.022265 0.054638 0.217298
v 0.015380 0.054638 0.130000
v 0.022265 0.054638 0.042702
v 0.042576 0.054638 -0.040219
v 0.075294 0.054638 -0.114604
v 0.118777 0.054638 -0.176724
v 0.170847 0.054638 -0.223463
v 0.228891 0.054638 -0.252478
v 0.290000 0.054638 -0.262314
v 0.351109 0.054638 -0.252478
v 0.409153 0.054638 -0.223463
v 0.461223 0.054638 -0.176724
v 0.504706 0.054638 -0.114604
v 0.537424 0.054638 -0.040219
v 0.557735 0.054638 0.042702
v 0.548686 0.030251 0.130000
v 0.542200 0.030251 0.212233
v 0.523068 0.030251 0.290343
v 0.492249 0.030251 0.360412
v 0.451288 0.030251 0.418927
v 0.402240 0.030251 0.462955
v 0.347563 0.030251 0.490286
v 0.290000 0.030251 0.499552
v 0.232437 0.030251 0.490286
v 0.177760 0.030251 0.462955
v 0.128712 0.030251 0.418927
v 0.087751 0.030251 0.360412
v 0.056932 0.030251 0.290343
v 0.037800 0.030251 0.212233
v 0.031314 0.030251 0.130000
v 0.037800 0.030251 0.047767
v 0.056932 0.030251 -0.030343
v 0.087751 0.030251 -0.100412
v 0.128712 0.030251 -0.158927
v 0.177760 0.030251 -0.202955
v 0.232437 0.030251 -0.230286
v 0.290000 0.030251 -0.239552
v 0.347563 0.030251 -0.230286
v 0.402240 0.030251 -0.202955
v 0.451288 0.030251 -0.158927
v 0.492249 0.030251 -0.100412
v 0.523068 0.030251 -0.030343
v 0.542200 0.030251 0.047767
v 0.522811 0.007776 0.130000
v 0.516974 0.007776 0.204008
v 0.499756 0.007776 0.274304
v 0.472019 0.007776 0.337365
v 0.435156 0.007776 0.390028
v 0.391013 0.007776 0.429651
v 0.341805 0.007776 0.454249
v 0.290000 0.007776 0.462588
v 0.238195 0.007776 0.454249
v 0.188987 0.007776 0.429651
v 0.144844 0.007776 0.390028
v 0.107981 0.007776 0.337365
v 0.080244 0.007776 0.274304
v 0.063026 0.007776 0.204008
v 0.057189 0.007776 0.130000
v 0.063026 0.007776 0.055992
v 0.080244 0.007776 -0.014304
v 0.107981 0.007776 -0.077365
v 0.144844 0.007776 -0.130028
v 0.188987 0.007776 -0.169651
v 0.238195 0.007776 -0.194249
v 0.290000 0.007776 -0.202588
v 0.341805 0.007776 -0.194249
v 0.391013 0.007776 -0.169651
v 0.435156 0.007776 -0.130028
v 0.472019 0.007776 -0.077365
v 0.499756 0.007776 -0.014304
v 0.516974 0.007776 0.055992
v 0.487990 -0.011924 0.130000
v 0.483026 -0.011924 0.192938
v 0.468383 -0.011924 0.252721
v 0.444795 -0.011924 0.306350
v 0.413445 -0.011924 0.351135
v 0.375905 -0.011924 0.384832
v 0.334057 -0.011924 0.405751
v 0.290000 -0.011924 0.412843
v 0.245943 -0.011924 0.405751
v 0.204095 -0.011924 0.384832
v 0.166555 -0.011924 0.351135
v 0.135205 -0.011924 0.306350
v 0.111617 -0.011924 0.252721
v 0.096974 -0.011924 0.192938
v 0.092010 -0.011924 0.130000
v 0.096974 -0.011924 0.067062
v 0.111617 -0.011924 0.007279
v 0.135205 -0.011924 -0.046350
v 0.166555 -0.011924 -0.091135
v 0.204095 -0.011924 -0.124832
v 0.245943 -0.011924 -0.145751
v 0.290000 -0.011924 -0.152843
v 0.334057 -0.011924 -0.145751
v 0.375905 -0.011924 -0.124832
v 0.413445 -0.011924 -0.091135
v 0.444795 -0.011924 -0.046350
v 0.468383 -0.011924 0.007279
v 0.483026 -0.011924 0.067062
v 0.445560 -0.028091 0.130000
v 0.441659 -0.028091 0.179450
v 0.430154 -0.028091 0.226421
v 0.411621 -0.028091 0.268557
v 0.386990 -0.028091 0.303745
v 0.357495 -0.028091 0.330221
v 0.324615 -0.028091 0.346656
v 0.290000 -0.028091 0.352228
v 0.255385 -0.028091 0.346656
v 0.222505 -0.028091 0.330221
v 0.193010 -0.028091 0.303745
v 0.168379 -0.028091 0.268557
v 0.149846 -0.028091 0.226421
v 0.138341 -0.028091 0.179450
v 0.134440 -0.028091 0.130000
v 0.138341 -0.028091 0.080550
v 0.149846 -0.028091 0.033579
v 0.168379 -0.028091 -0.008557
v 0.193010 -0.028091 -0.043745
v 0.222505 -0.028091 -0.070221
v 0.255385 -0.028091 -0.086656
v 0.290000 -0.028091 -0.092228
v 0.324615 -0.028091 -0.086656
v 0.357495 -0.028091 -0.070221
v 0.386990 -0.028091 -0.043745
v 0.411621 -0.028091 -0.008557
v 0.430154 -0.028091 0.033579
v 0.441659 -0.028091 0.080550
v 0.397151 -0.040104 0.130000
v 0.394465 -0.040104 0.164062
v 0.386540 -0.040104 0.196416
v 0.373774 -0.040104 0.225440
v 0.356808 -0.040104 0.249678
v 0.336491 -0.040104 0.267914
v 0.313843 -0.040104 0.279236
v 0.290000 -0.040104 0.283073
v 0.266157 -0.040104 0.279236
v 0.243509 -0.040104 0.267914
v 0.223192 -0.040104 0.249678
v 0.206226 -0.040104 0.225440
v 0.193460 -0.040104 0.196416
v 0.185535 -0.040104 0.164062
v 0.182849 -0.040104 0.130000
v 0.185535 -0.040104 0.095938
v 0.193460 -0.040104 0.063584
v 0.206226 -0.040104 0.034560
v 0.223192 -0.040104 0.010322
v 0.243509 -0.040104 -0.007914
v 0.266157 -0.040104 -0.019236
v 0.290000 -0.040104 -0.023073
v 0.313843 -0.040104 -0.019236
v 0.336491 -0.040104 -0.007914
v 0.356808 -0.040104 0.010322
v 0.373774 -0.040104 0.034560
v 0.386540 -0.040104 0.063584
v 0.394465 -0.040104 0.095938
v 0.344625 -0.047502 0.130000
v 0.343256 -0.047502 0.147365
v 0.339216 -0.047502 0.163859
v 0.332708 -0.047502 0.178655
v 0.324058 -0.047502 0.191011
v 0.313701 -0.047502 0.200308
v 0.302155 -0.047502 0.206080
v 0.290000 -0.047502 0.208036
v 0.277845 -0.047502 0.206080
v 0.266299 -0.047502 0.200308
v 0.255942 -0.047502 0.191011
v 0.247292 -0.047502 0.178655
v 0.240784 -0.047502 0.163859
v 0.236744 -0.047502 0.147365
v 0.235375 -0.047502 0.130000
v 0.236744 -0.047502 0.112635
v 0.240784 -0.047502 0.096141
v 0.247292 -0.047502 0.081345
v 0.255942 -0.047502 0.068989
v 0.266299 -0.047502 0.059692
v 0.277845 -0.047502 0.053920
v 0.290000 -0.047502 0.051964
v 0.302155 -0.047502 0.053920
v 0.313701 -0.047502 0.059692
v 0.324058 -0.047502 0.068989
v 0.332708 -0.047502 0.081345
v 0.339216 -0.047502 0.096141
v 0.343256 -0.047502 0.112635
v 0.290000 -0.050000 0.130000
v 0.290000 -0.050000 0.130000
v 0.290000 -0.050000 0.130000
v 0.290000 -0.050000 0.130000
v 0.290000 -0.050000 0.130000
v 0.290000 -0.050000 0.130000
v 0.290000 -0.050000 0.130000
v 0.290000 -0.050000 0.130000
v 0.290000 -0.050000 0.130000
v 0.290000 -0.050000 0.130000
v 0.290000 -0.050000 0.130000
v 0.290000 -0.050000 0.130000
v 0.290000 -0.050000 0.130000
v 0.290000 -0.050000 0.130000
v 0.290000 -0.050000 0.130000
v 0.290000 -0.050000 0.130000
v 0.290000 -0.050000 0.130000
v 0.290000 -0.050000 0.130000
v 0.290000 -0.050000 0.130000
v 0.290000 -0.050000 0.130000
v 0.290000 -0.050000 0.130000
v 0.290000 -0.050000 0.130000
v 0.290000 -0.050000 0.130000
v 0.290000 -0.050000 0.130000
v 0.290000 -0.050000 0.130000
v 0.290000 -0.050000 0.130000
v 0.290000 -0.050000 0.130000
v 0.290000 -0.050000 0.130000
v -0.069000 0.300000 0.000000
v -0.073686 0.311314 0.000000
v -0.085000 0.316000 0.000000
v -0.096314 0.311314 0.000000
v -0.101000 0.300000 0.000000
v -0.096314 0.288686 0.000000
v -0.085000 0.284000 0.000000
v -0.073686 0.288686 0.000000
v -0.076530 0.300000 0.057199
v -0.081057 0.311314 0.055986
v -0.091985 0.316000 0.053058
v -0.102913 0.311314 0.050130
v -0.107440 0.300000 0.048917
v -0.102913 0.288686 0.050130
v -0.091985 0.284000 0.053058
v -0.081057 0.288686 0.055986
v -0.098608 0.300000 0.110500
v -0.102667 0.311314 0.108157
v -0.112465 0.316000 0.102500
v -0.122263 0.311314 0.096843
v -0.126321 0.300000 0.094500
v -0.122263 0.288686 0.096843
v -0.112465 0.284000 0.102500
v -0.102667 0.288686 0.108157
v -0.133729 0.300000 0.156271
v -0.137043 0.311314 0.152957
v -0.145043 0.316000 0.144957
v -0.153043 0.311314 0.136957
v -0.156357 0.300000 0.133643
v -0.153043 0.288686 0.136957
v -0.145043 0.284000 0.144957
v -0.137043 0.288686 0.152957
v -0.179500 0.300000 0.191392
v -0.181843 0.311314 0.187333
v -0.187500 0.316000 0.177535
v -0.193157 0.311314 0.167737
v -0.195500 0.300000 0.163679
v -0.193157 0.288686 0.167737
v -0.187500 0.284000 0.177535
v -0.181843 0.288686 0.187333
v -0.232801 0.300000 0.213470
v -0.234014 0.311314 0.208943
v -0.236942 0.316000 0.198015
v -0.239870 0.311314 0.187087
v -0.241083 0.300000 0.182560
v -0.239870 0.288686 0.187087
v -0.236942 0.284000 0.198015
v -0.234014 0.288686 0.208943
v -0.290000 0.300000 0.221000
v -0.290000 0.311314 0.216314
v -0.290000 0.316000 0.205000
v -0.290000 0.311314 0.193686
v -0.290000 0.300000 0.189000
v -0.290000 0.288686 0.193686
v -0.290000 0.284000 0.205000
v -0.290000 0.288686 0.216314
v -0.347199 0.300000 0.213470
v -0.345986 0.311314 0.208943
v -0.343058 0.316000 0.198015
v -0.340130 0.311314 0.187087
v -0.338917 0.300000 0.182560
v -0.340130 0.288686 0.187087
v -0.343058 0.284000 0.198015
v -0.345986 0.288686 0.208943
v -0.400500 0.300000 0.191392
v -0.398157 0.311314 0.187333
v -0.392500 0.316000 0.177535
v -0.386843 0.311314 0.167737
v -0.384500 0.300000 0.163679
v -0.386843 0.288686 0.167737
v -0.392500 0.284000 0.177535
v -0.398157 0.288686 0.187333
v -0.446271 0.300000 0.156271
v -0.442957 0.311314 0.152957
v -0.434957 0.316000 0.144957
v -0.426957 0.311314 0.136957
v -0.423643 0.300000 0.133643
v -0.426957 0.288686 0.136957
v -0.434957 0.284000 0.144957
v -0.442957 0.288686 0.152957
v -0.481392 0.300000 0.110500
v -0.477333 0.311314 0.108157
v -0.467535 0.316000 0.102500
v -0.457737 0.311314 0.096843
v -0.453679 0.300000 0.094500
v -0.457737 0.288686 0.096843
v -0.467535 0.284000 0.102500
v -0.477333 0.288686 0.108157
v -0.503470 0.300000 0.057199
v -0.498943 0.311314 0.055986
v -0.488015 0.316000 0.053058
v -0.477087 0.311314 0.050130
v -0.472560 0.300000 0.048917
v -0.477087 0.288686 0.050130
v -0.488015 0.284000 0.053058
v -0.498943 0.288686 0.055986
v -0.511000 0.300000 0.000000
v -0.506314 0.311314 0.000000
v -0.495000 0.316000 0.000000
v -0.483686 0.311314 0.000000
v -0.479000 0.300000 0.000000
v -0.483686 0.288686 0.000000
v -0.495000 0.284000 0.000000
v -0.506314 0.288686 0.000000
v -0.503470 0.300000 -0.057199
v -0.498943 0.311314 -0.055986
v -0.488015 0.316000 -0.053058
v -0.477087 0.311314 -0.050130
v -0.472560 0.300000 -0.048917
v -0.477087 0.288686 -0.050130
v -0.488015 0.284000 -0.053058
v -0.498943 0.288686 -0.055986
v -0.481392 0.300000 -0.110500
v -0.477333 0.311314 -0.108157
v -0.467535 0.316000 -0.102500
v -0.457737 0.311314 -0.096843
v -0.453679 0.300000 -0.094500
v -0.457737 0.288686 -0.096843
v -0.467535 0.284000 -0.102500
v -0.477333 0.288686 -0.108157
v -0.446271 0.300000 -0.156271
v -0.442957 0.311314 -0.152957
v -0.434957 0.316000 -0.144957
v -0.426957 0.311314 -0.136957
v -0.423643 0.300000 -0.133643
v -0.426957 0.288686 -0.136957
v -0.434957 0.284000 -0.144957
v -0.442957 0.288686 -0.152957
v -0.400500 0.300000 -0.191392
v -0.398157 0.311314 -0.187333
v -0.392500 0.316000 -0.177535
v -0.386843 0.311314 -0.167737
v -0.384500 0.300000 -0.163679
v -0.386843 0.288686 -0.167737
v -0.392500 0.284000 -0.177535
v -0.398157 0.288686 -0.187333
v -0.347199 0.300000 -0.213470
v -0.345986 0.311314 -0.208943
v -0.343058 0.316000 -0.198015
v -0.340130 0.311314 -0.187087
v -0.338917 0.300000 -0.182560
v -0.340130 0.288686 -0.187087
v -0.343058 0.284000 -0.198015
v -0.345986 0.288686 -0.208943
v -0.290000 0.300000 -0.221000
v -0.290000 0.311314 -0.216314
v -0.290000 0.316000 -0.205000
v -0.290000 0.311314 -0.193686
v -0.290000 0.300000 -0.189000
v -0.290000 0.288686 -0.193686
v -0.290000 0.284000 -0.205000
v -0.290000 0.288686 -0.216314
v -0.232801 0.300000 -0.213470
v -0.234014 0.311314 -0.208943
v -0.236942 0.316000 -0.198015
v -0.239870 0.311314 -0.187087
v -0.241083 0.300000 -0.182560
v -0.239870 0.288686 -0.187087
v -0.236942 0.284000 -0.198015
v -0.234014 0.288686 -0.208943
v -0.179500 0.300000 -0.191392
v -0.181843 0.311314 -0.187333
v -0.187500 0.316000 -0.177535
v -0.193157 0.311314 -0.167737
v -0.195500 0.300000 -0.163679
v -0.193157 0.288686 -0.167737
v -0.187500 0.284000 -0.177535
v -0.181843 0.288686 -0.187333
v -0.133729 0.300000 -0.156271
v -0.137043 0.311314 -0.152957
v -0.145043 0.316000 -0.144957
v -0.153043 0.311314 -0.136957
v -0.156357 0.300000 -0.133643
v -0.153043 0.288686 -0.136957
v -0.145043 0.284000 -0.144957
v -0.137043 0.288686 -0.152957
v -0.098608 0.300000 -0.110500
v -0.102667 0.311314 -0.108157
v -0.112465 0.316000 -0.102500
v -0.122263 0.311314 -0.096843
v -0.126321 0.300000 -0.094500
v -0.122263 0.288686 -0.096843
v -0.112465 0.284000 -0.102500
v -0.102667 0.288686 -0.108157
v -0.076530 0.300000 -0.057199
v -0.081057 0.311314 -0.055986
v -0.091985 0.316000 -0.053058
v -0.102913 0.311314 -0.050130
v -0.107440 0.300000 -0.048917
v -0.102913 0.288686 -0.050130
v -0.091985 0.284000 -0.053058
v -0.081057 0.288686 -0.055986
v 0.511000 0.300000 0.000000
v 0.506314 0.311314 0.000000
v 0.495000 0.316000 0.000000
v 0.483686 0.311314 0.000000
v 0.479000 0.300000 0.000000
v 0.483686 0.288686 0.000000
v 0.495000 0.284000 0.000000
v 0.506314 0.288686 0.000000
v 0.503470 0.300000 0.057199
v 0.498943 0.311314 0.055986
v 0.488015 0.316000 0.053058
v 0.477087 0.311314 0.050130
v 0.472560 0.300000 0.048917
v 0.477087 0.288686 0.050130
v 0.488015 0.284000 0.053058
v 0.498943 0.288686 0.055986
v 0.481392 0.300000 0.110500
v 0.477333 0.311314 0.108157
v 0.467535 0.316000 0.102500
v 0.457737 0.311314 0.096843
v 0.453679 0.300000 0.094500
v 0.457737 0.288686 0.096843
v 0.467535 0.284000 0.102500
v 0.477333 0.288686 0.108157
v 0.446271 0.300000 0.156271
v 0.442957 0.311314 0.152957
v 0.434957 0.316000 0.144957
v 0.426957 0.311314 0.136957
v 0.423643 0.300000 0.133643
v 0.426957 0.288686 0.136957
v 0.434957 0.284000 0.144957
v 0.442957 0.288686 0.152957
v 0.400500 0.300000 0.191392
v 0.398157 0.311314 0.187333
v 0.392500 0.316000 0.177535
v 0.386843 0.311314 0.167737
v 0.384500 0.300000 0.163679
v 0.386843 0.288686 0.167737
v 0.392500 0.284000 0.177535
v 0.398157 0.288686 0.187333
v 0.347199 0.300000 0.213470
v 0.345986 0.311314 0.208943
v 0.343058 0.316000 0.198015
v 0.340130 0.311314 0.187087
v 0.338917 0.300000 0.182560
v 0.340130 0.288686 0.187087
v 0.343058 0.284000 0.198015
v 0.345986 0.288686 0.208943
v 0.290000 0.300000 0.221000
v 0.290000 0.311314 0.216314
v 0.290000 0.316000 0.205000
v 0.290000 0.311314 0.193686
v 0.290000 0.300000 0.189000
v 0.290000 0.288686 0.193686
v 0.290000 0.284000 0.205000
v 0.290000 0.288686 0.216314
v 0.232801 0.300000 0.213470
v 0.234014 0.311314 0.208943
v 0.236942 0.316000 0.198015
v 0.239870 0.311314 0.187087
v 0.241083 0.300000 0.182560
v 0.239870 0.288686 0.187087
v 0.236942 0.284000 0.198015
v 0.234014 0.288686 0.208943
v 0.179500 0.300000 0.191392
v 0.181843 0.311314 0.187333
v 0.187500 0.316000 0.177535
v 0.193157 0.311314 0.167737
v 0.195500 0.300000 0.163679
v 0.193157 0.288686 0.167737
v 0.187500 0.284000 0.177535
v 0.181843 0.288686 0.187333
v 0.133729 0.300000 0.156271
v 0.137043 0.311314 0.152957
v 0.145043 0.316000 0.144957
v 0.153043 0.311314 0.136957
v 0.156357 0.300000 0.133643
v 0.153043 0.288686 0.136957
v 0.145043 0.284000 0.144957
v 0.137043 0.288686 0.152957
v 0.098608 0.300000 0.110500
v 0.102667 0.311314 0.108157
v 0.112465 0.316000 0.102500
v 0.122263 0.311314 0.096843
v 0.126321 0.300000 0.094500
v 0.122263 0.288686 0.096843
v 0.112465 0.284000 0.102500
v 0.102667 0.288686 0.108157
v 0.076530 0.300000 0.057199
v 0.081057 0.311314 0.055986
v 0.091985 0.316000 0.053058
v 0.102913 0.311314 0.050130
v 0.107440 0.300000 0.048917
v 0.102913 0.288686 0.050130
v 0.091985 0.284000 0.053058
v 0.081057 0.288686 0.055986
v 0.069000 0.300000 0.000000
v 0.073686 0.311314 0.000000
v 0.085000 0.316000 0.000000
v 0.096314 0.311314 0.000000
v 0.101000 0.300000 0.000000
v 0.096314 0.288686 0.000000
v 0.085000 0.284000 0.000000
v 0.073686 0.288686 0.000000
v 0.076530 0.300000 -0.057199
v 0.081057 0.311314 -0.055986
v 0.091985 0.316000 -0.053058
v 0.102913 0.311314 -0.050130
v 0.107440 0.300000 -0.048917
v 0.102913 0.288686 -0.050130
v 0.091985 0.284000 -0.053058
v 0.081057 0.288686 -0.055986
v 0.098608 0.300000 -0.110500
v 0.102667 0.311314 -0.108157
v 0.112465 0.316000 -0.102500
v 0.122263 0.311314 -0.096843
v 0.126321 0.300000 -0.094500
v 0.122263 0.288686 -0.096843
v 0.112465 0.284000 -0.102500
v 0.102667 0.288686 -0.108157
v 0.133729 0.300000 -0.156271
v 0.137043 0.311314 -0.152957
v 0.145043 0.316000 -0.144957
v 0.153043 0.311314 -0.136957
v 0.156357 0.300000 -0.133643
v 0.153043 0.288686 -0.136957
v 0.145043 0.284000 -0.144957
v 0.137043 0.288686 -0.152957
v 0.179500 0.300000 -0.191392
v 0.181843 0.311314 -0.187333
v 0.187500 0.316000 -0.177535
v 0.193157 0.311314 -0.167737
v 0.195500 0.300000 -0.163679
v 0.193157 0.288686 -0.167737
v 0.187500 0.284000 -0.177535
v 0.181843 0.288686 -0.187333
v 0.232801 0.300000 -0.213470
v 0.234014 0.311314 -0.208943
v 0.236942 0.316000 -0.198015
v 0.239870 0.311314 -0.187087
v 0.241083 0.300000 -0.182560
v 0.239870 0.288686 -0.187087
v 0.236942 0.284000 -0.198015
v 0.234014 0.288686 -0.208943
v 0.290000 0.300000 -0.221000
v 0.290000 0.311314 -0.216314
v 0.290000 0.316000 -0.205000
v 0.290000 0.311314 -0.193686
v 0.290000 0.300000 -0.189000
v 0.290000 0.288686 -0.193686
v 0.290000 0.284000 -0.205000
v 0.290000 0.288686 -0.216314
v 0.347199 0.300000 -0.213470
v 0.345986 0.311314 -0.208943
v 0.343058 0.316000 -0.198015
v 0.340130 0.311314 -0.187087
v 0.338917 0.300000 -0.182560
v 0.340130 0.288686 -0.187087
v 0.343058 0.284000 -0.198015
v 0.345986 0.288686 -0.208943
v 0.400500 0.300000 -0.191392
v 0.398157 0.311314 -0.187333
v 0.392500 0.316000 -0.177535
v 0.386843 0.311314 -0.167737
v 0.384500 0.300000 -0.163679
v 0.386843 0.288686 -0.167737
v 0.392500 0.284000 -0.177535
v 0.398157 0.288686 -0.187333
v 0.446271 0.300000 -0.156271
v 0.442957 0.311314 -0.152957
v 0.434957 0.316000 -0.144957
v 0.426957 0.311314 -0.136957
v 0.423643 0.300000 -0.133643
v 0.426957 0.288686 -0.136957
v 0.434957 0.284000 -0.144957
v 0.442957 0.288686 -0.152957
v 0.481392 0.300000 -0.110500
v 0.477333 0.311314 -0.108157
v 0.467535 0.316000 -0.102500
v 0.457737 0.311314 -0.096843
v 0.453679 0.300000 -0.094500
v 0.457737 0.288686 -0.096843
v 0.467535 0.284000 -0.102500
v 0.477333 0.288686 -0.108157
v 0.503470 0.300000 -0.057199
v 0.498943 0.311314 -0.055986
v 0.488015 0.316000 -0.053058
v 0.477087 0.311314 -0.050130
v 0.472560 0.300000 -0.048917
v 0.477087 0.288686 -0.050130
v 0.488015 0.284000 -0.053058
v 0.498943 0.288686 -0.055986
v -0.430000 0.125100 0.490000
v -0.430000 0.125100 0.490000
v -0.430000 0.125100 0.490000
v -0.430000 0.125100 0.490000
v -0.430000 0.125100 0.490000
v -0.430000 0.125100 0.490000
v -0.430000 0.125100 0.490000
v -0.430000 0.125100 0.490000
v -0.430000 0.125100 0.490000
v -0.430000 0.125100 0.490000
v -0.430000 0.125100 0.490000
v -0.430000 0.125100 0.490000
v -0.430000 0.125100 0.490000
v -0.430000 0.125100 0.490000
v -0.415293 0.123285 0.490000
v -0.416750 0.123285 0.495743
v -0.420830 0.123285 0.500348
v -0.426727 0.123285 0.502904
v -0.433273 0.123285 0.502904
v -0.439170 0.123285 0.500348
v -0.443250 0.123285 0.495743
v -0.444707 0.123285 0.490000
v -0.443250 0.123285 0.484257
v -0.439170 0.123285 0.479652
v -0.433273 0.123285 0.477096
v -0.426727 0.123285 0.477096
v -0.420830 0.123285 0.479652
v -0.416750 0.123285 0.484257
v -0.402360 0.118058 0.490000
v -0.405097 0.118058 0.500793
v -0.412767 0.118058 0.509449
v -0.423850 0.118058 0.514252
v -0.436150 0.118058 0.514252
v -0.447233 0.118058 0.509449
v -0.454903 0.118058 0.500793
v -0.457640 0.118058 0.490000
v -0.454903 0.118058 0.479207
v -0.447233 0.118058 0.470551
v -0.436150 0.118058 0.465748
v -0.423850 0.118058 0.465748
v -0.412767 0.118058 0.470551
v -0.405097 0.118058 0.479207
v -0.392761 0.110050 0.490000
v -0.396449 0.110050 0.504542
v -0.406782 0.110050 0.516203
v -0.421714 0.110050 0.522675
v -0.438286 0.110050 0.522675
v -0.453218 0.110050 0.516203
v -0.463551 0.110050 0.504542
v -0.467239 0.110050 0.490000
v -0.463551 0.110050 0.475458
v -0.453218 0.110050 0.463797
v -0.438286 0.110050 0.457325
v -0.421714 0.110050 0.457325
v -0.406782 0.110050 0.463797
v -0.396449 0.110050 0.475458
v -0.387653 0.100227 0.490000
v -0.391847 0.100227 0.506536
v -0.403597 0.100227 0.519797
v -0.420577 0.100227 0.527157
v -0.439423 0.100227 0.527157
v -0.456403 0.100227 0.519797
v -0.468153 0.100227 0.506536
v -0.472347 0.100227 0.490000
v -0.468153 0.100227 0.473464
v -0.456403 0.100227 0.460203
v -0.439423 0.100227 0.452843
v -0.420577 0.100227 0.452843
v -0.403597 0.100227 0.460203
v -0.391847 0.100227 0.473464
v -0.387653 0.089773 0.490000
v -0.391847 0.089773 0.506536
v -0.403597 0.089773 0.519797
v -0.420577 0.089773 0.527157
v -0.439423 0.089773 0.527157
v -0.456403 0.089773 0.519797
v -0.468153 0.089773 0.506536
v -0.472347 0.089773 0.490000
v -0.468153 0.089773 0.473464
v -0.456403 0.089773 0.460203
v -0.439423 0.089773 0.452843
v -0.420577 0.089773 0.452843
v -0.403597 0.089773 0.460203
v -0.391847 0.089773 0.473464
v -0.392761 0.079950 0.490000
v -0.396449 0.079950 0.504542
v -0.406782 0.079950 0.516203
v -0.421714 0.079950 0.522675
v -0.438286 0.079950 0.522675
v -0.453218 0.079950 0.516203
v -0.463551 0.079950 0.504542
v -0.467239 0.079950 0.490000
v -0.463551 0.079950 0.475458
v -0.453218 0.079950 0.463797
v -0.438286 0.079950 0.457325
v -0.421714 0.079950 0.457325
v -0.406782 0.079950 0.463797
v -0.396449 0.079950 0.475458
v -0.402360 0.071942 0.490000
v -0.405097 0.071942 0.500793
v -0.412767 0.071942 0.509449
v -0.423850 0.071942 0.514252
v -0.436150 0.071942 0.514252
v -0.447233 0.071942 0.509449
v -0.454903 0.071942 0.500793
v -0.457640 0.071942 0.490000
v -0.454903 0.071942 0.479207
v -0.447233 0.071942 0.470551
v -0.436150 0.071942 0.465748
v -0.423850 0.071942 0.465748
v -0.412767 0.071942 0.470551
v -0.405097 0.071942 0.479207
v -0.415293 0.066715 0.490000
v -0.416750 0.066715 0.495743
v -0.420830 0.066715 0.500348
v -0.426727 0.066715 0.502904
v -0.433273 0.066715 0.502904
v -0.439170 0.066715 0.500348
v -0.443250 0.066715 0.495743
v -0.444707 0.066715 0.490000
v -0.443250 0.066715 0.484257
v -0.439170 0.066715 0.479652
v -0.433273 0.066715 0.477096
v -0.426727 0.066715 0.477096
v -0.420830 0.066715 0.479652
v -0.416750 0.066715 0.484257
v -0.430000 0.064900 0.490000
v -0.430000 0.064900 0.490000
v -0.430000 0.064900 0.490000
v -0.430000 0.064900 0.490000
v -0.430000 0.064900 0.490000
v -0.430000 0.064900 0.490000
v -0.430000 0.064900 0.490000
v -0.430000 0.064900 0.490000
v -0.430000 0.064900 0.490000
v -0.430000 0.064900 0.490000
v -0.430000 0.064900 0.490000
v -0.430000 0.064900 0.490000
v -0.430000 0.064900 0.490000
v -0.430000 0.064900 0.490000
v -0.360000 0.129300 0.490000
v -0.360000 0.129300 0.490000
v -0.360000 0.129300 0.490000
v -0.360000 0.129300 0.490000
v -0.360000 0.129300 0.490000
v -0.360000 0.129300 0.490000
v -0.360000 0.129300 0.490000
v -0.360000 0.129300 0.490000
v -0.360000 0.129300 0.490000
v -0.360000 0.129300 0.490000
v -0.360000 0.129300 0.490000
v -0.360000 0.129300 0.490000
v -0.360000 0.129300 0.490000
v -0.360000 0.129300 0.490000
v -0.343241 0.127231 0.490000
v -0.344901 0.127231 0.496544
v -0.349551 0.127231 0.501792
v -0.356271 0.127231 0.504705
v -0.363729 0.127231 0.504705
v -0.370449 0.127231 0.501792
v -0.375099 0.127231 0.496544
v -0.376759 0.127231 0.490000
v -0.375099 0.127231 0.483456
v -0.370449 0.127231 0.478208
v -0.363729 0.127231 0.475295
v -0.356271 0.127231 0.475295
v -0.349551 0.127231 0.478208
v -0.344901 0.127231 0.483456
v -0.328503 0.121275 0.490000
v -0.331623 0.121275 0.502299
v -0.340362 0.121275 0.512163
v -0.352991 0.121275 0.517636
v -0.367009 0.121275 0.517636
v -0.379638 0.121275 0.512163
v -0.388377 0.121275 0.502299
v -0.391497 0.121275 0.490000
v -0.388377 0.121275 0.477701
v -0.379638 0.121275 0.467837
v -0.367009 0.121275 0.462364
v -0.352991 0.121275 0.462364
v -0.340362 0.121275 0.467837
v -0.331623 0.121275 0.477701
v -0.317565 0.112150 0.490000
v -0.321767 0.112150 0.506571
v -0.333542 0.112150 0.519859
v -0.350557 0.112150 0.527234
v -0.369443 0.112150 0.527234
v -0.386458 0.112150 0.519859
v -0.398233 0.112150 0.506571
v -0.402435 0.112150 0.490000
v -0.398233 0.112150 0.473429
v -0.386458 0.112150 0.460141
v -0.369443 0.112150 0.452766
v -0.350557 0.112150 0.452766
v -0.333542 0.112150 0.460141
v -0.321767 0.112150 0.473429
v -0.311744 0.100956 0.490000
v -0.316523 0.100956 0.508844
v -0.329913 0.100956 0.523955
v -0.349262 0.100956 0.532341
v -0.370738 0.100956 0.532341
v -0.390087 0.100956 0.523955
v -0.403477 0.100956 0.508844
v -0.408256 0.100956 0.490000
v -0.403477 0.100956 0.471156
v -0.390087 0.100956 0.456045
v -0.370738 0.100956 0.447659
v -0.349262 0.100956 0.447659
v -0.329913 0.100956 0.456045
v -0.316523 0.100956 0.471156
v -0.311744 0.089044 0.490000
v -0.316523 0.089044 0.508844
v -0.329913 0.089044 0.523955
v -0.349262 0.089044 0.532341
v -0.370738 0.089044 0.532341
v -0.390087 0.089044 0.523955
v -0.403477 0.089044 0.508844
v -0.408256 0.089044 0.490000
v -0.403477 0.089044 0.471156
v -0.390087 0.089044 0.456045
v -0.370738 0.089044 0.447659
v -0.349262 0.089044 0.447659
v -0.329913 0.089044 0.456045
v -0.316523 0.089044 0.471156
v -0.317565 0.077850 0.490000
v -0.321767 0.077850 0.506571
v -0.333542 0.077850 0.519859
v -0.350557 0.077850 0.527234
v -0.369443 0.077850 0.527234
v -0.386458 0.077850 0.519859
v -0.398233 0.077850 0.506571
v -0.402435 0.077850 0.490000
v -0.398233 0.077850 0.473429
v -0.386458 0.077850 0.460141
v -0.369443 0.077850 0.452766
v -0.350557 0.077850 0.452766
v -0.333542 0.077850 0.460141
v -0.321767 0.077850 0.473429
v -0.328503 0.068725 0.490000
v -0.331623 0.068725 0.502299
v -0.340362 0.068725 0.512163
v -0.352991 0.068725 0.517636
v -0.367009 0.068725 0.517636
v -0.379638 0.068725 0.512163
v -0.388377 0.068725 0.502299
v -0.391497 0.068725 0.490000
v -0.388377 0.068725 0.477701
v -0.379638 0.068725 0.467837
v -0.367009 0.068725 0.462364
v -0.352991 0.068725 0.462364
v -0.340362 0.068725 0.467837
v -0.331623 0.068725 0.477701
v -0.343241 0.062769 0.490000
v -0.344901 0.062769 0.496544
v -0.349551 0.062769 0.501792
v -0.356271 0.062769 0.504705
v -0.363729 0.062769 0.504705
v -0.370449 0.062769 0.501792
v -0.375099 0.062769 0.496544
v -0.376759 0.062769 0.490000
v -0.375099 0.062769 0.483456
v -0.370449 0.062769 0.478208
v -0.363729 0.062769 0.475295
v -0.356271 0.062769 0.475295
v -0.349551 0.062769 0.478208
v -0.344901 0.062769 0.483456
v -0.360000 0.060700 0.490000
v -0.360000 0.060700 0.490000
v -0.360000 0.060700 0.490000
v -0.360000 0.060700 0.490000
v -0.360000 0.060700 0.490000
v -0.360000 0.060700 0.490000
v -0.360000 0.060700 0.490000
v -0.360000 0.060700 0.490000
v -0.360000 0.060700 0.490000
v -0.360000 0.060700 0.490000
v -0.360000 0.060700 0.490000
v -0.360000 0.060700 0.490000
v -0.360000 0.060700 0.490000
v -0.360000 0.060700 0.490000
v -0.290000 0.133500 0.490000
v -0.290000 0.133500 0.490000
v -0.290000 0.133500 0.490000
v -0.290000 0.133500 0.490000
v -0.290000 0.133500 0.490000
v -0.290000 0.133500 0.490000
v -0.290000 0.133500 0.490000
v -0.290000 0.133500 0.490000
v -0.290000 0.133500 0.490000
v -0.290000 0.133500 0.490000
v -0.290000 0.133500 0.490000
v -0.290000 0.133500 0.490000
v -0.290000 0.133500 0.490000
v -0.290000 0.133500 0.490000
v -0.271189 0.131178 0.490000
v -0.273052 0.131178 0.497346
v -0.278271 0.131178 0.503236
v -0.285814 0.131178 0.506506
v -0.294186 0.131178 0.506506
v -0.301729 0.131178 0.503236
v -0.306948 0.131178 0.497346
v -0.308811 0.131178 0.490000
v -0.306948 0.131178 0.482654
v -0.301729 0.131178 0.476764
v -0.294186 0.131178 0.473494
v -0.285814 0.131178 0.473494
v -0.278271 0.131178 0.476764
v -0.273052 0.131178 0.482654
v -0.254647 0.124493 0.490000
v -0.258148 0.124493 0.503805
v -0.267958 0.124493 0.514876
v -0.282133 0.124493 0.521020
v -0.297867 0.124493 0.521020
v -0.312042 0.124493 0.514876
v -0.321852 0.124493 0.503805
v -0.325353 0.124493 0.490000
v -0.321852 0.124493 0.476195
v -0.312042 0.124493 0.465124
v -0.297867 0.124493 0.458980
v -0.282133 0.124493 0.458980
v -0.267958 0.124493 0.465124
v -0.258148 0.124493 0.476195
v -0.242369 0.114250 0.490000
v -0.247086 0.114250 0.508600
v -0.260302 0.114250 0.523516
v -0.279401 0.114250 0.531793
v -0.300599 0.114250 0.531793
v -0.319698 0.114250 0.523516
v -0.332914 0.114250 0.508600
v -0.337631 0.114250 0.490000
v -0.332914 0.114250 0.471400
v -0.319698 0.114250 0.456484
v -0.300599 0.114250 0.448207
v -0.279401 0.114250 0.448207
v -0.260302 0.114250 0.456484
v -0.247086 0.114250 0.471400
v -0.235836 0.101685 0.490000
v -0.241200 0.101685 0.511151
v -0.256229 0.101685 0.528113
v -0.277947 0.101685 0.537526
v -0.302053 0.101685 0.537526
v -0.323771 0.101685 0.528113
v -0.338800 0.101685 0.511151
v -0.344164 0.101685 0.490000
v -0.338800 0.101685 0.468849
v -0.323771 0.101685 0.451887
v -0.302053 0.101685 0.442474
v -0.277947 0.101685 0.442474
v -0.256229 0.101685 0.451887
v -0.241200 0.101685 0.468849
v -0.235836 0.088315 0.490000
v -0.241200 0.088315 0.511151
v -0.256229 0.088315 0.528113
v -0.277947 0.088315 0.537526
v -0.302053 0.088315 0.537526
v -0.323771 0.088315 0.528113
v -0.338800 0.088315 0.511151
v -0.344164 0.088315 0.490000
v -0.338800 0.088315 0.468849
v -0.323771 0.088315 0.451887
v -0.302053 0.088315 0.442474
v -0.277947 0.088315 0.442474
v -0.256229 0.088315 0.451887
v -0.241200 0.088315 0.468849
v -0.242369 0.075750 0.490000
v -0.247086 0.075750 0.508600
v -0.260302 0.075750 0.523516
v -0.279401 0.075750 0.531793
v -0.300599 0.075750 0.531793
v -0.319698 0.075750 0.523516
v -0.332914 0.075750 0.508600
v -0.337631 0.075750 0.490000
v -0.332914 0.075750 0.471400
v -0.319698 0.075750 0.456484
v -0.300599 0.075750 0.448207
v -0.279401 0.075750 0.448207
v -0.260302 0.075750 0.456484
v -0.247086 0.075750 0.471400
v -0.254647 0.065507 0.490000
v -0.258148 0.065507 0.503805
v -0.267958 0.065507 0.514876
v -0.282133 0.065507 0.521020
v -0.297867 0.065507 0.521020
v -0.312042 0.065507 0.514876
v -0.321852 0.065507 0.503805
v -0.325353 0.065507 0.490000
v -0.321852 0.065507 0.476195
v -0.312042 0.065507 0.465124
v -0.297867 0.065507 0.458980
v -0.282133 0.065507 0.458980
v -0.267958 0.065507 0.465124
v -0.258148 0.065507 0.476195
v -0.271189 0.058822 0.490000
v -0.273052 0.058822 0.497346
v -0.278271 0.058822 0.503236
v -0.285814 0.058822 0.506506
v -0.294186 0.058822 0.506506
v -0.301729 0.058822 0.503236
v -0.306948 0.058822 0.497346
v -0.308811 0.058822 0.490000
v -0.306948 0.058822 0.482654
v -0.301729 0.058822 0.476764
v -0.294186 0.058822 0.473494
v -0.285814 0.058822 0.473494
v -0.278271 0.058822 0.476764
v -0.273052 0.058822 0.482654
v -0.290000 0.056500 0.490000
v -0.290000 0.056500 0.490000
v -0.290000 0.056500 0.490000
v -0.290000 0.056500 0.490000
v -0.290000 0.056500 0.490000
v -0.290000 0.056500 0.490000
v -0.290000 0.056500 0.490000
v -0.290000 0.056500 0.490000
v -0.290000 0.056500 0.490000
v -0.290000 0.056500 0.490000
v -0.290000 0.056500 0.490000
v -0.290000 0.056500 0.490000
v -0.290000 0.056500 0.490000
v -0.290000 0.056500 0.490000
v -0.220000 0.129300 0.490000
v -0.220000 0.129300 0.490000
v -0.220000 0.129300 0.490000
v -0.220000 0.129300 0.490000
v -0.220000 0.129300 0.490000
v -0.220000 0.129300 0.490000
v -0.220000 0.129300 0.490000
v -0.220000 0.129300 0.490000
v -0.220000 0.129300 0.490000
v -0.220000 0.129300 0.490000
v -0.220000 0.129300 0.490000
v -0.220000 0.129300 0.490000
v -0.220000 0.129300 0.490000
v -0.220000 0.129300 0.490000
v -0.203241 0.127231 0.490000
v -0.204901 0.127231 0.496544
v -0.209551 0.127231 0.501792
v -0.216271 0.127231 0.504705
v -0.223729 0.127231 0.504705
v -0.230449 0.127231 0.501792
v -0.235099 0.127231 0.496544
v -0.236759 0.127231 0.490000
v -0.235099 0.127231 0.483456
v -0.230449 0.127231 0.478208
v -0.223729 0.127231 0.475295
v -0.216271 0.127231 0.475295
v -0.209551 0.127231 0.478208
v -0.204901 0.127231 0.483456
v -0.188503 0.121275 0.490000
v -0.191623 0.121275 0.502299
v -0.200362 0.121275 0.512163
v -0.212991 0.121275 0.517636
v -0.227009 0.121275 0.517636
v -0.239638 0.121275 0.512163
v -0.248377 0.121275 0.502299
v -0.251497 0.121275 0.490000
v -0.248377 0.121275 0.477701
v -0.239638 0.121275 0.467837
v -0.227009 0.121275 0.462364
v -0.212991 0.121275 0.462364
v -0.200362 0.121275 0.467837
v -0.191623 0.121275 0.477701
v -0.177565 0.112150 0.490000
v -0.181767 0.112150 0.506571
v -0.193542 0.112150 0.519859
v -0.210557 0.112150 0.527234
v -0.229443 0.112150 0.527234
v -0.246458 0.112150 0.519859
v -0.258233 0.112150 0.506571
v -0.262435 0.112150 0.490000
v -0.258233 0.112150 0.473429
v -0.246458 0.112150 0.460141
v -0.229443 0.112150 0.452766
v -0.210557 0.112150 0.452766
v -0.193542 0.112150 0.460141
v -0.181767 0.112150 0.473429
v -0.171744 0.100956 0.490000
v -0.176523 0.100956 0.508844
v -0.189913 0.100956 0.523955
v -0.209262 0.100956 0.532341
v -0.230738 0.100956 0.532341
v -0.250087 0.100956 0.523955
v -0.263477 0.100956 0.508844
v -0.268256 0.100956 0.490000
v -0.263477 0.100956 0.471156
v -0.250087 0.100956 0.456045
v -0.230738 0.100956 0.447659
v -0.209262 0.100956 0.447659
v -0.189913 0.100956 0.456045
v -0.176523 0.100956 0.471156
v -0.171744 0.089044 0.490000
v -0.176523 0.089044 0.508844
v -0.189913 0.089044 0.523955
v -0.209262 0.089044 0.532341
v -0.230738 0.089044 0.532341
v -0.250087 0.089044 0.523955
v -0.263477 0.089044 0.508844
v -0.268256 0.089044 0.490000
v -0.263477 0.089044 0.471156
v -0.250087 0.089044 0.456045
v -0.230738 0.089044 0.447659
v -0.209262 0.089044 0.447659
v -0.189913 0.089044 0.456045
v -0.176523 0.089044 0.471156
v -0.177565 0.077850 0.490000
v -0.181767 0.077850 0.506571
v -0.193542 0.077850 0.519859
v -0.210557 0.077850 0.527234
v -0.229443 0.077850 0.527234
v -0.246458 0.077850 0.519859
v -0.258233 0.077850 0.506571
v -0.262435 0.077850 0.490000
v -0.258233 0.077850 0.473429
v -0.246458 0.077850 0.460141
v -0.229443 0.077850 0.452766
v -0.210557 0.077850 0.452766
v -0.193542 0.077850 0.460141
v -0.181767 0.077850 0.473429
v -0.188503 0.068725 0.490000
v -0.191623 0.068725 0.502299
v -0.200362 0.068725 0.512163
v -0.212991 0.068725 0.517636
v -0.227009 0.068725 0.517636
v -0.239638 0.068725 0.512163
v -0.248377 0.068725 0.502299
v -0.251497 0.068725 0.490000
v -0.248377 0.068725 0.477701
v -0.239638 0.068725 0.467837
v -0.227009 0.068725 0.462364
v -0.212991 0.068725 0.462364
v -0.200362 0.068725 0.467837
v -0.191623 0.068725 0.477701
v -0.203241 0.062769 0.490000
v -0.204901 0.062769 0.496544
v -0.209551 0.062769 0.501792
v -0.216271 0.062769 0.504705
v -0.223729 0.062769 0.504705
v -0.230449 0.062769 0.501792
v -0.235099 0.062769 0.496544
v -0.236759 0.062769 0.490000
v -0.235099 0.062769 0.483456
v -0.230449 0.062769 0.478208
v -0.223729 0.062769 0.475295
v -0.216271 0.062769 0.475295
v -0.209551 0.062769 0.478208
v -0.204901 0.062769 0.483456
v -0.220000 0.060700 0.490000
v -0.220000 0.060700 0.490000
v -0.220000 0.060700 0.490000
v -0.220000 0.060700 0.490000
v -0.220000 0.060700 0.490000
v -0.220000 0.060700 0.490000
v -0.220000 0.060700 0.490000
v -0.220000 0.060700 0.490000
v -0.220000 0.060700 0.490000
v -0.220000 0.060700 0.490000
v -0.220000 0.060700 0.490000
v -0.220000 0.060700 0.490000
v -0.220000 0.060700 0.490000
v -0.220000 0.060700 0.490000
v -0.150000 0.125100 0.490000
v -0.150000 0.125100 0.490000
v -0.150000 0.125100 0.490000
v -0.150000 0.125100 0.490000
v -0.150000 0.125100 0.490000
v -0.150000 0.125100 0.490000
v -0.150000 0.125100 0.490000
v -0.150000 0.125100 0.490000
v -0.150000 0.125100 0.490000
v -0.150000 0.125100 0.490000
v -0.150000 0.125100 0.490000
v -0.150000 0.125100 0.490000
v -0.150000 0.125100 0.490000
v -0.150000 0.125100 0.490000
v -0.135293 0.123285 0.490000
v -0.136750 0.123285 0.495743
v -0.140830 0.123285 0.500348
v -0.146727 0.123285 0.502904
v -0.153273 0.123285 0.502904
v -0.159170 0.123285 0.500348
v -0.163250 0.123285 0.495743
v -0.164707 0.123285 0.490000
v -0.163250 0.123285 0.484257
v -0.159170 0.123285 0.479652
v -0.153273 0.123285 0.477096
v -0.146727 0.123285 0.477096
v -0.140830 0.123285 0.479652
v -0.136750 0.123285 0.484257
v -0.122360 0.118058 0.490000
v -0.125097 0.118058 0.500793
v -0.132767 0.118058 0.509449
v -0.143850 0.118058 0.514252
v -0.156150 0.118058 0.514252
v -0.167233 0.118058 0.509449
v -0.174903 0.118058 0.500793
v -0.177640 0.118058 0.490000
v -0.174903 0.118058 0.479207
v -0.167233 0.118058 0.470551
v -0.156150 0.118058 0.465748
v -0.143850 0.118058 0.465748
v -0.132767 0.118058 0.470551
v -0.125097 0.118058 0.479207
v -0.112761 0.110050 0.490000
v -0.116449 0.110050 0.504542
v -0.126782 0.110050 0.516203
v -0.141714 0.110050 0.522675
v -0.158286 0.110050 0.522675
v -0.173218 0.110050 0.516203
v -0.183551 0.110050 0.504542
v -0.187239 0.110050 0.490000
v -0.183551 0.110050 0.475458
v -0.173218 0.110050 0.463797
v -0.158286 0.110050 0.457325
v -0.141714 0.110050 0.457325
v -0.126782 0.110050 0.463797
v -0.116449 0.110050 0.475458
v -0.107653 0.100227 0.490000
v -0.111847 0.100227 0.506536
v -0.123597 0.100227 0.519797
v -0.140577 0.100227 0.527157
v -0.159423 0.100227 0.527157
v -0.176403 0.100227 0.519797
v -0.188153 0.100227 0.506536
v -0.192347 0.100227 0.490000
v -0.188153 0.100227 0.473464
v -0.176403 0.100227 0.460203
v -0.159423 0.100227 0.452843
v -0.140577 0.100227 0.452843
v -0.123597 0.100227 0.460203
v -0.111847 0.100227 0.473464
v -0.107653 0.089773 0.490000
v -0.111847 0.089773 0.506536
v -0.123597 0.089773 0.519797
v -0.140577 0.089773 0.527157
v -0.159423 0.089773 0.527157
v -0.176403 0.089773 0.519797
v -0.188153 0.089773 0.506536
v -0.192347 0.089773 0.490000
v -0.188153 0.089773 0.473464
v -0.176403 0.089773 0.460203
v -0.159423 0.089773 0.452843
v -0.140577 0.089773 0.452843
v -0.123597 0.089773 0.460203
v -0.111847 0.089773 0.473464
v -0.112761 0.079950 0.490000
v -0.116449 0.079950 0.504542
v -0.126782 0.079950 0.516203
v -0.141714 0.079950 0.522675
v -0.158286 0.079950 0.522675
v -0.173218 0.079950 0.516203
v -0.183551 0.079950 0.504542
v -0.187239 0.079950 0.490000
v -0.183551 0.079950 0.475458
v -0.173218 0.079950 0.463797
v -0.158286 0.079950 0.457325
v -0.141714 0.079950 0.457325
v -0.126782 0.079950 0.463797
v -0.116449 0.079950 0.475458
v -0.122360 0.071942 0.490000
v -0.125097 0.071942 0.500793
v -0.132767 0.071942 0.509449
v -0.143850 0.071942 0.514252
v -0.156150 0.071942 0.514252
v -0.167233 0.071942 0.509449
v -0.174903 0.071942 0.500793
v -0.177640 0.071942 0.490000
v -0.174903 0.071942 0.479207
v -0.167233 0.071942 0.470551
v -0.156150 0.071942 0.465748
v -0.143850 0.071942 0.465748
v -0.132767 0.071942 0.470551
v -0.125097 0.071942 0.479207
v -0.135293 0.066715 0.490000
v -0.136750 0.066715 0.495743
v -0.140830 0.066715 0.500348
v -0.146727 0.066715 0.502904
v -0.153273 0.066715 0.502904
v -0.159170 0.066715 0.500348
v -0.163250 0.066715 0.495743
v -0.164707 0.066715 0.490000
v -0.163250 0.066715 0.484257
v -0.159170 0.066715 0.479652
v -0.153273 0.066715 0.477096
v -0.146727 0.066715 0.477096
v -0.140830 0.066715 0.479652
v -0.136750 0.066715 0.484257
v -0.150000 0.064900 0.490000
v -0.150000 0.064900 0.490000
v -0.150000 0.064900 0.490000
v -0.150000 0.064900 0.490000
v -0.150000 0.064900 0.490000
v -0.150000 0.064900 0.490000
v -0.150000 0.064900 0.490000
v -0.150000 0.064900 0.490000
v -0.150000 0.064900 0.490000
v -0.150000 0.064900 0.490000
v -0.150000 0.064900 0.490000
v -0.150000 0.064900 0.490000
v -0.150000 0.064900 0.490000
v -0.150000 0.064900 0.490000
v 0.150000 0.125100 0.490000
v 0.150000 0.125100 0.490000
v 0.150000 0.125100 0.490000
v 0.150000 0.125100 0.490000
v 0.150000 0.125100 0.490000
v 0.150000 0.125100 0.490000
v 0.150000 0.125100 0.490000
v 0.150000 0.125100 0.490000
v 0.150000 0.125100 0.490000
v 0.150000 0.125100 0.490000
v 0.150000 0.125100 0.490000
v 0.150000 0.125100 0.490000
v 0.150000 0.125100 0.490000
v 0.150000 0.125100 0.490000
v 0.164707 0.123285 0.490000
v 0.163250 0.123285 0.495743
v 0.159170 0.123285 0.500348
v 0.153273 0.123285 0.502904
v 0.146727 0.123285 0.502904
v 0.140830 0.123285 0.500348
v 0.136750 0.123285 0.495743
v 0.135293 0.123285 0.490000
v 0.136750 0.123285 0.484257
v 0.140830 0.123285 0.479652
v 0.146727 0.123285 0.477096
v 0.153273 0.123285 0.477096
v 0.159170 0.123285 0.479652
v 0.163250 0.123285 0.484257
v 0.177640 0.118058 0.490000
v 0.174903 0.118058 0.500793
v 0.167233 0.118058 0.509449
v 0.156150 0.118058 0.514252
v 0.143850 0.118058 0.514252
v 0.132767 0.118058 0.509449
v 0.125097 0.118058 0.500793
v 0.122360 0.118058 0.490000
v 0.125097 0.118058 0.479207
v 0.132767 0.118058 0.470551
v 0.143850 0.118058 0.465748
v 0.156150 0.118058 0.465748
v 0.167233 0.118058 0.470551
v 0.174903 0.118058 0.479207
v 0.187239 0.110050 0.490000
v 0.183551 0.110050 0.504542
v 0.173218 0.110050 0.516203
v 0.158286 0.110050 0.522675
v 0.141714 0.110050 0.522675
v 0.126782 0.110050 0.516203
v 0.116449 0.110050 0.504542
v 0.112761 0.110050 0.490000
v 0.116449 0.110050 0.475458
v 0.126782 0.110050 0.463797
v 0.141714 0.110050 0.457325
v 0.158286 0.110050 0.457325
v 0.173218 0.110050 0.463797
v 0.183551 0.110050 0.475458
v 0.192347 0.100227 0.490000
v 0.188153 0.100227 0.506536
v 0.176403 0.100227 0.519797
v 0.159423 0.100227 0.527157
v 0.140577 0.100227 0.527157
v 0.123597 0.100227 0.519797
v 0.111847 0.100227 0.506536
v 0.107653 0.100227 0.490000
v 0.111847 0.100227 0.473464
v 0.123597 0.100227 0.460203
v 0.140577 0.100227 0.452843
v 0.159423 0.100227 0.452843
v 0.176403 0.100227 0.460203
v 0.188153 0.100227 0.473464
v 0.192347 0.089773 0.490000
v 0.188153 0.089773 0.506536
v 0.176403 0.089773 0.519797
v 0.159423 0.089773 0.527157
v 0.140577 0.089773 0.527157
v 0.123597 0.089773 0.519797
v 0.111847 0.089773 0.506536
v 0.107653 0.089773 0.490000
v 0.111847 0.089773 0.473464
v 0.123597 0.089773 0.460203
v 0.140577 0.089773 0.452843
v 0.159423 0.089773 0.452843
v 0.176403 0.089773 0.460203
v 0.188153 0.089773 0.473464
v 0.187239 0.079950 0.490000
v 0.183551 0.079950 0.504542
v 0.173218 0.079950 0.516203
v 0.158286 0.079950 0.522675
v 0.141714 0.079950 0.522675
v 0.126782 0.079950 0.516203
v 0.116449 0.079950 0.504542
v 0.112761 0.079950 0.490000
v 0.116449 0.079950 0.475458
v 0.126782 0.079950 0.463797
v 0.141714 0.079950 0.457325
v 0.158286 0.079950 0.457325
v 0.173218 0.079950 0.463797
v 0.183551 0.079950 0.475458
v 0.177640 0.071942 0.490000
v 0.174903 0.071942 0.500793
v 0.167233 0.071942 0.509449
v 0.156150 0.071942 0.514252
v 0.143850 0.071942 0.514252
v 0.132767 0.071942 0.509449
v 0.125097 0.071942 0.500793
v 0.122360 0.071942 0.490000
v 0.125097 0.071942 0.479207
v 0.132767 0.071942 0.470551
v 0.143850 0.071942 0.465748
v 0.156150 0.071942 0.465748
v 0.167233 0.071942 0.470551
v 0.174903 0.071942 0.479207
v 0.164707 0.066715 0.490000
v 0.163250 0.066715 0.495743
v 0.159170 0.066715 0.500348
v 0.153273 0.066715 0.502904
v 0.146727 0.066715 0.502904
v 0.140830 0.066715 0.500348
v 0.136750 0.066715 0.495743
v 0.135293 0.066715 0.490000
v 0.136750 0.066715 0.484257
v 0.140830 0.066715 0.479652
v 0.146727 0.066715 0.477096
v 0.153273 0.066715 0.477096
v 0.159170 0.066715 0.479652
v 0.163250 0.066715 0.484257
v 0.150000 0.064900 0.490000
v 0.150000 0.064900 0.490000
v 0.150000 0.064900 0.490000
v 0.150000 0.064900 0.490000
v 0.150000 0.064900 0.490000
v 0.150000 0.064900 0.490000
v 0.150000 0.064900 0.490000
v 0.150000 0.064900 0.490000
v 0.150000 0.064900 0.490000
v 0.150000 0.064900 0.490000
v 0.150000 0.064900 0.490000
v 0.150000 0.064900 0.490000
v 0.150000 0.064900 0.490000
v 0.150000 0.064900 0.490000
v 0.220000 0.129300 0.490000
v 0.220000 0.129300 0.490000
v 0.220000 0.129300 0.490000
v 0.220000 0.129300 0.490000
v 0.220000 0.129300 0.490000
v 0.220000 0.129300 0.490000
v 0.220000 0.129300 0.490000
v 0.220000 0.129300 0.490000
v 0.220000 0.129300 0.490000
v 0.220000 0.129300 0.490000
v 0.220000 0.129300 0.490000
v 0.220000 0.129300 0.490000
v 0.220000 0.129300 0.490000
v 0.220000 0.129300 0.490000
v 0.236759 0.127231 0.490000
v 0.235099 0.127231 0.496544
v 0.230449 0.127231 0.501792
v 0.223729 0.127231 0.504705
v 0.216271 0.127231 0.504705
v 0.209551 0.127231 0.501792
v 0.204901 0.127231 0.496544
v 0.203241 0.127231 0.490000
v 0.204901 0.127231 0.483456
v 0.209551 0.127231 0.478208
v 0.216271 0.127231 0.475295
v 0.223729 0.127231 0.475295
v 0.230449 0.127231 0.478208
v 0.235099 0.127231 0.483456
v 0.251497 0.121275 0.490000
v 0.248377 0.121275 0.502299
v 0.239638 0.121275 0.512163
v 0.227009 0.121275 0.517636
v 0.212991 0.121275 0.517636
v 0.200362 0.121275 0.512163
v 0.191623 0.121275 0.502299
v 0.188503 0.121275 0.490000
v 0.191623 0.121275 0.477701
v 0.200362 0.121275 0.467837
v 0.212991 0.121275 0.462364
v 0.227009 0.121275 0.462364
v 0.239638 0.121275 0.467837
v 0.248377 0.121275 0.477701
v 0.262435 0.112150 0.490000
v 0.258233 0.112150 0.506571
v 0.246458 0.112150 0.519859
v 0.229443 0.112150 0.527234
v 0.210557 0.112150 0.527234
v 0.193542 0.112150 0.519859
v 0.181767 0.112150 0.506571
v 0.177565 0.112150 0.490000
v 0.181767 0.112150 0.473429
v 0.193542 0.112150 0.460141
v 0.210557 0.112150 0.452766
v 0.229443 0.112150 0.452766
v 0.246458 0.112150 0.460141
v 0.258233 0.112150 0.473429
v 0.268256 0.100956 0.490000
v 0.263477 0.100956 0.508844
v 0.250087 0.100956 0.523955
v 0.230738 0.100956 0.532341
v 0.209262 0.100956 0.532341
v 0.189913 0.100956 0.523955
v 0.176523 0.100956 0.508844
v 0.171744 0.100956 0.490000
v 0.176523 0.100956 0.471156
v 0.189913 0.100956 0.456045
v 0.209262 0.100956 0.447659
v 0.230738 0.100956 0.447659
v 0.250087 0.100956 0.456045
v 0.263477 0.100956 0.471156
v 0.268256 0.089044 0.490000
v 0.263477 0.089044 0.508844
v 0.250087 0.089044 0.523955
v 0.230738 0.089044 0.532341
v 0.209262 0.089044 0.532341
v 0.189913 0.089044 0.523955
v 0.176523 0.089044 0.508844
v 0.171744 0.089044 0.490000
v 0.176523 0.089044 0.471156
v 0.189913 0.089044 0.456045
v 0.209262 0.089044 0.447659
v 0.230738 0.089044 0.447659
v 0.250087 0.089044 0.456045
v 0.263477 0.089044 0.471156
v 0.262435 0.077850 0.490000
v 0.258233 0.077850 0.506571
v 0.246458 0.077850 0.519859
v 0.229443 0.077850 0.527234
v 0.210557 0.077850 0.527234
v 0.193542 0.077850 0.519859
v 0.181767 0.077850 0.506571
v 0.177565 0.077850 0.490000
v 0.181767 0.077850 0.473429
v 0.193542 0.077850 0.460141
v 0.210557 0.077850 0.452766
v 0.229443 0.077850 0.452766
v 0.246458 0.077850 0.460141
v 0.258233 0.077850 0.473429
v 0.251497 0.068725 0.490000
v 0.248377 0.068725 0.502299
v 0.239638 0.068725 0.512163
v 0.227009 0.068725 0.517636
v 0.212991 0.068725 0.517636
v 0.200362 0.068725 0.512163
v 0.191623 0.068725 0.502299
v 0.188503 0.068725 0.490000
v 0.191623 0.068725 0.477701
v 0.200362 0.068725 0.467837
v 0.212991 0.068725 0.462364
v 0.227009 0.068725 0.462364
v 0.239638 0.068725 0.467837
v 0.248377 0.068725 0.477701
v 0.236759 0.062769 0.490000
v 0.235099 0.062769 0.496544
v 0.230449 0.062769 0.501792
v 0.223729 0.062769 0.504705
v 0.216271 0.062769 0.504705
v 0.209551 0.062769 0.501792
v 0.204901 0.062769 0.496544
v 0.203241 0.062769 0.490000
v 0.204901 0.062769 0.483456
v 0.209551 0.062769 0.478208
v 0.216271 0.062769 0.475295
v 0.223729 0.062769 0.475295
v 0.230449 0.062769 0.478208
v 0.235099 0.062769 0.483456
v 0.220000 0.060700 0.490000
v 0.220000 0.060700 0.490000
v 0.220000 0.060700 0.490000
v 0.220000 0.060700 0.490000
v 0.220000 0.060700 0.490000
v 0.220000 0.060700 0.490000
v 0.220000 0.060700 0.490000
v 0.220000 0.060700 0.490000
v 0.220000 0.060700 0.490000
v 0.220000 0.060700 0.490000
v 0.220000 0.060700 0.490000
v 0.220000 0.060700 0.490000
v 0.220000 0.060700 0.490000
v 0.220000 0.060700 0.490000
v 0.290000 0.133500 0.490000
v 0.290000 0.133500 0.490000
v 0.290000 0.133500 0.490000
v 0.290000 0.133500 0.490000
v 0.290000 0.133500 0.490000
v 0.290000 0.133500 0.490000
v 0.290000 0.133500 0.490000
v 0.290000 0.133500 0.490000
v 0.290000 0.133500 0.490000
v 0.290000 0.133500 0.490000
v 0.290000 0.133500 0.490000
v 0.290000 0.133500 0.490000
v 0.290000 0.133500 0.490000
v 0.290000 0.133500 0.490000
v 0.308811 0.131178 0.490000
v 0.306948 0.131178 0.497346
v 0.301729 0.131178 0.503236
v 0.294186 0.131178 0.506506
v 0.285814 0.131178 0.506506
v 0.278271 0.131178 0.503236
v 0.273052 0.131178 0.497346
v 0.271189 0.131178 0.490000
v 0.273052 0.131178 0.482654
v 0.278271 0.131178 0.476764
v 0.285814 0.131178 0.473494
v 0.294186 0.131178 0.473494
v 0.301729 0.131178 0.476764
v 0.306948 0.131178 0.482654
v 0.325353 0.124493 0.490000
v 0.321852 0.124493 0.503805
v 0.312042 0.124493 0.514876
v 0.297867 0.124493 0.521020
v 0.282133 0.124493 0.521020
v 0.267958 0.124493 0.514876
v 0.258148 0.124493 0.503805
v 0.254647 0.124493 0.490000
v 0.258148 0.124493 0.476195
v 0.267958 0.124493 0.465124
v 0.282133 0.124493 0.458980
v 0.297867 0.124493 0.458980
v 0.312042 0.124493 0.465124
v 0.321852 0.124493 0.476195
v 0.337631 0.114250 0.490000
v 0.332914 0.114250 0.508600
v 0.319698 0.114250 0.523516
v 0.300599 0.114250 0.531793
v 0.279401 0.114250 0.531793
v 0.260302 0.114250 0.523516
v 0.247086 0.114250 0.508600
v 0.242369 0.114250 0.490000
v 0.247086 0.114250 0.471400
v 0.260302 0.114250 0.456484
v 0.279401 0.114250 0.448207
v 0.300599 0.114250 0.448207
v 0.319698 0.114250 0.456484
v 0.332914 0.114250 0.471400
v 0.344164 0.101685 0.490000
v 0.338800 0.101685 0.511151
v 0.323771 0.101685 0.528113
v 0.302053 0.101685 0.537526
v 0.277947 0.101685 0.537526
v 0.256229 0.101685 0.528113
v 0.241200 0.101685 0.511151
v 0.235836 0.101685 0.490000
v 0.241200 0.101685 0.468849
v 0.256229 0.101685 0.451887
v 0.277947 0.101685 0.442474
v 0.302053 0.101685 0.442474
v 0.323771 0.101685 0.451887
v 0.338800 0.101685 0.468849
v 0.344164 0.088315 0.490000
v 0.338800 0.088315 0.511151
v 0.323771 0.088315 0.528113
v 0.302053 0.088315 0.537526
v 0.277947 0.088315 0.537526
v 0.256229 0.088315 0.528113
v 0.241200 0.088315 0.511151
v 0.235836 0.088315 0.490000
v 0.241200 0.088315 0.468849
v 0.256229 0.088315 0.451887
v 0.277947 0.088315 0.442474
v 0.302053 0.088315 0.442474
v 0.323771 0.088315 0.451887
v 0.338800 0.088315 0.468849
v 0.337631 0.075750 0.490000
v 0.332914 0.075750 0.508600
v 0.319698 0.075750 0.523516
v 0.300599 0.075750 0.531793
v 0.279401 0.075750 0.531793
v 0.260302 0.075750 0.523516
v 0.247086 0.075750 0.508600
v 0.242369 0.075750 0.490000
v 0.247086 0.075750 0.471400
v 0.260302 0.075750 0.456484
v 0.279401 0.075750 0.448207
v 0.300599 0.075750 0.448207
v 0.319698 0.075750 0.456484
v 0.332914 0.075750 0.471400
v 0.325353 0.065507 0.490000
v 0.321852 0.065507 0.503805
v 0.312042 0.065507 0.514876
v 0.297867 0.065507 0.521020
v 0.282133 0.065507 0.521020
v 0.267958 0.065507 0.514876
v 0.258148 0.065507 0.503805
v 0.254647 0.065507 0.490000
v 0.258148 0.065507 0.476195
v 0.267958 0.065507 0.465124
v 0.282133 0.065507 0.458980
v 0.297867 0.065507 0.458980
v 0.312042 0.065507 0.465124
v 0.321852 0.065507 0.476195
v 0.308811 0.058822 0.490000
v 0.306948 0.058822 0.497346
v 0.301729 0.058822 0.503236
v 0.294186 0.058822 0.506506
v 0.285814 0.058822 0.506506
v 0.278271 0.058822 0.503236
v 0.273052 0.058822 0.497346
v 0.271189 0.058822 0.490000
v 0.273052 0.058822 0.482654
v 0.278271 0.058822 0.476764
v 0.285814 0.058822 0.473494
v 0.294186 0.058822 0.473494
v 0.301729 0.058822 0.476764
v 0.306948 0.058822 0.482654
v 0.290000 0.056500 0.490000
v 0.290000 0.056500 0.490000
v 0.290000 0.056500 0.490000
v 0.290000 0.056500 0.490000
v 0.290000 0.056500 0.490000
v 0.290000 0.056500 0.490000
v 0.290000 0.056500 0.490000
v 0.290000 0.056500 0.490000
v 0.290000 0.056500 0.490000
v 0.290000 0.056500 0.490000
v 0.290000 0.056500 0.490000
v 0.290000 0.056500 0.490000
v 0.290000 0.056500 0.490000
v 0.290000 0.056500 0.490000
v 0.360000 0.129300 0.490000
v 0.360000 0.129300 0.490000
v 0.360000 0.129300 0.490000
v 0.360000 0.129300 0.490000
v 0.360000 0.129300 0.490000
v 0.360000 0.129300 0.490000
v 0.360000 0.129300 0.490000
v 0.360000 0.129300 0.490000
v 0.360000 0.129300 0.490000
v 0.360000 0.129300 0.490000
v 0.360000 0.129300 0.490000
v 0.360000 0.129300 0.490000
v 0.360000 0.129300 0.490000
v 0.360000 0.129300 0.490000
v 0.376759 0.127231 0.490000
v 0.375099 0.127231 0.496544
v 0.370449 0.127231 0.501792
v 0.363729 0.127231 0.504705
v 0.356271 0.127231 0.504705
v 0.349551 0.127231 0.501792
v 0.344901 0.127231 0.496544
v 0.343241 0.127231 0.490000
v 0.344901 0.127231 0.483456
v 0.349551 0.127231 0.478208
v 0.356271 0.127231 0.475295
v 0.363729 0.127231 0.475295
v 0.370449 0.127231 0.478208
v 0.375099 0.127231 0.483456
v 0.391497 0.121275 0.490000
v 0.388377 0.121275 0.502299
v 0.379638 0.121275 0.512163
v 0.367009 0.121275 0.517636
v 0.352991 0.121275 0.517636
v 0.340362 0.121275 0.512163
v 0.331623 0.121275 0.502299
v 0.328503 0.121275 0.490000
v 0.331623 0.121275 0.477701
v 0.340362 0.121275 0.467837
v 0.352991 0.121275 0.462364
v 0.367009 0.121275 0.462364
v 0.379638 0.121275 0.467837
v 0.388377 0.121275 0.477701
v 0.402435 0.112150 0.490000
v 0.398233 0.112150 0.506571
v 0.386458 0.112150 0.519859
v 0.369443 0.112150 0.527234
v 0.350557 0.112150 0.527234
v 0.333542 0.112150 0.519859
v 0.321767 0.112150 0.506571
v 0.317565 0.112150 0.490000
v 0.321767 0.112150 0.473429
v 0.333542 0.112150 0.460141
v 0.350557 0.112150 0.452766
v 0.369443 0.112150 0.452766
v 0.386458 0.112150 0.460141
v 0.398233 0.112150 0.473429
v 0.408256 0.100956 0.490000
v 0.403477 0.100956 0.508844
v 0.390087 0.100956 0.523955
v 0.370738 0.100956 0.532341
v 0.349262 0.100956 0.532341
v 0.329913 0.100956 0.523955
v 0.316523 0.100956 0.508844
v 0.311744 0.100956 0.490000
v 0.316523 0.100956 0.471156
v 0.329913 0.100956 0.456045
v 0.349262 0.100956 0.447659
v 0.370738 0.100956 0.447659
v 0.390087 0.100956 0.456045
v 0.403477 0.100956 0.471156
v 0.408256 0.089044 0.490000
v 0.403477 0.089044 0.508844
v 0.390087 0.089044 0.523955
v 0.370738 0.089044 0.532341
v 0.349262 0.089044 0.532341
v 0.329913 0.089044 0.523955
v 0.316523 0.089044 0.508844
v 0.311744 0.089044 0.490000
v 0.316523 0.089044 0.471156
v 0.329913 0.089044 0.456045
v 0.349262 0.089044 0.447659
v 0.370738 0.089044 0.447659
v 0.390087 0.089044 0.456045
v 0.403477 0.089044 0.471156
v 0.402435 0.077850 0.490000
v 0.398233 0.077850 0.506571
v 0.386458 0.077850 0.519859
v 0.369443 0.077850 0.527234
v 0.350557 0.077850 0.527234
v 0.333542 0.077850 0.519859
v 0.321767 0.077850 0.506571
v 0.317565 0.077850 0.490000
v 0.321767 0.077850 0.473429
v 0.333542 0.077850 0.460141
v 0.350557 0.077850 0.452766
v 0.369443 0.077850 0.452766
v 0.386458 0.077850 0.460141
v 0.398233 0.077850 0.473429
v 0.391497 0.068725 0.490000
v 0.388377 0.068725 0.502299
v 0.379638 0.068725 0.512163
v 0.367009 0.068725 0.517636
v 0.352991 0.068725 0.517636
v 0.340362 0.068725 0.512163
v 0.331623 0.068725 0.502299
v 0.328503 0.068725 0.490000
v 0.331623 0.068725 0.477701
v 0.340362 0.068725 0.467837
v 0.352991 0.068725 0.462364
v 0.367009 0.068725 0.462364
v 0.379638 0.068725 0.467837
v 0.388377 0.068725 0.477701
v 0.376759 0.062769 0.490000
v 0.375099 0.062769 0.496544
v 0.370449 0.062769 0.501792
v 0.363729 0.062769 0.504705
v 0.356271 0.062769 0.504705
v 0.349551 0.062769 0.501792
v 0.344901 0.062769 0.496544
v 0.343241 0.062769 0.490000
v 0.344901 0.062769 0.483456
v 0.349551 0.062769 0.478208
v 0.356271 0.062769 0.475295
v 0.363729 0.062769 0.475295
v 0.370449 0.062769 0.478208
v 0.375099 0.062769 0.483456
v 0.360000 0.060700 0.490000
v 0.360000 0.060700 0.490000
v 0.360000 0.060700 0.490000
v 0.360000 0.060700 0.490000
v 0.360000 0.060700 0.490000
v 0.360000 0.060700 0.490000
v 0.360000 0.060700 0.490000
v 0.360000 0.060700 0.490000
v 0.360000 0.060700 0.490000
v 0.360000 0.060700 0.490000
v 0.360000 0.060700 0.490000
v 0.360000 0.060700 0.490000
v 0.360000 0.060700 0.490000
v 0.360000 0.060700 0.490000
v 0.430000 0.125100 0.490000
v 0.430000 0.125100 0.490000
v 0.430000 0.125100 0.490000
v 0.430000 0.125100 0.490000
v 0.430000 0.125100 0.490000
v 0.430000 0.125100 0.490000
v 0.430000 0.125100 0.490000
v 0.430000 0.125100 0.490000
v 0.430000 0.125100 0.490000
v 0.430000 0.125100 0.490000
v 0.430000 0.125100 0.490000
v 0.430000 0.125100 0.490000
v 0.430000 0.125100 0.490000
v 0.430000 0.125100 0.490000
v 0.444707 0.123285 0.490000
v 0.443250 0.123285 0.495743
v 0.439170 0.123285 0.500348
v 0.433273 0.123285 0.502904
v 0.426727 0.123285 0.502904
v 0.420830 0.123285 0.500348
v 0.416750 0.123285 0.495743
v 0.415293 0.123285 0.490000
v 0.416750 0.123285 0.484257
v 0.420830 0.123285 0.479652
v 0.426727 0.123285 0.477096
v 0.433273 0.123285 0.477096
v 0.439170 0.123285 0.479652
v 0.443250 0.123285 0.484257
v 0.457640 0.118058 0.490000
v 0.454903 0.118058 0.500793
v 0.447233 0.118058 0.509449
v 0.436150 0.118058 0.514252
v 0.423850 0.118058 0.514252
v 0.412767 0.118058 0.509449
v 0.405097 0.118058 0.500793
v 0.402360 0.118058 0.490000
v 0.405097 0.118058 0.479207
v 0.412767 0.118058 0.470551
v 0.423850 0.118058 0.465748
v 0.436150 0.118058 0.465748
v 0.447233 0.118058 0.470551
v 0.454903 0.118058 0.479207
v 0.467239 0.110050 0.490000
v 0.463551 0.110050 0.504542
v 0.453218 0.110050 0.516203
v 0.438286 0.110050 0.522675
v 0.421714 0.110050 0.522675
v 0.406782 0.110050 0.516203
v 0.396449 0.110050 0.504542
v 0.392761 0.110050 0.490000
v 0.396449 0.110050 0.475458
v 0.406782 0.110050 0.463797
v 0.421714 0.110050 0.457325
v 0.438286 0.110050 0.457325
v 0.453218 0.110050 0.463797
v 0.463551 0.110050 0.475458
v 0.472347 0.100227 0.490000
v 0.468153 0.100227 0.506536
v 0.456403 0.100227 0.519797
v 0.439423 0.100227 0.527157
v 0.420577 0.100227 0.527157
v 0.403597 0.100227 0.519797
v 0.391847 0.100227 0.506536
v 0.387653 0.100227 0.490000
v 0.391847 0.100227 0.473464
v 0.403597 0.100227 0.460203
v 0.420577 0.100227 0.452843
v 0.439423 0.100227 0.452843
v 0.456403 0.100227 0.460203
v 0.468153 0.100227 0.473464
v 0.472347 0.089773 0.490000
v 0.468153 0.089773 0.506536
v 0.456403 0.089773 0.519797
v 0.439423 0.089773 0.527157
v 0.420577 0.089773 0.527157
v 0.403597 0.089773 0.519797
v 0.391847 0.089773 0.506536
v 0.387653 0.089773 0.490000
v 0.391847 0.089773 0.473464
v 0.403597 0.089773 0.460203
v 0.420577 0.089773 0.452843
v 0.439423 0.089773 0.452843
v 0.456403 0.089773 0.460203
v 0.468153 0.089773 0.473464
v 0.467239 0.079950 0.490000
v 0.463551 0.079950 0.504542
v 0.453218 0.079950 0.516203
v 0.438286 0.079950 0.522675
v 0.421714 0.079950 0.522675
v 0.406782 0.079950 0.516203
v 0.396449 0.079950 0.504542
v 0.392761 0.079950 0.490000
v 0.396449 0.079950 0.475458
v 0.406782 0.079950 0.463797
v 0.421714 0.079950 0.457325
v 0.438286 0.079950 0.457325
v 0.453218 0.079950 0.463797
v 0.463551 0.079950 0.475458
v 0.457640 0.071942 0.490000
v 0.454903 0.071942 0.500793
v 0.447233 0.071942 0.509449
v 0.436150 0.071942 0.514252
v 0.423850 0.071942 0.514252
v 0.412767 0.071942 0.509449
v 0.405097 0.071942 0.500793
v 0.402360 0.071942 0.490000
v 0.405097 0.071942 0.479207
v 0.412767 0.071942 0.470551
v 0.423850 0.071942 0.465748
v 0.436150 0.071942 0.465748
v 0.447233 0.071942 0.470551
v 0.454903 0.071942 0.479207
v 0.444707 0.066715 0.490000
v 0.443250 0.066715 0.495743
v 0.439170 0.066715 0.500348
v 0.433273 0.066715 0.502904
v 0.426727 0.066715 0.502904
v 0.420830 0.066715 0.500348
v 0.416750 0.066715 0.495743
v 0.415293 0.066715 0.490000
v 0.416750 0.066715 0.484257
v 0.420830 0.066715 0.479652
v 0.426727 0.066715 0.477096
v 0.433273 0.066715 0.477096
v 0.439170 0.066715 0.479652
v 0.443250 0.066715 0.484257
v 0.430000 0.064900 0.490000
v 0.430000 0.064900 0.490000
v 0.430000 0.064900 0.490000
v 0.430000 0.064900 0.490000
v 0.430000 0.064900 0.490000
v 0.430000 0.064900 0.490000
v 0.430000 0.064900 0.490000
v 0.430000 0.064900 0.490000
v 0.430000 0.064900 0.490000
v 0.430000 0.064900 0.490000
v 0.430000 0.064900 0.490000
v 0.430000 0.064900 0.490000
v 0.430000 0.064900 0.490000
v 0.430000 0.064900 0.490000
v -0.310000 2.970000 0.630000
v -0.310000 2.970000 0.630000
v -0.310000 2.970000 0.630000
v -0.310000 2.970000 0.630000
v -0.310000 2.970000 0.630000
v -0.310000 2.970000 0.630000
v -0.310000 2.970000 0.630000
v -0.310000 2.970000 0.630000
v -0.310000 2.970000 0.630000
v -0.310000 2.970000 0.630000
v -0.310000 2.970000 0.630000
v -0.310000 2.970000 0.630000
v -0.310000 2.970000 0.630000
v -0.310000 2.970000 0.630000
v -0.310000 2.970000 0.630000
v -0.310000 2.970000 0.630000
v -0.310000 2.970000 0.630000
v -0.310000 2.970000 0.630000
v -0.310000 2.970000 0.630000
v -0.310000 2.970000 0.630000
v -0.310000 2.970000 0.630000
v -0.310000 2.970000 0.630000
v -0.310000 2.970000 0.630000
v -0.310000 2.970000 0.630000
v -0.310000 2.970000 0.630000
v -0.310000 2.970000 0.630000
v -0.310000 2.970000 0.630000
v -0.310000 2.970000 0.630000
v -0.273534 2.966354 0.630000
v -0.274448 2.966354 0.633091
v -0.277145 2.966354 0.636027
v -0.281490 2.966354 0.638661
v -0.287264 2.966354 0.640861
v -0.294178 2.966354 0.642516
v -0.301886 2.966354 0.643544
v -0.310000 2.966354 0.643892
v -0.318114 2.966354 0.643544
v -0.325822 2.966354 0.642516
v -0.332736 2.966354 0.640861
v -0.338510 2.966354 0.638661
v -0.342855 2.966354 0.636027
v -0.345552 2.966354 0.633091
v -0.346466 2.966354 0.630000
v -0.345552 2.966354 0.626909
v -0.342855 2.966354 0.623973
v -0.338510 2.966354 0.621339
v -0.332736 2.966354 0.619139
v -0.325822 2.966354 0.617484
v -0.318114 2.966354 0.616456
v -0.310000 2.966354 0.616108
v -0.301886 2.966354 0.616456
v -0.294178 2.966354 0.617484
v -0.287264 2.966354 0.619139
v -0.281490 2.966354 0.621339
v -0.277145 2.966354 0.623973
v -0.274448 2.966354 0.626909
v -0.238176 2.955526 0.630000
v -0.239977 2.955526 0.636089
v -0.245289 2.955526 0.641872
v -0.253846 2.955526 0.647060
v -0.265218 2.955526 0.651392
v -0.278837 2.955526 0.654652
v -0.294018 2.955526 0.656676
v -0.310000 2.955526 0.657362
v -0.325982 2.955526 0.656676
v -0.341163 2.955526 0.654652
v -0.354782 2.955526 0.651392
v -0.366154 2.955526 0.647060
v -0.374711 2.955526 0.641872
v -0.380023 2.955526 0.636089
v -0.381824 2.955526 0.630000
v -0.380023 2.955526 0.623911
v -0.374711 2.955526 0.618128
v -0.366154 2.955526 0.612940
v -0.354782 2.955526 0.608608
v -0.341163 2.955526 0.605348
v -0.325982 2.955526 0.603324
v -0.310000 2.955526 0.602638
v -0.294018 2.955526 0.603324
v -0.278837 2.955526 0.605348
v -0.265218 2.955526 0.608608
v -0.253846 2.955526 0.612940
v -0.245289 2.955526 0.618128
v -0.239977 2.955526 0.623911
v -0.205000 2.937846 0.630000
v -0.207633 2.937846 0.638901
v -0.215398 2.937846 0.647355
v -0.227908 2.937846 0.654940
v -0.244534 2.937846 0.661273
v -0.264442 2.937846 0.666039
v -0.286635 2.937846 0.668997
v -0.310000 2.937846 0.670000
v -0.333365 2.937846 0.668997
v -0.355558 2.937846 0.666039
v -0.375466 2.937846 0.661273
v -0.392092 2.937846 0.654940
v -0.404602 2.937846 0.647355
v -0.412367 2.937846 0.638901
v -0.415000 2.937846 0.630000
v -0.412367 2.937846 0.621099
v -0.404602 2.937846 0.612645
v -0.392092 2.937846 0.605060
v -0.375466 2.937846 0.598727
v -0.355558 2.937846 0.593961
v -0.333365 2.937846 0.591003
v -0.310000 2.937846 0.590000
v -0.286635 2.937846 0.591003
v -0.264442 2.937846 0.593961
v -0.244534 2.937846 0.598727
v -0.227908 2.937846 0.605060
v -0.215398 2.937846 0.612645
v -0.207633 2.937846 0.621099
v -0.175015 2.913851 0.630000
v -0.178399 2.913851 0.641443
v -0.188382 2.913851 0.652312
v -0.204464 2.913851 0.662062
v -0.225838 2.913851 0.670204
v -0.251432 2.913851 0.676331
v -0.279963 2.913851 0.680134
v -0.310000 2.913851 0.681423
v -0.340037 2.913851 0.680134
v -0.368568 2.913851 0.676331
v -0.394162 2.913851 0.670204
v -0.415536 2.913851 0.662062
v -0.431618 2.913851 0.652312
v -0.441601 2.913851 0.641443
v -0.444985 2.913851 0.630000
v -0.441601 2.913851 0.618557
v -0.431618 2.913851 0.607688
v -0.415536 2.913851 0.597938
v -0.394162 2.913851 0.589796
v -0.368568 2.913851 0.583669
v -0.340037 2.913851 0.579866
v -0.310000 2.913851 0.578577
v -0.279963 2.913851 0.579866
v -0.251432 2.913851 0.583669
v -0.225838 2.913851 0.589796
v -0.204464 2.913851 0.597938
v -0.188382 2.913851 0.607688
v -0.178399 2.913851 0.618557
v -0.149131 2.884269 0.630000
v -0.153164 2.884269 0.643637
v -0.165062 2.884269 0.656590
v -0.184227 2.884269 0.668210
v -0.209700 2.884269 0.677913
v -0.240201 2.884269 0.685215
v -0.274203 2.884269 0.689747
v -0.310000 2.884269 0.691284
v -0.345797 2.884269 0.689747
v -0.379799 2.884269 0.685215
v -0.410300 2.884269 0.677913
v -0.435773 2.884269 0.668210
v -0.454938 2.884269 0.656590
v -0.466836 2.884269 0.643637
v -0.470869 2.884269 0.630000
v -0.466836 2.884269 0.616363
v -0.454938 2.884269 0.603410
v -0.435773 2.884269 0.591790
v -0.410300 2.884269 0.582087
v -0.379799 2.884269 0.574785
v -0.345797 2.884269 0.570253
v -0.310000 2.884269 0.568716
v -0.274203 2.884269 0.570253
v -0.240201 2.884269 0.574785
v -0.209700 2.884269 0.582087
v -0.184227 2.884269 0.591790
v -0.165062 2.884269 0.603410
v -0.153164 2.884269 0.616363
v -0.128135 2.850000 0.630000
v -0.132694 2.850000 0.645417
v -0.146145 2.850000 0.660060
v -0.167812 2.850000 0.673197
v -0.196609 2.850000 0.684167
v -0.231092 2.850000 0.692421
v -0.269531 2.850000 0.697545
v -0.310000 2.850000 0.699282
v -0.350469 2.850000 0.697545
v -0.388908 2.850000 0.692421
v -0.423391 2.850000 0.684167
v -0.452188 2.850000 0.673197
v -0.473855 2.850000 0.660060
v -0.487306 2.850000 0.645417
v -0.491865 2.850000 0.630000
v -0.487306 2.850000 0.614583
v -0.473855 2.850000 0.599940
v -0.452188 2.850000 0.586803
v -0.423391 2.850000 0.575833
v -0.388908 2.850000 0.567579
v -0.350469 2.850000 0.562455
v -0.310000 2.850000 0.560718
v -0.269531 2.850000 0.562455
v -0.231092 2.850000 0.567579
v -0.196609 2.850000 0.575833
v -0.167812 2.850000 0.586803
v -0.146145 2.850000 0.599940
v -0.132694 2.850000 0.614583
v -0.112665 2.812085 0.630000
v -0.117612 2.812085 0.646728
v -0.132207 2.812085 0.662617
v -0.155717 2.812085 0.676871
v -0.186963 2.812085 0.688775
v -0.224379 2.812085 0.697731
v -0.266089 2.812085 0.703291
v -0.310000 2.812085 0.705175
v -0.353911 2.812085 0.703291
v -0.395621 2.812085 0.697731
v -0.433037 2.812085 0.688775
v -0.464283 2.812085 0.676871
v -0.487793 2.812085 0.662617
v -0.502388 2.812085 0.646728
v -0.507335 2.812085 0.630000
v -0.502388 2.812085 0.613272
v -0.487793 2.812085 0.597383
v -0.464283 2.812085 0.583129
v -0.433037 2.812085 0.571225
v -0.395621 2.812085 0.562269
v -0.353911 2.812085 0.556709
v -0.310000 2.812085 0.554825
v -0.266089 2.812085 0.556709
v -0.224379 2.812085 0.562269
v -0.186963 2.812085 0.571225
v -0.155717 2.812085 0.583129
v -0.132207 2.812085 0.597383
v -0.117612 2.812085 0.613272
v -0.103190 2.771676 0.630000
v -0.108376 2.771676 0.647531
v -0.123671 2.771676 0.664183
v -0.148310 2.771676 0.679121
v -0.181056 2.771676 0.691596
v -0.220269 2.771676 0.700982
v -0.263981 2.771676 0.706809
v -0.310000 2.771676 0.708785
v -0.356019 2.771676 0.706809
v -0.399731 2.771676 0.700982
v -0.438944 2.771676 0.691596
v -0.471690 2.771676 0.679121
v -0.496329 2.771676 0.664183
v -0.511624 2.771676 0.647531
v -0.516810 2.771676 0.630000
v -0.511624 2.771676 0.612469
v -0.496329 2.771676 0.595817
v -0.471690 2.771676 0.580879
v -0.438944 2.771676 0.568404
v -0.399731 2.771676 0.559018
v -0.356019 2.771676 0.553191
v -0.310000 2.771676 0.551215
v -0.263981 2.771676 0.553191
v -0.220269 2.771676 0.559018
v -0.181056 2.771676 0.568404
v -0.148310 2.771676 0.580879
v -0.123671 2.771676 0.595817
v -0.108376 2.771676 0.612469
v -0.100000 2.730000 0.630000
v -0.105265 2.730000 0.647802
v -0.120797 2.730000 0.664711
v -0.145815 2.730000 0.679879
v -0.179067 2.730000 0.692547
v -0.218884 2.730000 0.702078
v -0.263271 2.730000 0.707994
v -0.310000 2.730000 0.710000
v -0.356729 2.730000 0.707994
v -0.401116 2.730000 0.702078
v -0.440933 2.730000 0.692547
v -0.474185 2.730000 0.679879
v -0.499203 2.730000 0.664711
v -0.514735 2.730000 0.647802
v -0.520000 2.730000 0.630000
v -0.514735 2.730000 0.612198
v -0.499203 2.730000 0.595289
v -0.474185 2.730000 0.580121
v -0.440933 2.730000 0.567453
v -0.401116 2.730000 0.557922
v -0.356729 2.730000 0.552006
v -0.310000 2.730000 0.550000
v -0.263271 2.730000 0.552006
v -0.218884 2.730000 0.557922
v -0.179067 2.730000 0.567453
v -0.145815 2.730000 0.580121
v -0.120797 2.730000 0.595289
v -0.105265 2.730000 0.612198
v -0.103190 2.688324 0.630000
v -0.108376 2.688324 0.647531
v -0.123671 2.688324 0.664183
v -0.148310 2.688324 0.679121
v -0.181056 2.688324 0.691596
v -0.220269 2.688324 0.700982
v -0.263981 2.688324 0.706809
v -0.310000 2.688324 0.708785
v -0.356019 2.688324 0.706809
v -0.399731 2.688324 0.700982
v -0.438944 2.688324 0.691596
v -0.471690 2.688324 0.679121
v -0.496329 2.688324 0.664183
v -0.511624 2.688324 0.647531
v -0.516810 2.688324 0.630000
v -0.511624 2.688324 0.612469
v -0.496329 2.688324 0.595817
v -0.471690 2.688324 0.580879
v -0.438944 2.688324 0.568404
v -0.399731 2.688324 0.559018
v -0.356019 2.688324 0.553191
v -0.310000 2.688324 0.551215
v -0.263981 2.688324 0.553191
v -0.220269 2.688324 0.559018
v -0.181056 2.688324 0.568404
v -0.148310 2.688324 0.580879
v -0.123671 2.688324 0.595817
v -0.108376 2.688324 0.612469
v -0.112665 2.647915 0.630000
v -0.117612 2.647915 0.646728
v -0.132207 2.647915 0.662617
v -0.155717 2.647915 0.676871
v -0.186963 2.647915 0.688775
v -0.224379 2.647915 0.697731
v -0.266089 2.647915 0.703291
v -0.310000 2.647915 0.705175
v -0.353911 2.647915 0.703291
v -0.395621 2.647915 0.697731
v -0.433037 2.647915 0.688775
v -0.464283 2.647915 0.676871
v -0.487793 2.647915 0.662617
v -0.502388 2.647915 0.646728
v -0.507335 2.647915 0.630000
v -0.502388 2.647915 0.613272
v -0.487793 2.647915 0.597383
v -0.464283 2.647915 0.583129
v -0.433037 2.647915 0.571225
v -0.395621 2.647915 0.562269
v -0.353911 2.647915 0.556709
v -0.310000 2.647915 0.554825
v -0.266089 2.647915 0.556709
v -0.224379 2.647915 0.562269
v -0.186963 2.647915 0.571225
v -0.155717 2.647915 0.583129
v -0.132207 2.647915 0.597383
v -0.117612 2.647915 0.613272
v -0.128135 2.610000 0.630000
v -0.132694 2.610000 0.645417
v -0.146145 2.610000 0.660060
v -0.167812 2.610000 0.673197
v -0.196609 2.610000 0.684167
v -0.231092 2.610000 0.692421
v -0.269531 2.610000 0.697545
v -0.310000 2.610000 0.699282
v -0.350469 2.610000 0.697545
v -0.388908 2.610000 0.692421
v -0.423391 2.610000 0.684167
v -0.452188 2.610000 0.673197
v -0.473855 2.610000 0.660060
v -0.487306 2.610000 0.645417
v -0.491865 2.610000 0.630000
v -0.487306 2.610000 0.614583
v -0.473855 2.610000 0.599940
v -0.452188 2.610000 0.586803
v -0.423391 2.610000 0.575833
v -0.388908 2.610000 0.567579
v -0.350469 2.610000 0.562455
v -0.310000 2.610000 0.560718
v -0.269531 2.610000 0.562455
v -0.231092 2.610000 0.567579
v -0.196609 2.610000 0.575833
v -0.167812 2.610000 0.586803
v -0.146145 2.610000 0.599940
v -0.132694 2.610000 0.614583
v -0.149131 2.575731 0.630000
v -0.153164 2.575731 0.643637
v -0.165062 2.575731 0.656590
v -0.184227 2.575731 0.668210
v -0.209700 2.575731 0.677913
v -0.240201 2.575731 0.685215
v -0.274203 2.575731 0.689747
v -0.310000 2.575731 0.691284
v -0.345797 2.575731 0.689747
v -0.379799 2.575731 0.685215
v -0.410300 2.575731 0.677913
v -0.435773 2.575731 0.668210
v -0.454938 2.575731 0.656590
v -0.466836 2.575731 0.643637
v -0.470869 2.575731 0.630000
v -0.466836 2.575731 0.616363
v -0.454938 2.575731 0.603410
v -0.435773 2.575731 0.591790
v -0.410300 2.575731 0.582087
v -0.379799 2.575731 0.574785
v -0.345797 2.575731 0.570253
v -0.310000 2.575731 0.568716
v -0.274203 2.575731 0.570253
v -0.240201 2.575731 0.574785
v -0.209700 2.575731 0.582087
v -0.184227 2.575731 0.591790
v -0.165062 2.575731 0.603410
v -0.153164 2.575731 0.616363
v -0.175015 2.546149 0.630000
v -0.178399 2.546149 0.641443
v -0.188382 2.546149 0.652312
v -0.204464 2.546149 0.662062
v -0.225838 2.546149 0.670204
v -0.251432 2.546149 0.676331
v -0.279963 2.546149 0.680134
v -0.310000 2.546149 0.681423
v -0.340037 2.546149 0.680134
v -0.368568 2.546149 0.676331
v -0.394162 2.546149 0.670204
v -0.415536 2.546149 0.662062
v -0.431618 2.546149 0.652312
v -0.441601 2.546149 0.641443
v -0.444985 2.546149 0.630000
v -0.441601 2.546149 0.618557
v -0.431618 2.546149 0.607688
v -0.415536 2.546149 0.597938
v -0.394162 2.546149 0.589796
v -0.368568 2.546149 0.583669
v -0.340037 2.546149 0.579866
v -0.310000 2.546149 0.578577
v -0.279963 2.546149 0.579866
v -0.251432 2.546149 0.583669
v -0.225838 2.546149 0.589796
v -0.204464 2.546149 0.597938
v -0.188382 2.546149 0.607688
v -0.178399 2.546149 0.618557
v -0.205000 2.522154 0.630000
v -0.207633 2.522154 0.638901
v -0.215398 2.522154 0.647355
v -0.227908 2.522154 0.654940
v -0.244534 2.522154 0.661273
v -0.264442 2.522154 0.666039
v -0.286635 2.522154 0.668997
v -0.310000 2.522154 0.670000
v -0.333365 2.522154 0.668997
v -0.355558 2.522154 0.666039
v -0.375466 2.522154 0.661273
v -0.392092 2.522154 0.654940
v -0.404602 2.522154 0.647355
v -0.412367 2.522154 0.638901
v -0.415000 2.522154 0.630000
v -0.412367 2.522154 0.621099
v -0.404602 2.522154 0.612645
v -0.392092 2.522154 0.605060
v -0.375466 2.522154 0.598727
v -0.355558 2.522154 0.593961
v -0.333365 2.522154 0.591003
v -0.310000 2.522154 0.590000
v -0.286635 2.522154 0.591003
v -0.264442 2.522154 0.593961
v -0.244534 2.522154 0.598727
v -0.227908 2.522154 0.605060
v -0.215398 2.522154 0.612645
v -0.207633 2.522154 0.621099
v -0.238176 2.504474 0.630000
v -0.239977 2.504474 0.636089
v -0.245289 2.504474 0.641872
v -0.253846 2.504474 0.647060
v -0.265218 2.504474 0.651392
v -0.278837 2.504474 0.654652
v -0.294018 2.504474 0.656676
v -0.310000 2.504474 0.657362
v -0.325982 2.504474 0.656676
v -0.341163 2.504474 0.654652
v -0.354782 2.504474 0.651392
v -0.366154 2.504474 0.647060
v -0.374711 2.504474 0.641872
v -0.380023 2.504474 0.636089
v -0.381824 2.504474 0.630000
v -0.380023 2.504474 0.623911
v -0.374711 2.504474 0.618128
v -0.366154 2.504474 0.612940
v -0.354782 2.504474 0.608608
v -0.341163 2.504474 0.605348
v -0.325982 2.504474 0.603324
v -0.310000 2.504474 0.602638
v -0.294018 2.504474 0.603324
v -0.278837 2.504474 0.605348
v -0.265218 2.504474 0.608608
v -0.253846 2.504474 0.612940
v -0.245289 2.504474 0.618128
v -0.239977 2.504474 0.623911
v -0.273534 2.493646 0.630000
v -0.274448 2.493646 0.633091
v -0.277145 2.493646 0.636027
v -0.281490 2.493646 0.638661
v -0.287264 2.493646 0.640861
v -0.294178 2.493646 0.642516
v -0.301886 2.493646 0.643544
v -0.310000 2.493646 0.643892
v -0.318114 2.493646 0.643544
v -0.325822 2.493646 0.642516
v -0.332736 2.493646 0.640861
v -0.338510 2.493646 0.638661
v -0.342855 2.493646 0.636027
v -0.345552 2.493646 0.633091
v -0.346466 2.493646 0.630000
v -0.345552 2.493646 0.626909
v -0.342855 2.493646 0.623973
v -0.338510 2.493646 0.621339
v -0.332736 2.493646 0.619139
v -0.325822 2.493646 0.617484
v -0.318114 2.493646 0.616456
v -0.310000 2.493646 0.616108
v -0.301886 2.493646 0.616456
v -0.294178 2.493646 0.617484
v -0.287264 2.493646 0.619139
v -0.281490 2.493646 0.621339
v -0.277145 2.493646 0.623973
v -0.274448 2.493646 0.626909
v -0.310000 2.490000 0.630000
v -0.310000 2.490000 0.630000
v -0.310000 2.490000 0.630000
v -0.310000 2.490000 0.630000
v -0.310000 2.490000 0.630000
v -0.310000 2.490000 0.630000
v -0.310000 2.490000 0.630000
v -0.310000 2.490000 0.630000
v -0.310000 2.490000 0.630000
v -0.310000 2.490000 0.630000
v -0.310000 2.490000 0.630000
v -0.310000 2.490000 0.630000
v -0.310000 2.490000 0.630000
v -0.310000 2.490000 0.630000
v -0.310000 2.490000 0.630000
v -0.310000 2.490000 0.630000
v -0.310000 2.490000 0.630000
v -0.310000 2.490000 0.630000
v -0.310000 2.490000 0.630000
v -0.310000 2.490000 0.630000
v -0.310000 2.490000 0.630000
v -0.310000 2.490000 0.630000
v -0.310000 2.490000 0.630000
v -0.310000 2.490000 0.630000
v -0.310000 2.490000 0.630000
v -0.310000 2.490000 0.630000
v -0.310000 2.490000 0.630000
v -0.310000 2.490000 0.630000
v -0.310000 2.860000 0.705000
v -0.310000 2.860000 0.705000
v -0.310000 2.860000 0.705000
v -0.310000 2.860000 0.705000
v -0.310000 2.860000 0.705000
v -0.310000 2.860000 0.705000
v -0.310000 2.860000 0.705000
v -0.310000 2.860000 0.705000
v -0.310000 2.860000 0.705000
v -0.310000 2.860000 0.705000
v -0.310000 2.860000 0.705000
v -0.310000 2.860000 0.705000
v -0.310000 2.860000 0.705000
v -0.310000 2.860000 0.705000
v -0.310000 2.860000 0.705000
v -0.310000 2.860000 0.705000
v -0.310000 2.860000 0.705000
v -0.310000 2.860000 0.705000
v -0.310000 2.860000 0.705000
v -0.310000 2.860000 0.705000
v -0.310000 2.860000 0.705000
v -0.310000 2.860000 0.705000
v -0.310000 2.860000 0.705000
v -0.310000 2.860000 0.705000
v -0.283297 2.856490 0.705000
v -0.284207 2.856490 0.707016
v -0.286875 2.856490 0.708894
v -0.291118 2.856490 0.710507
v -0.296649 2.856490 0.711745
v -0.303089 2.856490 0.712523
v -0.310000 2.856490 0.712788
v -0.316911 2.856490 0.712523
v -0.323351 2.856490 0.711745
v -0.328882 2.856490 0.710507
v -0.333125 2.856490 0.708894
v -0.335793 2.856490 0.707016
v -0.336703 2.856490 0.705000
v -0.335793 2.856490 0.702984
v -0.333125 2.856490 0.701106
v -0.328882 2.856490 0.699493
v -0.323351 2.856490 0.698255
v -0.316911 2.856490 0.697477
v -0.310000 2.856490 0.697212
v -0.303089 2.856490 0.697477
v -0.296649 2.856490 0.698255
v -0.291118 2.856490 0.699493
v -0.286875 2.856490 0.701106
v -0.284207 2.856490 0.702984
v -0.257934 2.846136 0.705000
v -0.259708 2.846136 0.708930
v -0.264909 2.846136 0.712593
v -0.273184 2.846136 0.715738
v -0.283967 2.846136 0.718151
v -0.296524 2.846136 0.719668
v -0.310000 2.846136 0.720186
v -0.323476 2.846136 0.719668
v -0.336033 2.846136 0.718151
v -0.346816 2.846136 0.715738
v -0.355091 2.846136 0.712593
v -0.360292 2.846136 0.708930
v -0.362066 2.846136 0.705000
v -0.360292 2.846136 0.701070
v -0.355091 2.846136 0.697407
v -0.346816 2.846136 0.694262
v -0.336033 2.846136 0.691849
v -0.323476 2.846136 0.690332
v -0.310000 2.846136 0.689814
v -0.296524 2.846136 0.690332
v -0.283967 2.846136 0.691849
v -0.273184 2.846136 0.694262
v -0.264909 2.846136 0.697407
v -0.259708 2.846136 0.701070
v -0.235181 2.829456 0.705000
v -0.237731 2.829456 0.710648
v -0.245205 2.829456 0.715911
v -0.257095 2.829456 0.720431
v -0.272591 2.829456 0.723899
v -0.290635 2.829456 0.726079
v -0.310000 2.829456 0.726822
v -0.329365 2.829456 0.726079
v -0.347409 2.829456 0.723899
v -0.362905 2.829456 0.720431
v -0.374795 2.829456 0.715911
v -0.382269 2.829456 0.710648
v -0.384819 2.829456 0.705000
v -0.382269 2.829456 0.699352
v -0.374795 2.829456 0.694089
v -0.362905 2.829456 0.689569
v -0.347409 2.829456 0.686101
v -0.329365 2.829456 0.683921
v -0.310000 2.829456 0.683178
v -0.290635 2.829456 0.683921
v -0.272591 2.829456 0.686101
v -0.257095 2.829456 0.689569
v -0.245205 2.829456 0.694089
v -0.237731 2.829456 0.699352
v -0.216180 2.807289 0.705000
v -0.219377 2.807289 0.712082
v -0.228750 2.807289 0.718682
v -0.243659 2.807289 0.724349
v -0.263090 2.807289 0.728698
v -0.285718 2.807289 0.731432
v -0.310000 2.807289 0.732364
v -0.334282 2.807289 0.731432
v -0.356910 2.807289 0.728698
v -0.376341 2.807289 0.724349
v -0.391250 2.807289 0.718682
v -0.400623 2.807289 0.712082
v -0.403820 2.807289 0.705000
v -0.400623 2.807289 0.697918
v -0.391250 2.807289 0.691318
v -0.376341 2.807289 0.685651
v -0.356910 2.807289 0.681302
v -0.334282 2.807289 0.678568
v -0.310000 2.807289 0.677636
v -0.285718 2.807289 0.678568
v -0.263090 2.807289 0.681302
v -0.243659 2.807289 0.685651
v -0.228750 2.807289 0.691318
v -0.219377 2.807289 0.697918
v -0.201884 2.780744 0.705000
v -0.205568 2.780744 0.713162
v -0.216369 2.780744 0.720767
v -0.233550 2.780744 0.727298
v -0.255942 2.780744 0.732309
v -0.282017 2.780744 0.735459
v -0.310000 2.780744 0.736534
v -0.337983 2.780744 0.735459
v -0.364058 2.780744 0.732309
v -0.386450 2.780744 0.727298
v -0.403631 2.780744 0.720767
v -0.414432 2.780744 0.713162
v -0.418116 2.780744 0.705000
v -0.414432 2.780744 0.696838
v -0.403631 2.780744 0.689233
v -0.386450 2.780744 0.682702
v -0.364058 2.780744 0.677691
v -0.337983 2.780744 0.674541
v -0.310000 2.780744 0.673466
v -0.282017 2.780744 0.674541
v -0.255942 2.780744 0.677691
v -0.233550 2.780744 0.682702
v -0.216369 2.780744 0.689233
v -0.205568 2.780744 0.696838
v -0.193009 2.751153 0.705000
v -0.196995 2.751153 0.713832
v -0.208683 2.751153 0.722061
v -0.227275 2.751153 0.729128
v -0.251504 2.751153 0.734551
v -0.279720 2.751153 0.737960
v -0.310000 2.751153 0.739122
v -0.340280 2.751153 0.737960
v -0.368496 2.751153 0.734551
v -0.392725 2.751153 0.729128
v -0.411317 2.751153 0.722061
v -0.423005 2.751153 0.713832
v -0.426991 2.751153 0.705000
v -0.423005 2.751153 0.696168
v -0.411317 2.751153 0.687939
v -0.392725 2.751153 0.680872
v -0.368496 2.751153 0.675449
v -0.340280 2.751153 0.672040
v -0.310000 2.751153 0.670878
v -0.279720 2.751153 0.672040
v -0.251504 2.751153 0.675449
v -0.227275 2.751153 0.680872
v -0.208683 2.751153 0.687939
v -0.196995 2.751153 0.696168
v -0.190000 2.720000 0.705000
v -0.194089 2.720000 0.714059
v -0.206077 2.720000 0.722500
v -0.225147 2.720000 0.729749
v -0.250000 2.720000 0.735311
v -0.278942 2.720000 0.738807
v -0.310000 2.720000 0.740000
v -0.341058 2.720000 0.738807
v -0.370000 2.720000 0.735311
v -0.394853 2.720000 0.729749
v -0.413923 2.720000 0.722500
v -0.425911 2.720000 0.714059
v -0.430000 2.720000 0.705000
v -0.425911 2.720000 0.695941
v -0.413923 2.720000 0.687500
v -0.394853 2.720000 0.680251
v -0.370000 2.720000 0.674689
v -0.341058 2.720000 0.671193
v -0.310000 2.720000 0.670000
v -0.278942 2.720000 0.671193
v -0.250000 2.720000 0.674689
v -0.225147 2.720000 0.680251
v -0.206077 2.720000 0.687500
v -0.194089 2.720000 0.695941
v -0.193009 2.688847 0.705000
v -0.196995 2.688847 0.713832
v -0.208683 2.688847 0.722061
v -0.227275 2.688847 0.729128
v -0.251504 2.688847 0.734551
v -0.279720 2.688847 0.737960
v -0.310000 2.688847 0.739122
v -0.340280 2.688847 0.737960
v -0.368496 2.688847 0.734551
v -0.392725 2.688847 0.729128
v -0.411317 2.688847 0.722061
v -0.423005 2.688847 0.713832
v -0.426991 2.688847 0.705000
v -0.423005 2.688847 0.696168
v -0.411317 2.688847 0.687939
v -0.392725 2.688847 0.680872
v -0.368496 2.688847 0.675449
v -0.340280 2.688847 0.672040
v -0.310000 2.688847 0.670878
v -0.279720 2.688847 0.672040
v -0.251504 2.688847 0.675449
v -0.227275 2.688847 0.680872
v -0.208683 2.688847 0.687939
v -0.196995 2.688847 0.696168
v -0.201884 2.659256 0.705000
v -0.205568 2.659256 0.713162
v -0.216369 2.659256 0.720767
v -0.233550 2.659256 0.727298
v -0.255942 2.659256 0.732309
v -0.282017 2.659256 0.735459
v -0.310000 2.659256 0.736534
v -0.337983 2.659256 0.735459
v -0.364058 2.659256 0.732309
v -0.386450 2.659256 0.727298
v -0.403631 2.659256 0.720767
v -0.414432 2.659256 0.713162
v -0.418116 2.659256 0.705000
v -0.414432 2.659256 0.696838
v -0.403631 2.659256 0.689233
v -0.386450 2.659256 0.682702
v -0.364058 2.659256 0.677691
v -0.337983 2.659256 0.674541
v -0.310000 2.659256 0.673466
v -0.282017 2.659256 0.674541
v -0.255942 2.659256 0.677691
v -0.233550 2.659256 0.682702
v -0.216369 2.659256 0.689233
v -0.205568 2.659256 0.696838
v -0.216180 2.632711 0.705000
v -0.219377 2.632711 0.712082
v -0.228750 2.632711 0.718682
v -0.243659 2.632711 0.724349
v -0.263090 2.632711 0.728698
v -0.285718 2.632711 0.731432
v -0.310000 2.632711 0.732364
v -0.334282 2.632711 0.731432
v -0.356910 2.632711 0.728698
v -0.376341 2.632711 0.724349
v -0.391250 2.632711 0.718682
v -0.400623 2.632711 0.712082
v -0.403820 2.632711 0.705000
v -0.400623 2.632711 0.697918
v -0.391250 2.632711 0.691318
v -0.376341 2.632711 0.685651
v -0.356910 2.632711 0.681302
v -0.334282 2.632711 0.678568
v -0.310000 2.632711 0.677636
v -0.285718 2.632711 0.678568
v -0.263090 2.632711 0.681302
v -0.243659 2.632711 0.685651
v -0.228750 2.632711 0.691318
v -0.219377 2.632711 0.697918
v -0.235181 2.610544 0.705000
v -0.237731 2.610544 0.710648
v -0.245205 2.610544 0.715911
v -0.257095 2.610544 0.720431
v -0.272591 2.610544 0.723899
v -0.290635 2.610544 0.726079
v -0.310000 2.610544 0.726822
v -0.329365 2.610544 0.726079
v -0.347409 2.610544 0.723899
v -0.362905 2.610544 0.720431
v -0.374795 2.610544 0.715911
v -0.382269 2.610544 0.710648
v -0.384819 2.610544 0.705000
v -0.382269 2.610544 0.699352
v -0.374795 2.610544 0.694089
v -0.362905 2.610544 0.689569
v -0.347409 2.610544 0.686101
v -0.329365 2.610544 0.683921
v -0.310000 2.610544 0.683178
v -0.290635 2.610544 0.683921
v -0.272591 2.610544 0.686101
v -0.257095 2.610544 0.689569
v -0.245205 2.610544 0.694089
v -0.237731 2.610544 0.699352
v -0.257934 2.593864 0.705000
v -0.259708 2.593864 0.708930
v -0.264909 2.593864 0.712593
v -0.273184 2.593864 0.715738
v -0.283967 2.593864 0.718151
v -0.296524 2.593864 0.719668
v -0.310000 2.593864 0.720186
v -0.323476 2.593864 0.719668
v -0.336033 2.593864 0.718151
v -0.346816 2.593864 0.715738
v -0.355091 2.593864 0.712593
v -0.360292 2.593864 0.708930
v -0.362066 2.593864 0.705000
v -0.360292 2.593864 0.701070
v -0.355091 2.593864 0.697407
v -0.346816 2.593864 0.694262
v -0.336033 2.593864 0.691849
v -0.323476 2.593864 0.690332
v -0.310000 2.593864 0.689814
v -0.296524 2.593864 0.690332
v -0.283967 2.593864 0.691849
v -0.273184 2.593864 0.694262
v -0.264909 2.593864 0.697407
v -0.259708 2.593864 0.701070
v -0.283297 2.583510 0.705000
v -0.284207 2.583510 0.707016
v -0.286875 2.583510 0.708894
v -0.291118 2.583510 0.710507
v -0.296649 2.583510 0.711745
v -0.303089 2.583510 0.712523
v -0.310000 2.583510 0.712788
v -0.316911 2.583510 0.712523
v -0.323351 2.583510 0.711745
v -0.328882 2.583510 0.710507
v -0.333125 2.583510 0.708894
v -0.335793 2.583510 0.707016
v -0.336703 2.583510 0.705000
v -0.335793 2.583510 0.702984
v -0.333125 2.583510 0.701106
v -0.328882 2.583510 0.699493
v -0.323351 2.583510 0.698255
v -0.316911 2.583510 0.697477
v -0.310000 2.583510 0.697212
v -0.303089 2.583510 0.697477
v -0.296649 2.583510 0.698255
v -0.291118 2.583510 0.699493
v -0.286875 2.583510 0.701106
v -0.284207 2.583510 0.702984
v -0.310000 2.580000 0.705000
v -0.310000 2.580000 0.705000
v -0.310000 2.580000 0.705000
v -0.310000 2.580000 0.705000
v -0.310000 2.580000 0.705000
v -0.310000 2.580000 0.705000
v -0.310000 2.580000 0.705000
v -0.310000 2.580000 0.705000
v -0.310000 2.580000 0.705000
v -0.310000 2.580000 0.705000
v -0.310000 2.580000 0.705000
v -0.310000 2.580000 0.705000
v -0.310000 2.580000 0.705000
v -0.310000 2.580000 0.705000
v -0.310000 2.580000 0.705000
v -0.310000 2.580000 0.705000
v -0.310000 2.580000 0.705000
v -0.310000 2.580000 0.705000
v -0.310000 2.580000 0.705000
v -0.310000 2.580000 0.705000
v -0.310000 2.580000 0.705000
v -0.310000 2.580000 0.705000
v -0.310000 2.580000 0.705000
v -0.310000 2.580000 0.705000
v -0.310000 2.802000 0.735000
v -0.310000 2.802000 0.735000
v -0.310000 2.802000 0.735000
v -0.310000 2.802000 0.735000
v -0.310000 2.802000 0.735000
v -0.310000 2.802000 0.735000
v -0.310000 2.802000 0.735000
v -0.310000 2.802000 0.735000
v -0.310000 2.802000 0.735000
v -0.310000 2.802000 0.735000
v -0.310000 2.802000 0.735000
v -0.310000 2.802000 0.735000
v -0.310000 2.802000 0.735000
v -0.310000 2.802000 0.735000
v -0.310000 2.802000 0.735000
v -0.310000 2.802000 0.735000
v -0.310000 2.802000 0.735000
v -0.310000 2.802000 0.735000
v -0.310000 2.802000 0.735000
v -0.310000 2.802000 0.735000
v -0.293177 2.799206 0.735000
v -0.294000 2.799206 0.736440
v -0.296390 2.799206 0.737738
v -0.300112 2.799206 0.738769
v -0.304801 2.799206 0.739431
v -0.310000 2.799206 0.739659
v -0.315199 2.799206 0.739431
v -0.319888 2.799206 0.738769
v -0.323610 2.799206 0.737738
v -0.326000 2.799206 0.736440
v -0.326823 2.799206 0.735000
v -0.326000 2.799206 0.733560
v -0.323610 2.799206 0.732262
v -0.319888 2.799206 0.731231
v -0.315199 2.799206 0.730569
v -0.310000 2.799206 0.730341
v -0.304801 2.799206 0.730569
v -0.300112 2.799206 0.731231
v -0.296390 2.799206 0.732262
v -0.294000 2.799206 0.733560
v -0.277500 2.791014 0.735000
v -0.279091 2.791014 0.737781
v -0.283707 2.791014 0.740290
v -0.290897 2.791014 0.742281
v -0.299957 2.791014 0.743560
v -0.310000 2.791014 0.744000
v -0.320043 2.791014 0.743560
v -0.329103 2.791014 0.742281
v -0.336293 2.791014 0.740290
v -0.340909 2.791014 0.737781
v -0.342500 2.791014 0.735000
v -0.340909 2.791014 0.732219
v -0.336293 2.791014 0.729710
v -0.329103 2.791014 0.727719
v -0.320043 2.791014 0.726440
v -0.310000 2.791014 0.726000
v -0.299957 2.791014 0.726440
v -0.290897 2.791014 0.727719
v -0.283707 2.791014 0.729710
v -0.279091 2.791014 0.732219
v -0.264038 2.777983 0.735000
v -0.266288 2.777983 0.738933
v -0.272816 2.777983 0.742481
v -0.282984 2.777983 0.745297
v -0.295797 2.777983 0.747105
v -0.310000 2.777983 0.747728
v -0.324203 2.777983 0.747105
v -0.337016 2.777983 0.745297
v -0.347184 2.777983 0.742481
v -0.353712 2.777983 0.738933
v -0.355962 2.777983 0.735000
v -0.353712 2.777983 0.731067
v -0.347184 2.777983 0.727519
v -0.337016 2.777983 0.724703
v -0.324203 2.777983 0.722895
v -0.310000 2.777983 0.722272
v -0.295797 2.777983 0.722895
v -0.282984 2.777983 0.724703
v -0.272816 2.777983 0.727519
v -0.266288 2.777983 0.731067
v -0.253708 2.761000 0.735000
v -0.256463 2.761000 0.739817
v -0.264459 2.761000 0.744163
v -0.276913 2.761000 0.747611
v -0.292605 2.761000 0.749826
v -0.310000 2.761000 0.750588
v -0.327395 2.761000 0.749826
v -0.343087 2.761000 0.747611
v -0.355541 2.761000 0.744163
v -0.363537 2.761000 0.739817
v -0.366292 2.761000 0.735000
v -0.363537 2.761000 0.730183
v -0.355541 2.761000 0.725837
v -0.343087 2.761000 0.722389
v -0.327395 2.761000 0.720174
v -0.310000 2.761000 0.719412
v -0.292605 2.761000 0.720174
v -0.276913 2.761000 0.722389
v -0.264459 2.761000 0.725837
v -0.256463 2.761000 0.730183
v -0.247215 2.741223 0.735000
v -0.250288 2.741223 0.740373
v -0.259206 2.741223 0.745220
v -0.273096 2.741223 0.749066
v -0.290598 2.741223 0.751536
v -0.310000 2.741223 0.752387
v -0.329402 2.741223 0.751536
v -0.346904 2.741223 0.749066
v -0.360794 2.741223 0.745220
v -0.369712 2.741223 0.740373
v -0.372785 2.741223 0.735000
v -0.369712 2.741223 0.729627
v -0.360794 2.741223 0.724780
v -0.346904 2.741223 0.720934
v -0.329402 2.741223 0.718464
v -0.310000 2.741223 0.717613
v -0.290598 2.741223 0.718464
v -0.273096 2.741223 0.720934
v -0.259206 2.741223 0.724780
v -0.250288 2.741223 0.729627
v -0.245000 2.720000 0.735000
v -0.248181 2.720000 0.740562
v -0.257414 2.720000 0.745580
v -0.271794 2.720000 0.749562
v -0.289914 2.720000 0.752119
v -0.310000 2.720000 0.753000
v -0.330086 2.720000 0.752119
v -0.348206 2.720000 0.749562
v -0.362586 2.720000 0.745580
v -0.371819 2.720000 0.740562
v -0.375000 2.720000 0.735000
v -0.371819 2.720000 0.729438
v -0.362586 2.720000 0.724420
v -0.348206 2.720000 0.720438
v -0.330086 2.720000 0.717881
v -0.310000 2.720000 0.717000
v -0.289914 2.720000 0.717881
v -0.271794 2.720000 0.720438
v -0.257414 2.720000 0.724420
v -0.248181 2.720000 0.729438
v -0.247215 2.698777 0.735000
v -0.250288 2.698777 0.740373
v -0.259206 2.698777 0.745220
v -0.273096 2.698777 0.749066
v -0.290598 2.698777 0.751536
v -0.310000 2.698777 0.752387
v -0.329402 2.698777 0.751536
v -0.346904 2.698777 0.749066
v -0.360794 2.698777 0.745220
v -0.369712 2.698777 0.740373
v -0.372785 2.698777 0.735000
v -0.369712 2.698777 0.729627
v -0.360794 2.698777 0.724780
v -0.346904 2.698777 0.720934
v -0.329402 2.698777 0.718464
v -0.310000 2.698777 0.717613
v -0.290598 2.698777 0.718464
v -0.273096 2.698777 0.720934
v -0.259206 2.698777 0.724780
v -0.250288 2.698777 0.729627
v -0.253708 2.679000 0.735000
v -0.256463 2.679000 0.739817
v -0.264459 2.679000 0.744163
v -0.276913 2.679000 0.747611
v -0.292605 2.679000 0.749826
v -0.310000 2.679000 0.750588
v -0.327395 2.679000 0.749826
v -0.343087 2.679000 0.747611
v -0.355541 2.679000 0.744163
v -0.363537 2.679000 0.739817
v -0.366292 2.679000 0.735000
v -0.363537 2.679000 0.730183
v -0.355541 2.679000 0.725837
v -0.343087 2.679000 0.722389
v -0.327395 2.679000 0.720174
v -0.310000 2.679000 0.719412
v -0.292605 2.679000 0.720174
v -0.276913 2.679000 0.722389
v -0.264459 2.679000 0.725837
v -0.256463 2.679000 0.730183
v -0.264038 2.662017 0.735000
v -0.266288 2.662017 0.738933
v -0.272816 2.662017 0.742481
v -0.282984 2.662017 0.745297
v -0.295797 2.662017 0.747105
v -0.310000 2.662017 0.747728
v -0.324203 2.662017 0.747105
v -0.337016 2.662017 0.745297
v -0.347184 2.662017 0.742481
v -0.353712 2.662017 0.738933
v -0.355962 2.662017 0.735000
v -0.353712 2.662017 0.731067
v -0.347184 2.662017 0.727519
v -0.337016 2.662017 0.724703
v -0.324203 2.662017 0.722895
v -0.310000 2.662017 0.722272
v -0.295797 2.662017 0.722895
v -0.282984 2.662017 0.724703
v -0.272816 2.662017 0.727519
v -0.266288 2.662017 0.731067
v -0.277500 2.648986 0.735000
v -0.279091 2.648986 0.737781
v -0.283707 2.648986 0.740290
v -0.290897 2.648986 0.742281
v -0.299957 2.648986 0.743560
v -0.310000 2.648986 0.744000
v -0.320043 2.648986 0.743560
v -0.329103 2.648986 0.742281
v -0.336293 2.648986 0.740290
v -0.340909 2.648986 0.737781
v -0.342500 2.648986 0.735000
v -0.340909 2.648986 0.732219
v -0.336293 2.648986 0.729710
v -0.329103 2.648986 0.727719
v -0.320043 2.648986 0.726440
v -0.310000 2.648986 0.726000
v -0.299957 2.648986 0.726440
v -0.290897 2.648986 0.727719
v -0.283707 2.648986 0.729710
v -0.279091 2.648986 0.732219
v -0.293177 2.640794 0.735000
v -0.294000 2.640794 0.736440
v -0.296390 2.640794 0.737738
v -0.300112 2.640794 0.738769
v -0.304801 2.640794 0.739431
v -0.310000 2.640794 0.739659
v -0.315199 2.640794 0.739431
v -0.319888 2.640794 0.738769
v -0.323610 2.640794 0.737738
v -0.326000 2.640794 0.736440
v -0.326823 2.640794 0.735000
v -0.326000 2.640794 0.733560
v -0.323610 2.640794 0.732262
v -0.319888 2.640794 0.731231
v -0.315199 2.640794 0.730569
v -0.310000 2.640794 0.730341
v -0.304801 2.640794 0.730569
v -0.300112 2.640794 0.731231
v -0.296390 2.640794 0.732262
v -0.294000 2.640794 0.733560
v -0.310000 2.638000 0.735000
v -0.310000 2.638000 0.735000
v -0.310000 2.638000 0.735000
v -0.310000 2.638000 0.735000
v -0.310000 2.638000 0.735000
v -0.310000 2.638000 0.735000
v -0.310000 2.638000 0.735000
v -0.310000 2.638000 0.735000
v -0.310000 2.638000 0.735000
v -0.310000 2.638000 0.735000
v -0.310000 2.638000 0.735000
v -0.310000 2.638000 0.735000
v -0.310000 2.638000 0.735000
v -0.310000 2.638000 0.735000
v -0.310000 2.638000 0.735000
v -0.310000 2.638000 0.735000
v -0.310000 2.638000 0.735000
v -0.310000 2.638000 0.735000
v -0.310000 2.638000 0.735000
v -0.310000 2.638000 0.735000
v -0.285000 2.812000 0.755000
v -0.285000 2.812000 0.755000
v -0.285000 2.812000 0.755000
v -0.285000 2.812000 0.755000
v -0.285000 2.812000 0.755000
v -0.285000 2.812000 0.755000
v -0.285000 2.812000 0.755000
v -0.285000 2.812000 0.755000
v -0.285000 2.812000 0.755000
v -0.285000 2.812000 0.755000
v -0.285000 2.812000 0.755000
v -0.285000 2.812000 0.755000
v -0.275816 2.809564 0.755000
v -0.277046 2.809564 0.756722
v -0.280408 2.809564 0.757983
v -0.285000 2.809564 0.758444
v -0.289592 2.809564 0.757983
v -0.292954 2.809564 0.756722
v -0.294184 2.809564 0.755000
v -0.292954 2.809564 0.753278
v -0.289592 2.809564 0.752017
v -0.285000 2.809564 0.751556
v -0.280408 2.809564 0.752017
v -0.277046 2.809564 0.753278
v -0.268029 2.802627 0.755000
v -0.270303 2.802627 0.758182
v -0.276515 2.802627 0.760511
v -0.285000 2.802627 0.761364
v -0.293485 2.802627 0.760511
v -0.299697 2.802627 0.758182
v -0.301971 2.802627 0.755000
v -0.299697 2.802627 0.751818
v -0.293485 2.802627 0.749489
v -0.285000 2.802627 0.748636
v -0.276515 2.802627 0.749489
v -0.270303 2.802627 0.751818
v -0.262827 2.792246 0.755000
v -0.265798 2.792246 0.759157
v -0.273913 2.792246 0.762201
v -0.285000 2.792246 0.763315
v -0.296087 2.792246 0.762201
v -0.304202 2.792246 0.759157
v -0.307173 2.792246 0.755000
v -0.304202 2.792246 0.750843
v -0.296087 2.792246 0.747799
v -0.285000 2.792246 0.746685
v -0.273913 2.792246 0.747799
v -0.265798 2.792246 0.750843
v -0.261000 2.780000 0.755000
v -0.264215 2.780000 0.759500
v -0.273000 2.780000 0.762794
v -0.285000 2.780000 0.764000
v -0.297000 2.780000 0.762794
v -0.305785 2.780000 0.759500
v -0.309000 2.780000 0.755000
v -0.305785 2.780000 0.750500
v -0.297000 2.780000 0.747206
v -0.285000 2.780000 0.746000
v -0.273000 2.780000 0.747206
v -0.264215 2.780000 0.750500
v -0.262827 2.767754 0.755000
v -0.265798 2.767754 0.759157
v -0.273913 2.767754 0.762201
v -0.285000 2.767754 0.763315
v -0.296087 2.767754 0.762201
v -0.304202 2.767754 0.759157
v -0.307173 2.767754 0.755000
v -0.304202 2.767754 0.750843
v -0.296087 2.767754 0.747799
v -0.285000 2.767754 0.746685
v -0.273913 2.767754 0.747799
v -0.265798 2.767754 0.750843
v -0.268029 2.757373 0.755000
v -0.270303 2.757373 0.758182
v -0.276515 2.757373 0.760511
v -0.285000 2.757373 0.761364
v -0.293485 2.757373 0.760511
v -0.299697 2.757373 0.758182
v -0.301971 2.757373 0.755000
v -0.299697 2.757373 0.751818
v -0.293485 2.757373 0.749489
v -0.285000 2.757373 0.748636
v -0.276515 2.757373 0.749489
v -0.270303 2.757373 0.751818
v -0.275816 2.750436 0.755000
v -0.277046 2.750436 0.756722
v -0.280408 2.750436 0.757983
v -0.285000 2.750436 0.758444
v -0.289592 2.750436 0.757983
v -0.292954 2.750436 0.756722
v -0.294184 2.750436 0.755000
v -0.292954 2.750436 0.753278
v -0.289592 2.750436 0.752017
v -0.285000 2.750436 0.751556
v -0.280408 2.750436 0.752017
v -0.277046 2.750436 0.753278
v -0.285000 2.748000 0.755000
v -0.285000 2.748000 0.755000
v -0.285000 2.748000 0.755000
v -0.285000 2.748000 0.755000
v -0.285000 2.748000 0.755000
v -0.285000 2.748000 0.755000
v -0.285000 2.748000 0.755000
v -0.285000 2.748000 0.755000
v -0.285000 2.748000 0.755000
v -0.285000 2.748000 0.755000
v -0.285000 2.748000 0.755000
v -0.285000 2.748000 0.755000
v 0.310000 2.970000 0.630000
v 0.310000 2.970000 0.630000
v 0.310000 2.970000 0.630000
v 0.310000 2.970000 0.630000
v 0.310000 2.970000 0.630000
v 0.310000 2.970000 0.630000
v 0.310000 2.970000 0.630000
v 0.310000 2.970000 0.630000
v 0.310000 2.970000 0.630000
v 0.310000 2.970000 0.630000
v 0.310000 2.970000 0.630000
v 0.310000 2.970000 0.630000
v 0.310000 2.970000 0.630000
v 0.310000 2.970000 0.630000
v 0.310000 2.970000 0.630000
v 0.310000 2.970000 0.630000
v 0.310000 2.970000 0.630000
v 0.310000 2.970000 0.630000
v 0.310000 2.970000 0.630000
v 0.310000 2.970000 0.630000
v 0.310000 2.970000 0.630000
v 0.310000 2.970000 0.630000
v 0.310000 2.970000 0.630000
v 0.310000 2.970000 0.630000
v 0.310000 2.970000 0.630000
v 0.310000 2.970000 0.630000
v 0.310000 2.970000 0.630000
v 0.310000 2.970000 0.630000
v 0.346466 2.966354 0.630000
v 0.345552 2.966354 0.633091
v 0.342855 2.966354 0.636027
v 0.338510 2.966354 0.638661
v 0.332736 2.966354 0.640861
v 0.325822 2.966354 0.642516
v 0.318114 2.966354 0.643544
v 0.310000 2.966354 0.643892
v 0.301886 2.966354 0.643544
v 0.294178 2.966354 0.642516
v 0.287264 2.966354 0.640861
v 0.281490 2.966354 0.638661
v 0.277145 2.966354 0.636027
v 0.274448 2.966354 0.633091
v 0.273534 2.966354 0.630000
v 0.274448 2.966354 0.626909
v 0.277145 2.966354 0.623973
v 0.281490 2.966354 0.621339
v 0.287264 2.966354 0.619139
v 0.294178 2.966354 0.617484
v 0.301886 2.966354 0.616456
v 0.310000 2.966354 0.616108
v 0.318114 2.966354 0.616456
v 0.325822 2.966354 0.617484
v 0.332736 2.966354 0.619139
v 0.338510 2.966354 0.621339
v 0.342855 2.966354 0.623973
v 0.345552 2.966354 0.626909
v 0.381824 2.955526 0.630000
v 0.380023 2.955526 0.636089
v 0.374711 2.955526 0.641872
v 0.366154 2.955526 0.647060
v 0.354782 2.955526 0.651392
v 0.341163 2.955526 0.654652
v 0.325982 2.955526 0.656676
v 0.310000 2.955526 0.657362
v 0.294018 2.955526 0.656676
v 0.278837 2.955526 0.654652
v 0.265218 2.955526 0.651392
v 0.253846 2.955526 0.647060
v 0.245289 2.955526 0.641872
v 0.239977 2.955526 0.636089
v 0.238176 2.955526 0.630000
v 0.239977 2.955526 0.623911
v 0.245289 2.955526 0.618128
v 0.253846 2.955526 0.612940
v 0.265218 2.955526 0.608608
v 0.278837 2.955526 0.605348
v 0.294018 2.955526 0.603324
v 0.310000 2.955526 0.602638
v 0.325982 2.955526 0.603324
v 0.341163 2.955526 0.605348
v 0.354782 2.955526 0.608608
v 0.366154 2.955526 0.612940
v 0.374711 2.955526 0.618128
v 0.380023 2.955526 0.623911
v 0.415000 2.937846 0.630000
v 0.412367 2.937846 0.638901
v 0.404602 2.937846 0.647355
v 0.392092 2.937846 0.654940
v 0.375466 2.937846 0.661273
v 0.355558 2.937846 0.666039
v 0.333365 2.937846 0.668997
v 0.310000 2.937846 0.670000
v 0.286635 2.937846 0.668997
v 0.264442 2.937846 0.666039
v 0.244534 2.937846 0.661273
v 0.227908 2.937846 0.654940
v 0.215398 2.937846 0.647355
v 0.207633 2.937846 0.638901
v 0.205000 2.937846 0.630000
v 0.207633 2.937846 0.621099
v 0.215398 2.937846 0.612645
v 0.227908 2.937846 0.605060
v 0.244534 2.937846 0.598727
v 0.264442 2.937846 0.593961
v 0.286635 2.937846 0.591003
v 0.310000 2.937846 0.590000
v 0.333365 2.937846 0.591003
v 0.355558 2.937846 0.593961
v 0.375466 2.937846 0.598727
v 0.392092 2.937846 0.605060
v 0.404602 2.937846 0.612645
v 0.412367 2.937846 0.621099
v 0.444985 2.913851 0.630000
v 0.441601 2.913851 0.641443
v 0.431618 2.913851 0.652312
v 0.415536 2.913851 0.662062
v 0.394162 2.913851 0.670204
v 0.368568 2.913851 0.676331
v 0.340037 2.913851 0.680134
v 0.310000 2.913851 0.681423
v 0.279963 2.913851 0.680134
v 0.251432 2.913851 0.676331
v 0.225838 2.913851 0.670204
v 0.204464 2.913851 0.662062
v 0.188382 2.913851 0.652312
v 0.178399 2.913851 0.641443
v 0.175015 2.913851 0.630000
v 0.178399 2.913851 0.618557
v 0.188382 2.913851 0.607688
v 0.204464 2.913851 0.597938
v 0.225838 2.913851 0.589796
v 0.251432 2.913851 0.583669
v 0.279963 2.913851 0.579866
v 0.310000 2.913851 0.578577
v 0.340037 2.913851 0.579866
v 0.368568 2.913851 0.583669
v 0.394162 2.913851 0.589796
v 0.415536 2.913851 0.597938
v 0.431618 2.913851 0.607688
v 0.441601 2.913851 0.618557
v 0.470869 2.884269 0.630000
v 0.466836 2.884269 0.643637
v 0.454938 2.884269 0.656590
v 0.435773 2.884269 0.668210
v 0.410300 2.884269 0.677913
v 0.379799 2.884269 0.685215
v 0.345797 2.884269 0.689747
v 0.310000 2.884269 0.691284
v 0.274203 2.884269 0.689747
v 0.240201 2.884269 0.685215
v 0.209700 2.884269 0.677913
v 0.184227 2.884269 0.668210
v 0.165062 2.884269 0.656590
v 0.153164 2.884269 0.643637
v 0.149131 2.884269 0.630000
v 0.153164 2.884269 0.616363
v 0.165062 2.884269 0.603410
v 0.184227 2.884269 0.591790
v 0.209700 2.884269 0.582087
v 0.240201 2.884269 0.574785
v 0.274203 2.884269 0.570253
v 0.310000 2.884269 0.568716
v 0.345797 2.884269 0.570253
v 0.379799 2.884269 0.574785
v 0.410300 2.884269 0.582087
v 0.435773 2.884269 0.591790
v 0.454938 2.884269 0.603410
v 0.466836 2.884269 0.616363
v 0.491865 2.850000 0.630000
v 0.487306 2.850000 0.645417
v 0.473855 2.850000 0.660060
v 0.452188 2.850000 0.673197
v 0.423391 2.850000 0.684167
v 0.388908 2.850000 0.692421
v 0.350469 2.850000 0.697545
v 0.310000 2.850000 0.699282
v 0.269531 2.850000 0.697545
v 0.231092 2.850000 0.692421
v 0.196609 2.850000 0.684167
v 0.167812 2.850000 0.673197
v 0.146145 2.850000 0.660060
v 0.132694 2.850000 0.645417
v 0.128135 2.850000 0.630000
v 0.132694 2.850000 0.614583
v 0.146145 2.850000 0.599940
v 0.167812 2.850000 0.586803
v 0.196609 2.850000 0.575833
v 0.231092 2.850000 0.567579
v 0.269531 2.850000 0.562455
v 0.310000 2.850000 0.560718
v 0.350469 2.850000 0.562455
v 0.388908 2.850000 0.567579
v 0.423391 2.850000 0.575833
v 0.452188 2.850000 0.586803
v 0.473855 2.850000 0.599940
v 0.487306 2.850000 0.614583
v 0.507335 2.812085 0.630000
v 0.502388 2.812085 0.646728
v 0.487793 2.812085 0.662617
v 0.464283 2.812085 0.676871
v 0.433037 2.812085 0.688775
v 0.395621 2.812085 0.697731
v 0.353911 2.812085 0.703291
v 0.310000 2.812085 0.705175
v 0.266089 2.812085 0.703291
v 0.224379 2.812085 0.697731
v 0.186963 2.812085 0.688775
v 0.155717 2.812085 0.676871
v 0.132207 2.812085 0.662617
v 0.117612 2.812085 0.646728
v 0.112665 2.812085 0.630000
v 0.117612 2.812085 0.613272
v 0.132207 2.812085 0.597383
v 0.155717 2.812085 0.583129
v 0.186963 2.812085 0.571225
v 0.224379 2.812085 0.562269
v 0.266089 2.812085 0.556709
v 0.310000 2.812085 0.554825
v 0.353911 2.812085 0.556709
v 0.395621 2.812085 0.562269
v 0.433037 2.812085 0.571225
v 0.464283 2.812085 0.583129
v 0.487793 2.812085 0.597383
v 0.502388 2.812085 0.613272
v 0.516810 2.771676 0.630000
v 0.511624 2.771676 0.647531
v 0.496329 2.771676 0.664183
v 0.471690 2.771676 0.679121
v 0.438944 2.771676 0.691596
v 0.399731 2.771676 0.700982
v 0.356019 2.771676 0.706809
v 0.310000 2.771676 0.708785
v 0.263981 2.771676 0.706809
v 0.220269 2.771676 0.700982
v 0.181056 2.771676 0.691596
v 0.148310 2.771676 0.679121
v 0.123671 2.771676 0.664183
v 0.108376 2.771676 0.647531
v 0.103190 2.771676 0.630000
v 0.108376 2.771676 0.612469
v 0.123671 2.771676 0.595817
v 0.148310 2.771676 0.580879
v 0.181056 2.771676 0.568404
v 0.220269 2.771676 0.559018
v 0.263981 2.771676 0.553191
v 0.310000 2.771676 0.551215
v 0.356019 2.771676 0.553191
v 0.399731 2.771676 0.559018
v 0.438944 2.771676 0.568404
v 0.471690 2.771676 0.580879
v 0.496329 2.771676 0.595817
v 0.511624 2.771676 0.612469
v 0.520000 2.730000 0.630000
v 0.514735 2.730000 0.647802
v 0.499203 2.730000 0.664711
v 0.474185 2.730000 0.679879
v 0.440933 2.730000 0.692547
v 0.401116 2.730000 0.702078
v 0.356729 2.730000 0.707994
v 0.310000 2.730000 0.710000
v 0.263271 2.730000 0.707994
v 0.218884 2.730000 0.702078
v 0.179067 2.730000 0.692547
v 0.145815 2.730000 0.679879
v 0.120797 2.730000 0.664711
v 0.105265 2.730000 0.647802
v 0.100000 2.730000 0.630000
v 0.105265 2.730000 0.612198
v 0.120797 2.730000 0.595289
v 0.145815 2.730000 0.580121
v 0.179067 2.730000 0.567453
v 0.218884 2.730000 0.557922
v 0.263271 2.730000 0.552006
v 0.310000 2.730000 0.550000
v 0.356729 2.730000 0.552006
v 0.401116 2.730000 0.557922
v 0.440933 2.730000 0.567453
v 0.474185 2.730000 0.580121
v 0.499203 2.730000 0.595289
v 0.514735 2.730000 0.612198
v 0.516810 2.688324 0.630000
v 0.511624 2.688324 0.647531
v 0.496329 2.688324 0.664183
v 0.471690 2.688324 0.679121
v 0.438944 2.688324 0.691596
v 0.399731 2.688324 0.700982
v 0.356019 2.688324 0.706809
v 0.310000 2.688324 0.708785
v 0.263981 2.688324 0.706809
v 0.220269 2.688324 0.700982
v 0.181056 2.688324 0.691596
v 0.148310 2.688324 0.679121
v 0.123671 2.688324 0.664183
v 0.108376 2.688324 0.647531
v 0.103190 2.688324 0.630000
v 0.108376 2.688324 0.612469
v 0.123671 2.688324 0.595817
v 0.148310 2.688324 0.580879
v 0.181056 2.688324 0.568404
v 0.220269 2.688324 0.559018
v 0.263981 2.688324 0.553191
v 0.310000 2.688324 0.551215
v 0.356019 2.688324 0.553191
v 0.399731 2.688324 0.559018
v 0.438944 2.688324 0.568404
v 0.471690 2.688324 0.580879
v 0.496329 2.688324 0.595817
v 0.511624 2.688324 0.612469
v 0.507335 2.647915 0.630000
v 0.502388 2.647915 0.646728
v 0.487793 2.647915 0.662617
v 0.464283 2.647915 0.676871
v 0.433037 2.647915 0.688775
v 0.395621 2.647915 0.697731
v 0.353911 2.647915 0.703291
v 0.310000 2.647915 0.705175
v 0.266089 2.647915 0.703291
v 0.224379 2.647915 0.697731
v 0.186963 2.647915 0.688775
v 0.155717 2.647915 0.676871
v 0.132207 2.647915 0.662617
v 0.117612 2.647915 0.646728
v 0.112665 2.647915 0.630000
v 0.117612 2.647915 0.613272
v 0.132207 2.647915 0.597383
v 0.155717 2.647915 0.583129
v 0.186963 2.647915 0.571225
v 0.224379 2.647915 0.562269
v 0.266089 2.647915 0.556709
v 0.310000 2.647915 0.554825
v 0.353911 2.647915 0.556709
v 0.395621 2.647915 0.562269
v 0.433037 2.647915 0.571225
v 0.464283 2.647915 0.583129
v 0.487793 2.647915 0.597383
v 0.502388 2.647915 0.613272
v 0.491865 2.610000 0.630000
v 0.487306 2.610000 0.645417
v 0.473855 2.610000 0.660060
v 0.452188 2.610000 0.673197
v 0.423391 2.610000 0.684167
v 0.388908 2.610000 0.692421
v 0.350469 2.610000 0.697545
v 0.310000 2.610000 0.699282
v 0.269531 2.610000 0.697545
v 0.231092 2.610000 0.692421
v 0.196609 2.610000 0.684167
v 0.167812 2.610000 0.673197
v 0.146145 2.610000 0.660060
v 0.132694 2.610000 0.645417
v 0.128135 2.610000 0.630000
v 0.132694 2.610000 0.614583
v 0.146145 2.610000 0.599940
v 0.167812 2.610000 0.586803
v 0.196609 2.610000 0.575833
v 0.231092 2.610000 0.567579
v 0.269531 2.610000 0.562455
v 0.310000 2.610000 0.560718
v 0.350469 2.610000 0.562455
v 0.388908 2.610000 0.567579
v 0.423391 2.610000 0.575833
v 0.452188 2.610000 0.586803
v 0.473855 2.610000 0.599940
v 0.487306 2.610000 0.614583
v 0.470869 2.575731 0.630000
v 0.466836 2.575731 0.643637
v 0.454938 2.575731 0.656590
v 0.435773 2.575731 0.668210
v 0.410300 2.575731 0.677913
v 0.379799 2.575731 0.685215
v 0.345797 2.575731 0.689747
v 0.310000 2.575731 0.691284
v 0.274203 2.575731 0.689747
v 0.240201 2.575731 0.685215
v 0.209700 2.575731 0.677913
v 0.184227 2.575731 0.668210
v 0.165062 2.575731 0.656590
v 0.153164 2.575731 0.643637
v 0.149131 2.575731 0.630000
v 0.153164 2.575731 0.616363
v 0.165062 2.575731 0.603410
v 0.184227 2.575731 0.591790
v 0.209700 2.575731 0.582087
v 0.240201 2.575731 0.574785
v 0.274203 2.575731 0.570253
v 0.310000 2.575731 0.568716
v 0.345797 2.575731 0.570253
v 0.379799 2.575731 0.574785
v 0.410300 2.575731 0.582087
v 0.435773 2.575731 0.591790
v 0.454938 2.575731 0.603410
v 0.466836 2.575731 0.616363
v 0.444985 2.546149 0.630000
v 0.441601 2.546149 0.641443
v 0.431618 2.546149 0.652312
v 0.415536 2.546149 0.662062
v 0.394162 2.546149 0.670204
v 0.368568 2.546149 0.676331
v 0.340037 2.546149 0.680134
v 0.310000 2.546149 0.681423
v 0.279963 2.546149 0.680134
v 0.251432 2.546149 0.676331
v 0.225838 2.546149 0.670204
v 0.204464 2.546149 0.662062
v 0.188382 2.546149 0.652312
v 0.178399 2.546149 0.641443
v 0.175015 2.546149 0.630000
v 0.178399 2.546149 0.618557
v 0.188382 2.546149 0.607688
v 0.204464 2.546149 0.597938
v 0.225838 2.546149 0.589796
v 0.251432 2.546149 0.583669
v 0.279963 2.546149 0.579866
v 0.310000 2.546149 0.578577
v 0.340037 2.546149 0.579866
v 0.368568 2.546149 0.583669
v 0.394162 2.546149 0.589796
v 0.415536 2.546149 0.597938
v 0.431618 2.546149 0.607688
v 0.441601 2.546149 0.618557
v 0.415000 2.522154 0.630000
v 0.412367 2.522154 0.638901
v 0.404602 2.522154 0.647355
v 0.392092 2.522154 0.654940
v 0.375466 2.522154 0.661273
v 0.355558 2.522154 0.666039
v 0.333365 2.522154 0.668997
v 0.310000 2.522154 0.670000
v 0.286635 2.522154 0.668997
v 0.264442 2.522154 0.666039
v 0.244534 2.522154 0.661273
v 0.227908 2.522154 0.654940
v 0.215398 2.522154 0.647355
v 0.207633 2.522154 0.638901
v 0.205000 2.522154 0.630000
v 0.207633 2.522154 0.621099
v 0.215398 2.522154 0.612645
v 0.227908 2.522154 0.605060
v 0.244534 2.522154 0.598727
v 0.264442 2.522154 0.593961
v 0.286635 2.522154 0.591003
v 0.310000 2.522154 0.590000
v 0.333365 2.522154 0.591003
v 0.355558 2.522154 0.593961
v 0.375466 2.522154 0.598727
v 0.392092 2.522154 0.605060
v 0.404602 2.522154 0.612645
v 0.412367 2.522154 0.621099
v 0.381824 2.504474 0.630000
v 0.380023 2.504474 0.636089
v 0.374711 2.504474 0.641872
v 0.366154 2.504474 0.647060
v 0.354782 2.504474 0.651392
v 0.341163 2.504474 0.654652
v 0.325982 2.504474 0.656676
v 0.310000 2.504474 0.657362
v 0.294018 2.504474 0.656676
v 0.278837 2.504474 0.654652
v 0.265218 2.504474 0.651392
v 0.253846 2.504474 0.647060
v 0.245289 2.504474 0.641872
v 0.239977 2.504474 0.636089
v 0.238176 2.504474 0.630000
v 0.239977 2.504474 0.623911
v 0.245289 2.504474 0.618128
v 0.253846 2.504474 0.612940
v 0.265218 2.504474 0.608608
v 0.278837 2.504474 0.605348
v 0.294018 2.504474 0.603324
v 0.310000 2.504474 0.602638
v 0.325982 2.504474 0.603324
v 0.341163 2.504474 0.605348
v 0.354782 2.504474 0.608608
v 0.366154 2.504474 0.612940
v 0.374711 2.504474 0.618128
v 0.380023 2.504474 0.623911
v 0.346466 2.493646 0.630000
v 0.345552 2.493646 0.633091
v 0.342855 2.493646 0.636027
v 0.338510 2.493646 0.638661
v 0.332736 2.493646 0.640861
v 0.325822 2.493646 0.642516
v 0.318114 2.493646 0.643544
v 0.310000 2.493646 0.643892
v 0.301886 2.493646 0.643544
v 0.294178 2.493646 0.642516
v 0.287264 2.493646 0.640861
v 0.281490 2.493646 0.638661
v 0.277145 2.493646 0.636027
v 0.274448 2.493646 0.633091
v 0.273534 2.493646 0.630000
v 0.274448 2.493646 0.626909
v 0.277145 2.493646 0.623973
v 0.281490 2.493646 0.621339
v 0.287264 2.493646 0.619139
v 0.294178 2.493646 0.617484
v 0.301886 2.493646 0.616456
v 0.310000 2.493646 0.616108
v 0.318114 2.493646 0.616456
v 0.325822 2.493646 0.617484
v 0.332736 2.493646 0.619139
v 0.338510 2.493646 0.621339
v 0.342855 2.493646 0.623973
v 0.345552 2.493646 0.626909
v 0.310000 2.490000 0.630000
v 0.310000 2.490000 0.630000
v 0.310000 2.490000 0.630000
v 0.310000 2.490000 0.630000
v 0.310000 2.490000 0.630000
v 0.310000 2.490000 0.630000
v 0.310000 2.490000 0.630000
v 0.310000 2.490000 0.630000
v 0.310000 2.490000 0.630000
v 0.310000 2.490000 0.630000
v 0.310000 2.490000 0.630000
v 0.310000 2.490000 0.630000
v 0.310000 2.490000 0.630000
v 0.310000 2.490000 0.630000
v 0.310000 2.490000 0.630000
v 0.310000 2.490000 0.630000
v 0.310000 2.490000 0.630000
v 0.310000 2.490000 0.630000
v 0.310000 2.490000 0.630000
v 0.310000 2.490000 0.630000
v 0.310000 2.490000 0.630000
v 0.310000 2.490000 0.630000
v 0.310000 2.490000 0.630000
v 0.310000 2.490000 0.630000
v 0.310000 2.490000 0.630000
v 0.310000 2.490000 0.630000
v 0.310000 2.490000 0.630000
v 0.310000 2.490000 0.630000
v 0.310000 2.860000 0.705000
v 0.310000 2.860000 0.705000
v 0.310000 2.860000 0.705000
v 0.310000 2.860000 0.705000
v 0.310000 2.860000 0.705000
v 0.310000 2.860000 0.705000
v 0.310000 2.860000 0.705000
v 0.310000 2.860000 0.705000
v 0.310000 2.860000 0.705000
v 0.310000 2.860000 0.705000
v 0.310000 2.860000 0.705000
v 0.310000 2.860000 0.705000
v 0.310000 2.860000 0.705000
v 0.310000 2.860000 0.705000
v 0.310000 2.860000 0.705000
v 0.310000 2.860000 0.705000
v 0.310000 2.860000 0.705000
v 0.310000 2.860000 0.705000
v 0.310000 2.860000 0.705000
v 0.310000 2.860000 0.705000
v 0.310000 2.860000 0.705000
v 0.310000 2.860000 0.705000
v 0.310000 2.860000 0.705000
v 0.310000 2.860000 0.705000
v 0.336703 2.856490 0.705000
v 0.335793 2.856490 0.707016
v 0.333125 2.856490 0.708894
v 0.328882 2.856490 0.710507
v 0.323351 2.856490 0.711745
v 0.316911 2.856490 0.712523
v 0.310000 2.856490 0.712788
v 0.303089 2.856490 0.712523
v 0.296649 2.856490 0.711745
v 0.291118 2.856490 0.710507
v 0.286875 2.856490 0.708894
v 0.284207 2.856490 0.707016
v 0.283297 2.856490 0.705000
v 0.284207 2.856490 0.702984
v 0.286875 2.856490 0.701106
v 0.291118 2.856490 0.699493
v 0.296649 2.856490 0.698255
v 0.303089 2.856490 0.697477
v 0.310000 2.856490 0.697212
v 0.316911 2.856490 0.697477
v 0.323351 2.856490 0.698255
v 0.328882 2.856490 0.699493
v 0.333125 2.856490 0.701106
v 0.335793 2.856490 0.702984
v 0.362066 2.846136 0.705000
v 0.360292 2.846136 0.708930
v 0.355091 2.846136 0.712593
v 0.346816 2.846136 0.715738
v 0.336033 2.846136 0.718151
v 0.323476 2.846136 0.719668
v 0.310000 2.846136 0.720186
v 0.296524 2.846136 0.719668
v 0.283967 2.846136 0.718151
v 0.273184 2.846136 0.715738
v 0.264909 2.846136 0.712593
v 0.259708 2.846136 0.708930
v 0.257934 2.846136 0.705000
v 0.259708 2.846136 0.701070
v 0.264909 2.846136 0.697407
v 0.273184 2.846136 0.694262
v 0.283967 2.846136 0.691849
v 0.296524 2.846136 0.690332
v 0.310000 2.846136 0.689814
v 0.323476 2.846136 0.690332
v 0.336033 2.846136 0.691849
v 0.346816 2.846136 0.694262
v 0.355091 2.846136 0.697407
v 0.360292 2.846136 0.701070
v 0.384819 2.829456 0.705000
v 0.382269 2.829456 0.710648
v 0.374795 2.829456 0.715911
v 0.362905 2.829456 0.720431
v 0.347409 2.829456 0.723899
v 0.329365 2.829456 0.726079
v 0.310000 2.829456 0.726822
v 0.290635 2.829456 0.726079
v 0.272591 2.829456 0.723899
v 0.257095 2.829456 0.720431
v 0.245205 2.829456 0.715911
v 0.237731 2.829456 0.710648
v 0.235181 2.829456 0.705000
v 0.237731 2.829456 0.699352
v 0.245205 2.829456 0.694089
v 0.257095 2.829456 0.689569
v 0.272591 2.829456 0.686101
v 0.290635 2.829456 0.683921
v 0.310000 2.829456 0.683178
v 0.329365 2.829456 0.683921
v 0.347409 2.829456 0.686101
v 0.362905 2.829456 0.689569
v 0.374795 2.829456 0.694089
v 0.382269 2.829456 0.699352
v 0.403820 2.807289 0.705000
v 0.400623 2.807289 0.712082
v 0.391250 2.807289 0.718682
v 0.376341 2.807289 0.724349
v 0.356910 2.807289 0.728698
v 0.334282 2.807289 0.731432
v 0.310000 2.807289 0.732364
v 0.285718 2.807289 0.731432
v 0.263090 2.807289 0.728698
v 0.243659 2.807289 0.724349
v 0.228750 2.807289 0.718682
v 0.219377 2.807289 0.712082
v 0.216180 2.807289 0.705000
v 0.219377 2.807289 0.697918
v 0.228750 2.807289 0.691318
v 0.243659 2.807289 0.685651
v 0.263090 2.807289 0.681302
v 0.285718 2.807289 0.678568
v 0.310000 2.807289 0.677636
v 0.334282 2.807289 0.678568
v 0.356910 2.807289 0.681302
v 0.376341 2.807289 0.685651
v 0.391250 2.807289 0.691318
v 0.400623 2.807289 0.697918
v 0.418116 2.780744 0.705000
v 0.414432 2.780744 0.713162
v 0.403631 2.780744 0.720767
v 0.386450 2.780744 0.727298
v 0.364058 2.780744 0.732309
v 0.337983 2.780744 0.735459
v 0.310000 2.780744 0.736534
v 0.282017 2.780744 0.735459
v 0.255942 2.780744 0.732309
v 0.233550 2.780744 0.727298
v 0.216369 2.780744 0.720767
v 0.205568 2.780744 0.713162
v 0.201884 2.780744 0.705000
v 0.205568 2.780744 0.696838
v 0.216369 2.780744 0.689233
v 0.233550 2.780744 0.682702
v 0.255942 2.780744 0.677691
v 0.282017 2.780744 0.674541
v 0.310000 2.780744 0.673466
v 0.337983 2.780744 0.674541
v 0.364058 2.780744 0.677691
v 0.386450 2.780744 0.682702
v 0.403631 2.780744 0.689233
v 0.414432 2.780744 0.696838
v 0.426991 2.751153 0.705000
v 0.423005 2.751153 0.713832
v 0.411317 2.751153 0.722061
v 0.392725 2.751153 0.729128
v 0.368496 2.751153 0.734551
v 0.340280 2.751153 0.737960
v 0.310000 2.751153 0.739122
v 0.279720 2.751153 0.737960
v 0.251504 2.751153 0.734551
v 0.227275 2.751153 0.729128
v 0.208683 2.751153 0.722061
v 0.196995 2.751153 0.713832
v 0.193009 2.751153 0.705000
v 0.196995 2.751153 0.696168
v 0.208683 2.751153 0.687939
v 0.227275 2.751153 0.680872
v 0.251504 2.751153 0.675449
v 0.279720 2.751153 0.672040
v 0.310000 2.751153 0.670878
v 0.340280 2.751153 0.672040
v 0.368496 2.751153 0.675449
v 0.392725 2.751153 0.680872
v 0.411317 2.751153 0.687939
v 0.423005 2.751153 0.696168
v 0.430000 2.720000 0.705000
v 0.425911 2.720000 0.714059
v 0.413923 2.720000 0.722500
v 0.394853 2.720000 0.729749
v 0.370000 2.720000 0.735311
v 0.341058 2.720000 0.738807
v 0.310000 2.720000 0.740000
v 0.278942 2.720000 0.738807
v 0.250000 2.720000 0.735311
v 0.225147 2.720000 0.729749
v 0.206077 2.720000 0.722500
v 0.194089 2.720000 0.714059
v 0.190000 2.720000 0.705000
v 0.194089 2.720000 0.695941
v 0.206077 2.720000 0.687500
v 0.225147 2.720000 0.680251
v 0.250000 2.720000 0.674689
v 0.278942 2.720000 0.671193
v 0.310000 2.720000 0.670000
v 0.341058 2.720000 0.671193
v 0.370000 2.720000 0.674689
v 0.394853 2.720000 0.680251
v 0.413923 2.720000 0.687500
v 0.425911 2.720000 0.695941
v 0.426991 2.688847 0.705000
v 0.423005 2.688847 0.713832
v 0.411317 2.688847 0.722061
v 0.392725 2.688847 0.729128
v 0.368496 2.688847 0.734551
v 0.340280 2.688847 0.737960
v 0.310000 2.688847 0.739122
v 0.279720 2.688847 0.737960
v 0.251504 2.688847 0.734551
v 0.227275 2.688847 0.729128
v 0.208683 2.688847 0.722061
v 0.196995 2.688847 0.713832
v 0.193009 2.688847 0.705000
v 0.196995 2.688847 0.696168
v 0.208683 2.688847 0.687939
v 0.227275 2.688847 0.680872
v 0.251504 2.688847 0.675449
v 0.279720 2.688847 0.672040
v 0.310000 2.688847 0.670878
v 0.340280 2.688847 0.672040
v 0.368496 2.688847 0.675449
v 0.392725 2.688847 0.680872
v 0.411317 2.688847 0.687939
v 0.423005 2.688847 0.696168
v 0.418116 2.659256 0.705000
v 0.414432 2.659256 0.713162
v 0.403631 2.659256 0.720767
v 0.386450 2.659256 0.727298
v 0.364058 2.659256 0.732309
v 0.337983 2.659256 0.735459
v 0.310000 2.659256 0.736534
v 0.282017 2.659256 0.735459
v 0.255942 2.659256 0.732309
v 0.233550 2.659256 0.727298
v 0.216369 2.659256 0.720767
v 0.205568 2.659256 0.713162
v 0.201884 2.659256 0.705000
v 0.205568 2.659256 0.696838
v 0.216369 2.659256 0.689233
v 0.233550 2.659256 0.682702
v 0.255942 2.659256 0.677691
v 0.282017 2.659256 0.674541
v 0.310000 2.659256 0.673466
v 0.337983 2.659256 0.674541
v 0.364058 2.659256 0.677691
v 0.386450 2.659256 0.682702
v 0.403631 2.659256 0.689233
v 0.414432 2.659256 0.696838
v 0.403820 2.632711 0.705000
v 0.400623 2.632711 0.712082
v 0.391250 2.632711 0.718682
v 0.376341 2.632711 0.724349
v 0.356910 2.632711 0.728698
v 0.334282 2.632711 0.731432
v 0.310000 2.632711 0.732364
v 0.285718 2.632711 0.731432
v 0.263090 2.632711 0.728698
v 0.243659 2.632711 0.724349
v 0.228750 2.632711 0.718682
v 0.219377 2.632711 0.712082
v 0.216180 2.632711 0.705000
v 0.219377 2.632711 0.697918
v 0.228750 2.632711 0.691318
v 0.243659 2.632711 0.685651
v 0.263090 2.632711 0.681302
v 0.285718 2.632711 0.678568
v 0.310000 2.632711 0.677636
v 0.334282 2.632711 0.678568
v 0.356910 2.632711 0.681302
v 0.376341 2.632711 0.685651
v 0.391250 2.632711 0.691318
v 0.400623 2.632711 0.697918
v 0.384819 2.610544 0.705000
v 0.382269 2.610544 0.710648
v 0.374795 2.610544 0.715911
v 0.362905 2.610544 0.720431
v 0.347409 2.610544 0.723899
v 0.329365 2.610544 0.726079
v 0.310000 2.610544 0.726822
v 0.290635 2.610544 0.726079
v 0.272591 2.610544 0.723899
v 0.257095 2.610544 0.720431
v 0.245205 2.610544 0.715911
v 0.237731 2.610544 0.710648
v 0.235181 2.610544 0.705000
v 0.237731 2.610544 0.699352
v 0.245205 2.610544 0.694089
v 0.257095 2.610544 0.689569
v 0.272591 2.610544 0.686101
v 0.290635 2.610544 0.683921
v 0.310000 2.610544 0.683178
v 0.329365 2.610544 0.683921
v 0.347409 2.610544 0.686101
v 0.362905 2.610544 0.689569
v 0.374795 2.610544 0.694089
v 0.382269 2.610544 0.699352
v 0.362066 2.593864 0.705000
v 0.360292 2.593864 0.708930
v 0.355091 2.593864 0.712593
v 0.346816 2.593864 0.715738
v 0.336033 2.593864 0.718151
v 0.323476 2.593864 0.719668
v 0.310000 2.593864 0.720186
v 0.296524 2.593864 0.719668
v 0.283967 2.593864 0.718151
v 0.273184 2.593864 0.715738
v 0.264909 2.593864 0.712593
v 0.259708 2.593864 0.708930
v 0.257934 2.593864 0.705000
v 0.259708 2.593864 0.701070
v 0.264909 2.593864 0.697407
v 0.273184 2.593864 0.694262
v 0.283967 2.593864 0.691849
v 0.296524 2.593864 0.690332
v 0.310000 2.593864 0.689814
v 0.323476 2.593864 0.690332
v 0.336033 2.593864 0.691849
v 0.346816 2.593864 0.694262
v 0.355091 2.593864 0.697407
v 0.360292 2.593864 0.701070
v 0.336703 2.583510 0.705000
v 0.335793 2.583510 0.707016
v 0.333125 2.583510 0.708894
v 0.328882 2.583510 0.710507
v 0.323351 2.583510 0.711745
v 0.316911 2.583510 0.712523
v 0.310000 2.583510 0.712788
v 0.303089 2.583510 0.712523
v 0.296649 2.583510 0.711745
v 0.291118 2.583510 0.710507
v 0.286875 2.583510 0.708894
v 0.284207 2.583510 0.707016
v 0.283297 2.583510 0.705000
v 0.284207 2.583510 0.702984
v 0.286875 2.583510 0.701106
v 0.291118 2.583510 0.699493
v 0.296649 2.583510 0.698255
v 0.303089 2.583510 0.697477
v 0.310000 2.583510 0.697212
v 0.316911 2.583510 0.697477
v 0.323351 2.583510 0.698255
v 0.328882 2.583510 0.699493
v 0.333125 2.583510 0.701106
v 0.335793 2.583510 0.702984
v 0.310000 2.580000 0.705000
v 0.310000 2.580000 0.705000
v 0.310000 2.580000 0.705000
v 0.310000 2.580000 0.705000
v 0.310000 2.580000 0.705000
v 0.310000 2.580000 0.705000
v 0.310000 2.580000 0.705000
v 0.310000 2.580000 0.705000
v 0.310000 2.580000 0.705000
v 0.310000 2.580000 0.705000
v 0.310000 2.580000 0.705000
v 0.310000 2.580000 0.705000
v 0.310000 2.580000 0.705000
v 0.310000 2.580000 0.705000
v 0.310000 2.580000 0.705000
v 0.310000 2.580000 0.705000
v 0.310000 2.580000 0.705000
v 0.310000 2.580000 0.705000
v 0.310000 2.580000 0.705000
v 0.310000 2.580000 0.705000
v 0.310000 2.580000 0.705000
v 0.310000 2.580000 0.705000
v 0.310000 2.580000 0.705000
v 0.310000 2.580000 0.705000
v 0.310000 2.802000 0.735000
v 0.310000 2.802000 0.735000
v 0.310000 2.802000 0.735000
v 0.310000 2.802000 0.735000
v 0.310000 2.802000 0.735000
v 0.310000 2.802000 0.735000
v 0.310000 2.802000 0.735000
v 0.310000 2.802000 0.735000
v 0.310000 2.802000 0.735000
v 0.310000 2.802000 0.735000
v 0.310000 2.802000 0.735000
v 0.310000 2.802000 0.735000
v 0.310000 2.802000 0.735000
v 0.310000 2.802000 0.735000
v 0.310000 2.802000 0.735000
v 0.310000 2.802000 0.735000
v 0.310000 2.802000 0.735000
v 0.310000 2.802000 0.735000
v 0.310000 2.802000 0.735000
v 0.310000 2.802000 0.735000
v 0.326823 2.799206 0.735000
v 0.326000 2.799206 0.736440
v 0.323610 2.799206 0.737738
v 0.319888 2.799206 0.738769
v 0.315199 2.799206 0.739431
v 0.310000 2.799206 0.739659
v 0.304801 2.799206 0.739431
v 0.300112 2.799206 0.738769
v 0.296390 2.799206 0.737738
v 0.294000 2.799206 0.736440
v 0.293177 2.799206 0.735000
v 0.294000 2.799206 0.733560
v 0.296390 2.799206 0.732262
v 0.300112 2.799206 0.731231
v 0.304801 2.799206 0.730569
v 0.310000 2.799206 0.730341
v 0.315199 2.799206 0.730569
v 0.319888 2.799206 0.731231
v 0.323610 2.799206 0.732262
v 0.326000 2.799206 0.733560
v 0.342500 2.791014 0.735000
v 0.340909 2.791014 0.737781
v 0.336293 2.791014 0.740290
v 0.329103 2.791014 0.742281
v 0.320043 2.791014 0.743560
v 0.310000 2.791014 0.744000
v 0.299957 2.791014 0.743560
v 0.290897 2.791014 0.742281
v 0.283707 2.791014 0.740290
v 0.279091 2.791014 0.737781
v 0.277500 2.791014 0.735000
v 0.279091 2.791014 0.732219
v 0.283707 2.791014 0.729710
v 0.290897 2.791014 0.727719
v 0.299957 2.791014 0.726440
v 0.310000 2.791014 0.726000
v 0.320043 2.791014 0.726440
v 0.329103 2.791014 0.727719
v 0.336293 2.791014 0.729710
v 0.340909 2.791014 0.732219
v 0.355962 2.777983 0.735000
v 0.353712 2.777983 0.738933
v 0.347184 2.777983 0.742481
v 0.337016 2.777983 0.745297
v 0.324203 2.777983 0.747105
v 0.310000 2.777983 0.747728
v 0.295797 2.777983 0.747105
v 0.282984 2.777983 0.745297
v 0.272816 2.777983 0.742481
v 0.266288 2.777983 0.738933
v 0.264038 2.777983 0.735000
v 0.266288 2.777983 0.731067
v 0.272816 2.777983 0.727519
v 0.282984 2.777983 0.724703
v 0.295797 2.777983 0.722895
v 0.310000 2.777983 0.722272
v 0.324203 2.777983 0.722895
v 0.337016 2.777983 0.724703
v 0.347184 2.777983 0.727519
v 0.353712 2.777983 0.731067
v 0.366292 2.761000 0.735000
v 0.363537 2.761000 0.739817
v 0.355541 2.761000 0.744163
v 0.343087 2.761000 0.747611
v 0.327395 2.761000 0.749826
v 0.310000 2.761000 0.750588
v 0.292605 2.761000 0.749826
v 0.276913 2.761000 0.747611
v 0.264459 2.761000 0.744163
v 0.256463 2.761000 0.739817
v 0.253708 2.761000 0.735000
v 0.256463 2.761000 0.730183
v 0.264459 2.761000 0.725837
v 0.276913 2.761000 0.722389
v 0.292605 2.761000 0.720174
v 0.310000 2.761000 0.719412
v 0.327395 2.761000 0.720174
v 0.343087 2.761000 0.722389
v 0.355541 2.761000 0.725837
v 0.363537 2.761000 0.730183
v 0.372785 2.741223 0.735000
v 0.369712 2.741223 0.740373
v 0.360794 2.741223 0.745220
v 0.346904 2.741223 0.749066
v 0.329402 2.741223 0.751536
v 0.310000 2.741223 0.752387
v 0.290598 2.741223 0.751536
v 0.273096 2.741223 0.749066
v 0.259206 2.741223 0.745220
v 0.250288 2.741223 0.740373
v 0.247215 2.741223 0.735000
v 0.250288 2.741223 0.729627
v 0.259206 2.741223 0.724780
v 0.273096 2.741223 0.720934
v 0.290598 2.741223 0.718464
v 0.310000 2.741223 0.717613
v 0.329402 2.741223 0.718464
v 0.346904 2.741223 0.720934
v 0.360794 2.741223 0.724780
v 0.369712 2.741223 0.729627
v 0.375000 2.720000 0.735000
v 0.371819 2.720000 0.740562
v 0.362586 2.720000 0.745580
v 0.348206 2.720000 0.749562
v 0.330086 2.720000 0.752119
v 0.310000 2.720000 0.753000
v 0.289914 2.720000 0.752119
v 0.271794 2.720000 0.749562
v 0.257414 2.720000 0.745580
v 0.248181 2.720000 0.740562
v 0.245000 2.720000 0.735000
v 0.248181 2.720000 0.729438
v 0.257414 2.720000 0.724420
v 0.271794 2.720000 0.720438
v 0.289914 2.720000 0.717881
v 0.310000 2.720000 0.717000
v 0.330086 2.720000 0.717881
v 0.348206 2.720000 0.720438
v 0.362586 2.720000 0.724420
v 0.371819 2.720000 0.729438
v 0.372785 2.698777 0.735000
v 0.369712 2.698777 0.740373
v 0.360794 2.698777 0.745220
v 0.346904 2.698777 0.749066
v 0.329402 2.698777 0.751536
v 0.310000 2.698777 0.752387
v 0.290598 2.698777 0.751536
v 0.273096 2.698777 0.749066
v 0.259206 2.698777 0.745220
v 0.250288 2.698777 0.740373
v 0.247215 2.698777 0.735000
v 0.250288 2.698777 0.729627
v 0.259206 2.698777 0.724780
v 0.273096 2.698777 0.720934
v 0.290598 2.698777 0.718464
v 0.310000 2.698777 0.717613
v 0.329402 2.698777 0.718464
v 0.346904 2.698777 0.720934
v 0.360794 2.698777 0.724780
v 0.369712 2.698777 0.729627
v 0.366292 2.679000 0.735000
v 0.363537 2.679000 0.739817
v 0.355541 2.679000 0.744163
v 0.343087 2.679000 0.747611
v 0.327395 2.679000 0.749826
v 0.310000 2.679000 0.750588
v 0.292605 2.679000 0.749826
v 0.276913 2.679000 0.747611
v 0.264459 2.679000 0.744163
v 0.256463 2.679000 0.739817
v 0.253708 2.679000 0.735000
v 0.256463 2.679000 0.730183
v 0.264459 2.679000 0.725837
v 0.276913 2.679000 0.722389
v 0.292605 2.679000 0.720174
v 0.310000 2.679000 0.719412
v 0.327395 2.679000 0.720174
v 0.343087 2.679000 0.722389
v 0.355541 2.679000 0.725837
v 0.363537 2.679000 0.730183
v 0.355962 2.662017 0.735000
v 0.353712 2.662017 0.738933
v 0.347184 2.662017 0.742481
v 0.337016 2.662017 0.745297
v 0.324203 2.662017 0.747105
v 0.310000 2.662017 0.747728
v 0.295797 2.662017 0.747105
v 0.282984 2.662017 0.745297
v 0.272816 2.662017 0.742481
v 0.266288 2.662017 0.738933
v 0.264038 2.662017 0.735000
v 0.266288 2.662017 0.731067
v 0.272816 2.662017 0.727519
v 0.282984 2.662017 0.724703
v 0.295797 2.662017 0.722895
v 0.310000 2.662017 0.722272
v 0.324203 2.662017 0.722895
v 0.337016 2.662017 0.724703
v 0.347184 2.662017 0.727519
v 0.353712 2.662017 0.731067
v 0.342500 2.648986 0.735000
v 0.340909 2.648986 0.737781
v 0.336293 2.648986 0.740290
v 0.329103 2.648986 0.742281
v 0.320043 2.648986 0.743560
v 0.310000 2.648986 0.744000
v 0.299957 2.648986 0.743560
v 0.290897 2.648986 0.742281
v 0.283707 2.648986 0.740290
v 0.279091 2.648986 0.737781
v 0.277500 2.648986 0.735000
v 0.279091 2.648986 0.732219
v 0.283707 2.648986 0.729710
v 0.290897 2.648986 0.727719
v 0.299957 2.648986 0.726440
v 0.310000 2.648986 0.726000
v 0.320043 2.648986 0.726440
v 0.329103 2.648986 0.727719
v 0.336293 2.648986 0.729710
v 0.340909 2.648986 0.732219
v 0.326823 2.640794 0.735000
v 0.326000 2.640794 0.736440
v 0.323610 2.640794 0.737738
v 0.319888 2.640794 0.738769
v 0.315199 2.640794 0.739431
v 0.310000 2.640794 0.739659
v 0.304801 2.640794 0.739431
v 0.300112 2.640794 0.738769
v 0.296390 2.640794 0.737738
v 0.294000 2.640794 0.736440
v 0.293177 2.640794 0.735000
v 0.294000 2.640794 0.733560
v 0.296390 2.640794 0.732262
v 0.300112 2.640794 0.731231
v 0.304801 2.640794 0.730569
v 0.310000 2.640794 0.730341
v 0.315199 2.640794 0.730569
v 0.319888 2.640794 0.731231
v 0.323610 2.640794 0.732262
v 0.326000 2.640794 0.733560
v 0.310000 2.638000 0.735000
v 0.310000 2.638000 0.735000
v 0.310000 2.638000 0.735000
v 0.310000 2.638000 0.735000
v 0.310000 2.638000 0.735000
v 0.310000 2.638000 0.735000
v 0.310000 2.638000 0.735000
v 0.310000 2.638000 0.735000
v 0.310000 2.638000 0.735000
v 0.310000 2.638000 0.735000
v 0.310000 2.638000 0.735000
v 0.310000 2.638000 0.735000
v 0.310000 2.638000 0.735000
v 0.310000 2.638000 0.735000
v 0.310000 2.638000 0.735000
v 0.310000 2.638000 0.735000
v 0.310000 2.638000 0.735000
v 0.310000 2.638000 0.735000
v 0.310000 2.638000 0.735000
v 0.310000 2.638000 0.735000
v 0.285000 2.812000 0.755000
v 0.285000 2.812000 0.755000
v 0.285000 2.812000 0.755000
v 0.285000 2.812000 0.755000
v 0.285000 2.812000 0.755000
v 0.285000 2.812000 0.755000
v 0.285000 2.812000 0.755000
v 0.285000 2.812000 0.755000
v 0.285000 2.812000 0.755000
v 0.285000 2.812000 0.755000
v 0.285000 2.812000 0.755000
v 0.285000 2.812000 0.755000
v 0.294184 2.809564 0.755000
v 0.292954 2.809564 0.756722
v 0.289592 2.809564 0.757983
v 0.285000 2.809564 0.758444
v 0.280408 2.809564 0.757983
v 0.277046 2.809564 0.756722
v 0.275816 2.809564 0.755000
v 0.277046 2.809564 0.753278
v 0.280408 2.809564 0.752017
v 0.285000 2.809564 0.751556
v 0.289592 2.809564 0.752017
v 0.292954 2.809564 0.753278
v 0.301971 2.802627 0.755000
v 0.299697 2.802627 0.758182
v 0.293485 2.802627 0.760511
v 0.285000 2.802627 0.761364
v 0.276515 2.802627 0.760511
v 0.270303 2.802627 0.758182
v 0.268029 2.802627 0.755000
v 0.270303 2.802627 0.751818
v 0.276515 2.802627 0.749489
v 0.285000 2.802627 0.748636
v 0.293485 2.802627 0.749489
v 0.299697 2.802627 0.751818
v 0.307173 2.792246 0.755000
v 0.304202 2.792246 0.759157
v 0.296087 2.792246 0.762201
v 0.285000 2.792246 0.763315
v 0.273913 2.792246 0.762201
v 0.265798 2.792246 0.759157
v 0.262827 2.792246 0.755000
v 0.265798 2.792246 0.750843
v 0.273913 2.792246 0.747799
v 0.285000 2.792246 0.746685
v 0.296087 2.792246 0.747799
v 0.304202 2.792246 0.750843
v 0.309000 2.780000 0.755000
v 0.305785 2.780000 0.759500
v 0.297000 2.780000 0.762794
v 0.285000 2.780000 0.764000
v 0.273000 2.780000 0.762794
v 0.264215 2.780000 0.759500
v 0.261000 2.780000 0.755000
v 0.264215 2.780000 0.750500
v 0.273000 2.780000 0.747206
v 0.285000 2.780000 0.746000
v 0.297000 2.780000 0.747206
v 0.305785 2.780000 0.750500
v 0.307173 2.767754 0.755000
v 0.304202 2.767754 0.759157
v 0.296087 2.767754 0.762201
v 0.285000 2.767754 0.763315
v 0.273913 2.767754 0.762201
v 0.265798 2.767754 0.759157
v 0.262827 2.767754 0.755000
v 0.265798 2.767754 0.750843
v 0.273913 2.767754 0.747799
v 0.285000 2.767754 0.746685
v 0.296087 2.767754 0.747799
v 0.304202 2.767754 0.750843
v 0.301971 2.757373 0.755000
v 0.299697 2.757373 0.758182
v 0.293485 2.757373 0.760511
v 0.285000 2.757373 0.761364
v 0.276515 2.757373 0.760511
v 0.270303 2.757373 0.758182
v 0.268029 2.757373 0.755000
v 0.270303 2.757373 0.751818
v 0.276515 2.757373 0.749489
v 0.285000 2.757373 0.748636
v 0.293485 2.757373 0.749489
v 0.299697 2.757373 0.751818
v 0.294184 2.750436 0.755000
v 0.292954 2.750436 0.756722
v 0.289592 2.750436 0.757983
v 0.285000 2.750436 0.758444
v 0.280408 2.750436 0.757983
v 0.277046 2.750436 0.756722
v 0.275816 2.750436 0.755000
v 0.277046 2.750436 0.753278
v 0.280408 2.750436 0.752017
v 0.285000 2.750436 0.751556
v 0.289592 2.750436 0.752017
v 0.292954 2.750436 0.753278
v 0.285000 2.748000 0.755000
v 0.285000 2.748000 0.755000
v 0.285000 2.748000 0.755000
v 0.285000 2.748000 0.755000
v 0.285000 2.748000 0.755000
v 0.285000 2.748000 0.755000
v 0.285000 2.748000 0.755000
v 0.285000 2.748000 0.755000
v 0.285000 2.748000 0.755000
v 0.285000 2.748000 0.755000
v 0.285000 2.748000 0.755000
v 0.285000 2.748000 0.755000
v -0.150319 3.007648 0.695000
v -0.146358 3.012730 0.710556
v -0.136795 3.025000 0.717000
v -0.127232 3.037270 0.710556
v -0.123270 3.042352 0.695000
v -0.127232 3.037270 0.679444
v -0.136795 3.025000 0.673000
v -0.146358 3.012730 0.679444
v -0.157418 3.012696 0.695000
v -0.153899 3.018094 0.710556
v -0.145403 3.031126 0.717000
v -0.136907 3.044157 0.710556
v -0.133388 3.049555 0.695000
v -0.136907 3.044157 0.679444
v -0.145403 3.031126 0.673000
v -0.153899 3.018094 0.679444
v -0.165698 3.017653 0.695000
v -0.162588 3.023296 0.710556
v -0.155079 3.036920 0.717000
v -0.147570 3.050544 0.710556
v -0.144460 3.056187 0.695000
v -0.147570 3.050544 0.679444
v -0.155079 3.036920 0.673000
v -0.162588 3.023296 0.679444
v -0.175093 3.022423 0.695000
v -0.172359 3.028258 0.710556
v -0.165760 3.042345 0.717000
v -0.159160 3.056432 0.710556
v -0.156426 3.062267 0.695000
v -0.159160 3.056432 0.679444
v -0.165760 3.042345 0.673000
v -0.172359 3.028258 0.679444
v -0.185523 3.026930 0.695000
v -0.183136 3.032916 0.710556
v -0.177375 3.047366 0.717000
v -0.171615 3.061816 0.710556
v -0.169228 3.067802 0.695000
v -0.171615 3.061816 0.679444
v -0.177375 3.047366 0.673000
v -0.183136 3.032916 0.679444
v -0.196899 3.031109 0.695000
v -0.194835 3.037213 0.710556
v -0.189852 3.051950 0.717000
v -0.184868 3.066686 0.710556
v -0.182804 3.072791 0.695000
v -0.184868 3.066686 0.679444
v -0.189852 3.051950 0.673000
v -0.194835 3.037213 0.679444
v -0.209128 3.034907 0.695000
v -0.207365 3.041105 0.710556
v -0.203107 3.056067 0.717000
v -0.198849 3.071029 0.710556
v -0.197086 3.077227 0.695000
v -0.198849 3.071029 0.679444
v -0.203107 3.056067 0.673000
v -0.207365 3.041105 0.679444
v -0.222112 3.038280 0.695000
v -0.220631 3.044551 0.710556
v -0.217055 3.059691 0.717000
v -0.213480 3.074831 0.710556
v -0.211999 3.081102 0.695000
v -0.213480 3.074831 0.679444
v -0.217055 3.059691 0.673000
v -0.220631 3.044551 0.679444
v -0.235749 3.041192 0.695000
v -0.234536 3.047520 0.710556
v -0.231607 3.062798 0.717000
v -0.228677 3.078076 0.710556
v -0.227464 3.084405 0.695000
v -0.228677 3.078076 0.679444
v -0.231607 3.062798 0.673000
v -0.234536 3.047520 0.679444
v -0.249935 3.043612 0.695000
v -0.248978 3.049985 0.710556
v -0.246666 3.065368 0.717000
v -0.244355 3.080752 0.710556
v -0.243398 3.087124 0.695000
v -0.244355 3.080752 0.679444
v -0.246666 3.065368 0.673000
v -0.248978 3.049985 0.679444
v -0.264562 3.045519 0.695000
v -0.263852 3.051923 0.710556
v -0.262137 3.067385 0.717000
v -0.260422 3.082846 0.710556
v -0.259712 3.089251 0.695000
v -0.260422 3.082846 0.679444
v -0.262137 3.067385 0.673000
v -0.263852 3.051923 0.679444
v -0.279522 3.046893 0.695000
v -0.279052 3.053320 0.710556
v -0.277918 3.068835 0.717000
v -0.276783 3.084349 0.710556
v -0.276313 3.090776 0.695000
v -0.276783 3.084349 0.679444
v -0.277918 3.068835 0.673000
v -0.279052 3.053320 0.679444
v -0.294705 3.047723 0.695000
v -0.294471 3.054162 0.710556
v -0.293907 3.069708 0.717000
v -0.293342 3.085254 0.710556
v -0.293108 3.091694 0.695000
v -0.293342 3.085254 0.679444
v -0.293907 3.069708 0.673000
v -0.294471 3.054162 0.679444
v -0.310000 3.048000 0.695000
v -0.310000 3.054444 0.710556
v -0.310000 3.070000 0.717000
v -0.310000 3.085556 0.710556
v -0.310000 3.092000 0.695000
v -0.310000 3.085556 0.679444
v -0.310000 3.070000 0.673000
v -0.310000 3.054444 0.679444
v -0.325295 3.047723 0.695000
v -0.325529 3.054162 0.710556
v -0.326093 3.069708 0.717000
v -0.326658 3.085254 0.710556
v -0.326892 3.091694 0.695000
v -0.326658 3.085254 0.679444
v -0.326093 3.069708 0.673000
v -0.325529 3.054162 0.679444
v -0.340478 3.046893 0.695000
v -0.340948 3.053320 0.710556
v -0.342082 3.068835 0.717000
v -0.343217 3.084349 0.710556
v -0.343687 3.090776 0.695000
v -0.343217 3.084349 0.679444
v -0.342082 3.068835 0.673000
v -0.340948 3.053320 0.679444
v -0.355438 3.045519 0.695000
v -0.356148 3.051923 0.710556
v -0.357863 3.067385 0.717000
v -0.359578 3.082846 0.710556
v -0.360288 3.089251 0.695000
v -0.359578 3.082846 0.679444
v -0.357863 3.067385 0.673000
v -0.356148 3.051923 0.679444
v -0.370065 3.043612 0.695000
v -0.371022 3.049985 0.710556
v -0.373334 3.065368 0.717000
v -0.375645 3.080752 0.710556
v -0.376602 3.087124 0.695000
v -0.375645 3.080752 0.679444
v -0.373334 3.065368 0.673000
v -0.371022 3.049985 0.679444
v -0.384251 3.041192 0.695000
v -0.385464 3.047520 0.710556
v -0.388393 3.062798 0.717000
v -0.391323 3.078076 0.710556
v -0.392536 3.084405 0.695000
v -0.391323 3.078076 0.679444
v -0.388393 3.062798 0.673000
v -0.385464 3.047520 0.679444
v -0.397888 3.038280 0.695000
v -0.399369 3.044551 0.710556
v -0.402945 3.059691 0.717000
v -0.406520 3.074831 0.710556
v -0.408001 3.081102 0.695000
v -0.406520 3.074831 0.679444
v -0.402945 3.059691 0.673000
v -0.399369 3.044551 0.679444
v -0.410872 3.034907 0.695000
v -0.412635 3.041105 0.710556
v -0.416893 3.056067 0.717000
v -0.421151 3.071029 0.710556
v -0.422914 3.077227 0.695000
v -0.421151 3.071029 0.679444
v -0.416893 3.056067 0.673000
v -0.412635 3.041105 0.679444
v -0.423101 3.031109 0.695000
v -0.425165 3.037213 0.710556
v -0.430148 3.051950 0.717000
v -0.435132 3.066686 0.710556
v -0.437196 3.072791 0.695000
v -0.435132 3.066686 0.679444
v -0.430148 3.051950 0.673000
v -0.425165 3.037213 0.679444
v -0.434477 3.026930 0.695000
v -0.436864 3.032916 0.710556
v -0.442625 3.047366 0.717000
v -0.448385 3.061816 0.710556
v -0.450772 3.067802 0.695000
v -0.448385 3.061816 0.679444
v -0.442625 3.047366 0.673000
v -0.436864 3.032916 0.679444
v -0.444907 3.022423 0.695000
v -0.447641 3.028258 0.710556
v -0.454240 3.042345 0.717000
v -0.460840 3.056432 0.710556
v -0.463574 3.062267 0.695000
v -0.460840 3.056432 0.679444
v -0.454240 3.042345 0.673000
v -0.447641 3.028258 0.679444
v -0.454302 3.017653 0.695000
v -0.457412 3.023296 0.710556
v -0.464921 3.036920 0.717000
v -0.472430 3.050544 0.710556
v -0.475540 3.056187 0.695000
v -0.472430 3.050544 0.679444
v -0.464921 3.036920 0.673000
v -0.457412 3.023296 0.679444
v -0.462582 3.012696 0.695000
v -0.466101 3.018094 0.710556
v -0.474597 3.031126 0.717000
v -0.483093 3.044157 0.710556
v -0.486612 3.049555 0.695000
v -0.483093 3.044157 0.679444
v -0.474597 3.031126 0.673000
v -0.466101 3.018094 0.679444
v -0.469681 3.007648 0.695000
v -0.473642 3.012730 0.710556
v -0.483205 3.025000 0.717000
v -0.492768 3.037270 0.710556
v -0.496730 3.042352 0.695000
v -0.492768 3.037270 0.679444
v -0.483205 3.025000 0.673000
v -0.473642 3.012730 0.679444
v 0.469681 3.007648 0.695000
v 0.473642 3.012730 0.710556
v 0.483205 3.025000 0.717000
v 0.492768 3.037270 0.710556
v 0.496730 3.042352 0.695000
v 0.492768 3.037270 0.679444
v 0.483205 3.025000 0.673000
v 0.473642 3.012730 0.679444
v 0.462582 3.012696 0.695000
v 0.466101 3.018094 0.710556
v 0.474597 3.031126 0.717000
v 0.483093 3.044157 0.710556
v 0.486612 3.049555 0.695000
v 0.483093 3.044157 0.679444
v 0.474597 3.031126 0.673000
v 0.466101 3.018094 0.679444
v 0.454302 3.017653 0.695000
v 0.457412 3.023296 0.710556
v 0.464921 3.036920 0.717000
v 0.472430 3.050544 0.710556
v 0.475540 3.056187 0.695000
v 0.472430 3.050544 0.679444
v 0.464921 3.036920 0.673000
v 0.457412 3.023296 0.679444
v 0.444907 3.022423 0.695000
v 0.447641 3.028258 0.710556
v 0.454240 3.042345 0.717000
v 0.460840 3.056432 0.710556
v 0.463574 3.062267 0.695000
v 0.460840 3.056432 0.679444
v 0.454240 3.042345 0.673000
v 0.447641 3.028258 0.679444
v 0.434477 3.026930 0.695000
v 0.436864 3.032916 0.710556
v 0.442625 3.047366 0.717000
v 0.448385 3.061816 0.710556
v 0.450772 3.067802 0.695000
v 0.448385 3.061816 0.679444
v 0.442625 3.047366 0.673000
v 0.436864 3.032916 0.679444
v 0.423101 3.031109 0.695000
v 0.425165 3.037213 0.710556
v 0.430148 3.051950 0.717000
v 0.435132 3.066686 0.710556
v 0.437196 3.072791 0.695000
v 0.435132 3.066686 0.679444
v 0.430148 3.051950 0.673000
v 0.425165 3.037213 0.679444
v 0.410872 3.034907 0.695000
v 0.412635 3.041105 0.710556
v 0.416893 3.056067 0.717000
v 0.421151 3.071029 0.710556
v 0.422914 3.077227 0.695000
v 0.421151 3.071029 0.679444
v 0.416893 3.056067 0.673000
v 0.412635 3.041105 0.679444
v 0.397888 3.038280 0.695000
v 0.399369 3.044551 0.710556
v 0.402945 3.059691 0.717000
v 0.406520 3.074831 0.710556
v 0.408001 3.081102 0.695000
v 0.406520 3.074831 0.679444
v 0.402945 3.059691 0.673000
v 0.399369 3.044551 0.679444
v 0.384251 3.041192 0.695000
v 0.385464 3.047520 0.710556
v 0.388393 3.062798 0.717000
v 0.391323 3.078076 0.710556
v 0.392536 3.084405 0.695000
v 0.391323 3.078076 0.679444
v 0.388393 3.062798 0.673000
v 0.385464 3.047520 0.679444
v 0.370065 3.043612 0.695000
v 0.371022 3.049985 0.710556
v 0.373334 3.065368 0.717000
v 0.375645 3.080752 0.710556
v 0.376602 3.087124 0.695000
v 0.375645 3.080752 0.679444
v 0.373334 3.065368 0.673000
v 0.371022 3.049985 0.679444
v 0.355438 3.045519 0.695000
v 0.356148 3.051923 0.710556
v 0.357863 3.067385 0.717000
v 0.359578 3.082846 0.710556
v 0.360288 3.089251 0.695000
v 0.359578 3.082846 0.679444
v 0.357863 3.067385 0.673000
v 0.356148 3.051923 0.679444
v 0.340478 3.046893 0.695000
v 0.340948 3.053320 0.710556
v 0.342082 3.068835 0.717000
v 0.343217 3.084349 0.710556
v 0.343687 3.090776 0.695000
v 0.343217 3.084349 0.679444
v 0.342082 3.068835 0.673000
v 0.340948 3.053320 0.679444
v 0.325295 3.047723 0.695000
v 0.325529 3.054162 0.710556
v 0.326093 3.069708 0.717000
v 0.326658 3.085254 0.710556
v 0.326892 3.091694 0.695000
v 0.326658 3.085254 0.679444
v 0.326093 3.069708 0.673000
v 0.325529 3.054162 0.679444
v 0.310000 3.048000 0.695000
v 0.310000 3.054444 0.710556
v 0.310000 3.070000 0.717000
v 0.310000 3.085556 0.710556
v 0.310000 3.092000 0.695000
v 0.310000 3.085556 0.679444
v 0.310000 3.070000 0.673000
v 0.310000 3.054444 0.679444
v 0.294705 3.047723 0.695000
v 0.294471 3.054162 0.710556
v 0.293907 3.069708 0.717000
v 0.293342 3.085254 0.710556
v 0.293108 3.091694 0.695000
v 0.293342 3.085254 0.679444
v 0.293907 3.069708 0.673000
v 0.294471 3.054162 0.679444
v 0.279522 3.046893 0.695000
v 0.279052 3.053320 0.710556
v 0.277918 3.068835 0.717000
v 0.276783 3.084349 0.710556
v 0.276313 3.090776 0.695000
v 0.276783 3.084349 0.679444
v 0.277918 3.068835 0.673000
v 0.279052 3.053320 0.679444
v 0.264562 3.045519 0.695000
v 0.263852 3.051923 0.710556
v 0.262137 3.067385 0.717000
v 0.260422 3.082846 0.710556
v 0.259712 3.089251 0.695000
v 0.260422 3.082846 0.679444
v 0.262137 3.067385 0.673000
v 0.263852 3.051923 0.679444
v 0.249935 3.043612 0.695000
v 0.248978 3.049985 0.710556
v 0.246666 3.065368 0.717000
v 0.244355 3.080752 0.710556
v 0.243398 3.087124 0.695000
v 0.244355 3.080752 0.679444
v 0.246666 3.065368 0.673000
v 0.248978 3.049985 0.679444
v 0.235749 3.041192 0.695000
v 0.234536 3.047520 0.710556
v 0.231607 3.062798 0.717000
v 0.228677 3.078076 0.710556
v 0.227464 3.084405 0.695000
v 0.228677 3.078076 0.679444
v 0.231607 3.062798 0.673000
v 0.234536 3.047520 0.679444
v 0.222112 3.038280 0.695000
v 0.220631 3.044551 0.710556
v 0.217055 3.059691 0.717000
v 0.213480 3.074831 0.710556
v 0.211999 3.081102 0.695000
v 0.213480 3.074831 0.679444
v 0.217055 3.059691 0.673000
v 0.220631 3.044551 0.679444
v 0.209128 3.034907 0.695000
v 0.207365 3.041105 0.710556
v 0.203107 3.056067 0.717000
v 0.198849 3.071029 0.710556
v 0.197086 3.077227 0.695000
v 0.198849 3.071029 0.679444
v 0.203107 3.056067 0.673000
v 0.207365 3.041105 0.679444
v 0.196899 3.031109 0.695000
v 0.194835 3.037213 0.710556
v 0.189852 3.051950 0.717000
v 0.184868 3.066686 0.710556
v 0.182804 3.072791 0.695000
v 0.184868 3.066686 0.679444
v 0.189852 3.051950 0.673000
v 0.194835 3.037213 0.679444
v 0.185523 3.026930 0.695000
v 0.183136 3.032916 0.710556
v 0.177375 3.047366 0.717000
v 0.171615 3.061816 0.710556
v 0.169228 3.067802 0.695000
v 0.171615 3.061816 0.679444
v 0.177375 3.047366 0.673000
v 0.183136 3.032916 0.679444
v 0.175093 3.022423 0.695000
v 0.172359 3.028258 0.710556
v 0.165760 3.042345 0.717000
v 0.159160 3.056432 0.710556
v 0.156426 3.062267 0.695000
v 0.159160 3.056432 0.679444
v 0.165760 3.042345 0.673000
v 0.172359 3.028258 0.679444
v 0.165698 3.017653 0.695000
v 0.162588 3.023296 0.710556
v 0.155079 3.036920 0.717000
v 0.147570 3.050544 0.710556
v 0.144460 3.056187 0.695000
v 0.147570 3.050544 0.679444
v 0.155079 3.036920 0.673000
v 0.162588 3.023296 0.679444
v 0.157418 3.012696 0.695000
v 0.153899 3.018094 0.710556
v 0.145403 3.031126 0.717000
v 0.136907 3.044157 0.710556
v 0.133388 3.049555 0.695000
v 0.136907 3.044157 0.679444
v 0.145403 3.031126 0.673000
v 0.153899 3.018094 0.679444
v 0.150319 3.007648 0.695000
v 0.146358 3.012730 0.710556
v 0.136795 3.025000 0.717000
v 0.127232 3.037270 0.710556
v 0.123270 3.042352 0.695000
v 0.127232 3.037270 0.679444
v 0.136795 3.025000 0.673000
v 0.146358 3.012730 0.679444
v 0.000000 2.600000 0.720000
v 0.000000 2.600000 0.720000
v 0.000000 2.600000 0.720000
v 0.000000 2.600000 0.720000
v 0.000000 2.600000 0.720000
v 0.000000 2.600000 0.720000
v 0.000000 2.600000 0.720000
v 0.000000 2.600000 0.720000
v 0.000000 2.600000 0.720000
v 0.000000 2.600000 0.720000
v 0.000000 2.600000 0.720000
v 0.000000 2.600000 0.720000
v 0.000000 2.600000 0.720000
v 0.000000 2.600000 0.720000
v 0.000000 2.600000 0.720000
v 0.000000 2.600000 0.720000
v 0.000000 2.600000 0.720000
v 0.000000 2.600000 0.720000
v 0.000000 2.600000 0.720000
v 0.000000 2.600000 0.720000
v 0.000000 2.600000 0.720000
v 0.000000 2.600000 0.720000
v 0.000000 2.600000 0.720000
v 0.000000 2.600000 0.720000
v 0.031153 2.597493 0.720000
v 0.030091 2.597493 0.726335
v 0.026979 2.597493 0.732239
v 0.022028 2.597493 0.737308
v 0.015576 2.597493 0.741198
v 0.008063 2.597493 0.743643
v 0.000000 2.597493 0.744477
v -0.008063 2.597493 0.743643
v -0.015576 2.597493 0.741198
v -0.022028 2.597493 0.737308
v -0.026979 2.597493 0.732239
v -0.030091 2.597493 0.726335
v -0.031153 2.597493 0.720000
v -0.030091 2.597493 0.713665
v -0.026979 2.597493 0.707761
v -0.022028 2.597493 0.702692
v -0.015576 2.597493 0.698802
v -0.008063 2.597493 0.696357
v -0.000000 2.597493 0.695523
v 0.008063 2.597493 0.696357
v 0.015576 2.597493 0.698802
v 0.022028 2.597493 0.702692
v 0.026979 2.597493 0.707761
v 0.030091 2.597493 0.713665
v 0.060744 2.590097 0.720000
v 0.058674 2.590097 0.732353
v 0.052606 2.590097 0.743864
v 0.042952 2.590097 0.753748
v 0.030372 2.590097 0.761333
v 0.015722 2.590097 0.766101
v 0.000000 2.590097 0.767727
v -0.015722 2.590097 0.766101
v -0.030372 2.590097 0.761333
v -0.042952 2.590097 0.753748
v -0.052606 2.590097 0.743864
v -0.058674 2.590097 0.732353
v -0.060744 2.590097 0.720000
v -0.058674 2.590097 0.707647
v -0.052606 2.590097 0.696136
v -0.042952 2.590097 0.686252
v -0.030372 2.590097 0.678667
v -0.015722 2.590097 0.673899
v -0.000000 2.590097 0.672273
v 0.015722 2.590097 0.673899
v 0.030372 2.590097 0.678667
v 0.042952 2.590097 0.686252
v 0.052606 2.590097 0.696136
v 0.058674 2.590097 0.707647
v 0.087289 2.578183 0.720000
v 0.084314 2.578183 0.737751
v 0.075594 2.578183 0.754292
v 0.061722 2.578183 0.768496
v 0.043644 2.578183 0.779395
v 0.022592 2.578183 0.786247
v 0.000000 2.578183 0.788584
v -0.022592 2.578183 0.786247
v -0.043644 2.578183 0.779395
v -0.061722 2.578183 0.768496
v -0.075594 2.578183 0.754292
v -0.084314 2.578183 0.737751
v -0.087289 2.578183 0.720000
v -0.084314 2.578183 0.702249
v -0.075594 2.578183 0.685708
v -0.061722 2.578183 0.671504
v -0.043644 2.578183 0.660605
v -0.022592 2.578183 0.653753
v -0.000000 2.578183 0.651416
v 0.022592 2.578183 0.653753
v 0.043644 2.578183 0.660605
v 0.061722 2.578183 0.671504
v 0.075594 2.578183 0.685708
v 0.084314 2.578183 0.702249
v 0.109456 2.562349 0.720000
v 0.105727 2.562349 0.742259
v 0.094792 2.562349 0.763001
v 0.077397 2.562349 0.780812
v 0.054728 2.562349 0.794479
v 0.028329 2.562349 0.803071
v 0.000000 2.562349 0.806001
v -0.028329 2.562349 0.803071
v -0.054728 2.562349 0.794479
v -0.077397 2.562349 0.780812
v -0.094792 2.562349 0.763001
v -0.105727 2.562349 0.742259
v -0.109456 2.562349 0.720000
v -0.105727 2.562349 0.697741
v -0.094792 2.562349 0.676999
v -0.077397 2.562349 0.659188
v -0.054728 2.562349 0.645521
v -0.028329 2.562349 0.636929
v -0.000000 2.562349 0.633999
v 0.028329 2.562349 0.636929
v 0.054728 2.562349 0.645521
v 0.077397 2.562349 0.659188
v 0.094792 2.562349 0.676999
v 0.105727 2.562349 0.697741
v 0.126136 2.543388 0.720000
v 0.121838 2.543388 0.745651
v 0.109237 2.543388 0.769553
v 0.089191 2.543388 0.790079
v 0.063068 2.543388 0.805829
v 0.032646 2.543388 0.815730
v 0.000000 2.543388 0.819107
v -0.032646 2.543388 0.815730
v -0.063068 2.543388 0.805829
v -0.089191 2.543388 0.790079
v -0.109237 2.543388 0.769553
v -0.121838 2.543388 0.745651
v -0.126136 2.543388 0.720000
v -0.121838 2.543388 0.694349
v -0.109237 2.543388 0.670447
v -0.089191 2.543388 0.649921
v -0.063068 2.543388 0.634171
v -0.032646 2.543388 0.624270
v -0.000000 2.543388 0.620893
v 0.032646 2.543388 0.624270
v 0.063068 2.543388 0.634171
v 0.089191 2.543388 0.649921
v 0.109237 2.543388 0.670447
v 0.121838 2.543388 0.694349
v 0.136490 2.522252 0.720000
v 0.131839 2.522252 0.747756
v 0.118204 2.522252 0.773621
v 0.096513 2.522252 0.795832
v 0.068245 2.522252 0.812874
v 0.035326 2.522252 0.823588
v 0.000000 2.522252 0.827242
v -0.035326 2.522252 0.823588
v -0.068245 2.522252 0.812874
v -0.096513 2.522252 0.795832
v -0.118204 2.522252 0.773621
v -0.131839 2.522252 0.747756
v -0.136490 2.522252 0.720000
v -0.131839 2.522252 0.692244
v -0.118204 2.522252 0.666379
v -0.096513 2.522252 0.644168
v -0.068245 2.522252 0.627126
v -0.035326 2.522252 0.616412
v -0.000000 2.522252 0.612758
v 0.035326 2.522252 0.616412
v 0.068245 2.522252 0.627126
v 0.096513 2.522252 0.644168
v 0.118204 2.522252 0.666379
v 0.131839 2.522252 0.692244
v 0.140000 2.500000 0.720000
v 0.135230 2.500000 0.748470
v 0.121244 2.500000 0.775000
v 0.098995 2.500000 0.797782
v 0.070000 2.500000 0.815263
v 0.036235 2.500000 0.826252
v 0.000000 2.500000 0.830000
v -0.036235 2.500000 0.826252
v -0.070000 2.500000 0.815263
v -0.098995 2.500000 0.797782
v -0.121244 2.500000 0.775000
v -0.135230 2.500000 0.748470
v -0.140000 2.500000 0.720000
v -0.135230 2.500000 0.691530
v -0.121244 2.500000 0.665000
v -0.098995 2.500000 0.642218
v -0.070000 2.500000 0.624737
v -0.036235 2.500000 0.613748
v -0.000000 2.500000 0.610000
v 0.036235 2.500000 0.613748
v 0.070000 2.500000 0.624737
v 0.098995 2.500000 0.642218
v 0.121244 2.500000 0.665000
v 0.135230 2.500000 0.691530
v 0.136490 2.477748 0.720000
v 0.131839 2.477748 0.747756
v 0.118204 2.477748 0.773621
v 0.096513 2.477748 0.795832
v 0.068245 2.477748 0.812874
v 0.035326 2.477748 0.823588
v 0.000000 2.477748 0.827242
v -0.035326 2.477748 0.823588
v -0.068245 2.477748 0.812874
v -0.096513 2.477748 0.795832
v -0.118204 2.477748 0.773621
v -0.131839 2.477748 0.747756
v -0.136490 2.477748 0.720000
v -0.131839 2.477748 0.692244
v -0.118204 2.477748 0.666379
v -0.096513 2.477748 0.644168
v -0.068245 2.477748 0.627126
v -0.035326 2.477748 0.616412
v -0.000000 2.477748 0.612758
v 0.035326 2.477748 0.616412
v 0.068245 2.477748 0.627126
v 0.096513 2.477748 0.644168
v 0.118204 2.477748 0.666379
v 0.131839 2.477748 0.692244
v 0.126136 2.456612 0.720000
v 0.121838 2.456612 0.745651
v 0.109237 2.456612 0.769553
v 0.089191 2.456612 0.790079
v 0.063068 2.456612 0.805829
v 0.032646 2.456612 0.815730
v 0.000000 2.456612 0.819107
v -0.032646 2.456612 0.815730
v -0.063068 2.456612 0.805829
v -0.089191 2.456612 0.790079
v -0.109237 2.456612 0.769553
v -0.121838 2.456612 0.745651
v -0.126136 2.456612 0.720000
v -0.121838 2.456612 0.694349
v -0.109237 2.456612 0.670447
v -0.089191 2.456612 0.649921
v -0.063068 2.456612 0.634171
v -0.032646 2.456612 0.624270
v -0.000000 2.456612 0.620893
v 0.032646 2.456612 0.624270
v 0.063068 2.456612 0.634171
v 0.089191 2.456612 0.649921
v 0.109237 2.456612 0.670447
v 0.121838 2.456612 0.694349
v 0.109456 2.437651 0.720000
v 0.105727 2.437651 0.742259
v 0.094792 2.437651 0.763001
v 0.077397 2.437651 0.780812
v 0.054728 2.437651 0.794479
v 0.028329 2.437651 0.803071
v 0.000000 2.437651 0.806001
v -0.028329 2.437651 0.803071
v -0.054728 2.437651 0.794479
v -0.077397 2.437651 0.780812
v -0.094792 2.437651 0.763001
v -0.105727 2.437651 0.742259
v -0.109456 2.437651 0.720000
v -0.105727 2.437651 0.697741
v -0.094792 2.437651 0.676999
v -0.077397 2.437651 0.659188
v -0.054728 2.437651 0.645521
v -0.028329 2.437651 0.636929
v -0.000000 2.437651 0.633999
v 0.028329 2.437651 0.636929
v 0.054728 2.437651 0.645521
v 0.077397 2.437651 0.659188
v 0.094792 2.437651 0.676999
v 0.105727 2.437651 0.697741
v 0.087289 2.421817 0.720000
v 0.084314 2.421817 0.737751
v 0.075594 2.421817 0.754292
v 0.061722 2.421817 0.768496
v 0.043644 2.421817 0.779395
v 0.022592 2.421817 0.786247
v 0.000000 2.421817 0.788584
v -0.022592 2.421817 0.786247
v -0.043644 2.421817 0.779395
v -0.061722 2.421817 0.768496
v -0.075594 2.421817 0.754292
v -0.084314 2.421817 0.737751
v -0.087289 2.421817 0.720000
v -0.084314 2.421817 0.702249
v -0.075594 2.421817 0.685708
v -0.061722 2.421817 0.671504
v -0.043644 2.421817 0.660605
v -0.022592 2.421817 0.653753
v -0.000000 2.421817 0.651416
v 0.022592 2.421817 0.653753
v 0.043644 2.421817 0.660605
v 0.061722 2.421817 0.671504
v 0.075594 2.421817 0.685708
v 0.084314 2.421817 0.702249
v 0.060744 2.409903 0.720000
v 0.058674 2.409903 0.732353
v 0.052606 2.409903 0.743864
v 0.042952 2.409903 0.753748
v 0.030372 2.409903 0.761333
v 0.015722 2.409903 0.766101
v 0.000000 2.409903 0.767727
v -0.015722 2.409903 0.766101
v -0.030372 2.409903 0.761333
v -0.042952 2.409903 0.753748
v -0.052606 2.409903 0.743864
v -0.058674 2.409903 0.732353
v -0.060744 2.409903 0.720000
v -0.058674 2.409903 0.707647
v -0.052606 2.409903 0.696136
v -0.042952 2.409903 0.686252
v -0.030372 2.409903 0.678667
v -0.015722 2.409903 0.673899
v -0.000000 2.409903 0.672273
v 0.015722 2.409903 0.673899
v 0.030372 2.409903 0.678667
v 0.042952 2.409903 0.686252
v 0.052606 2.409903 0.696136
v 0.058674 2.409903 0.707647
v 0.031153 2.402507 0.720000
v 0.030091 2.402507 0.726335
v 0.026979 2.402507 0.732239
v 0.022028 2.402507 0.737308
v 0.015576 2.402507 0.741198
v 0.008063 2.402507 0.743643
v 0.000000 2.402507 0.744477
v -0.008063 2.402507 0.743643
v -0.015576 2.402507 0.741198
v -0.022028 2.402507 0.737308
v -0.026979 2.402507 0.732239
v -0.030091 2.402507 0.726335
v -0.031153 2.402507 0.720000
v -0.030091 2.402507 0.713665
v -0.026979 2.402507 0.707761
v -0.022028 2.402507 0.702692
v -0.015576 2.402507 0.698802
v -0.008063 2.402507 0.696357
v -0.000000 2.402507 0.695523
v 0.008063 2.402507 0.696357
v 0.015576 2.402507 0.698802
v 0.022028 2.402507 0.702692
v 0.026979 2.402507 0.707761
v 0.030091 2.402507 0.713665
v 0.000000 2.400000 0.720000
v 0.000000 2.400000 0.720000
v 0.000000 2.400000 0.720000
v 0.000000 2.400000 0.720000
v 0.000000 2.400000 0.720000
v 0.000000 2.400000 0.720000
v 0.000000 2.400000 0.720000
v -0.000000 2.400000 0.720000
v -0.000000 2.400000 0.720000
v -0.000000 2.400000 0.720000
v -0.000000 2.400000 0.720000
v -0.000000 2.400000 0.720000
v -0.000000 2.400000 0.720000
v -0.000000 2.400000 0.720000
v -0.000000 2.400000 0.720000
v -0.000000 2.400000 0.720000
v -0.000000 2.400000 0.720000
v -0.000000 2.400000 0.720000
v -0.000000 2.400000 0.720000
v 0.000000 2.400000 0.720000
v 0.000000 2.400000 0.720000
v 0.000000 2.400000 0.720000
v 0.000000 2.400000 0.720000
v 0.000000 2.400000 0.720000
v -0.202855 2.374143 0.745000
v -0.207149 2.369338 0.760556
v -0.217514 2.357738 0.767000
v -0.227879 2.346138 0.760556
v -0.232172 2.341333 0.745000
v -0.227879 2.346138 0.729444
v -0.217514 2.357738 0.723000
v -0.207149 2.369338 0.729444
v -0.196125 2.368683 0.745000
v -0.199963 2.363507 0.760556
v -0.209228 2.351011 0.767000
v -0.218494 2.338515 0.760556
v -0.222332 2.333339 0.745000
v -0.218494 2.338515 0.729444
v -0.209228 2.351011 0.723000
v -0.199963 2.363507 0.729444
v -0.188079 2.363215 0.745000
v -0.191496 2.357752 0.760556
v -0.199746 2.344564 0.767000
v -0.207997 2.331375 0.760556
v -0.211414 2.325913 0.745000
v -0.207997 2.331375 0.729444
v -0.199746 2.344564 0.723000
v -0.191496 2.357752 0.729444
v -0.178770 2.357846 0.745000
v -0.181802 2.352160 0.760556
v -0.189123 2.338434 0.767000
v -0.196443 2.324708 0.760556
v -0.199475 2.319022 0.745000
v -0.196443 2.324708 0.729444
v -0.189123 2.338434 0.723000
v -0.181802 2.352160 0.729444
v -0.168267 2.352662 0.745000
v -0.170947 2.346803 0.760556
v -0.177417 2.332656 0.767000
v -0.183888 2.318509 0.760556
v -0.186568 2.312649 0.745000
v -0.183888 2.318509 0.729444
v -0.177417 2.332656 0.723000
v -0.170947 2.346803 0.729444
v -0.156649 2.347737 0.745000
v -0.159007 2.341741 0.760556
v -0.164698 2.327263 0.767000
v -0.170389 2.312785 0.760556
v -0.172747 2.306788 0.745000
v -0.170389 2.312785 0.729444
v -0.164698 2.327263 0.723000
v -0.159007 2.341741 0.729444
v -0.144003 2.343131 0.745000
v -0.146063 2.337025 0.760556
v -0.151037 2.322285 0.767000
v -0.156010 2.307545 0.760556
v -0.158070 2.301440 0.745000
v -0.156010 2.307545 0.729444
v -0.151037 2.322285 0.723000
v -0.146063 2.337025 0.729444
v -0.130421 2.338892 0.745000
v -0.132205 2.332701 0.760556
v -0.136512 2.317752 0.767000
v -0.140820 2.302804 0.760556
v -0.142604 2.296613 0.745000
v -0.140820 2.302804 0.729444
v -0.136512 2.317752 0.723000
v -0.132205 2.332701 0.729444
v -0.115996 2.335064 0.745000
v -0.117522 2.328803 0.760556
v -0.121207 2.313690 0.767000
v -0.124892 2.298576 0.760556
v -0.126418 2.292316 0.745000
v -0.124892 2.298576 0.729444
v -0.121207 2.313690 0.723000
v -0.117522 2.328803 0.729444
v -0.100828 2.331680 0.745000
v -0.102111 2.325365 0.760556
v -0.105209 2.310121 0.767000
v -0.108307 2.294876 0.760556
v -0.109590 2.288561 0.745000
v -0.108307 2.294876 0.729444
v -0.105209 2.310121 0.723000
v -0.102111 2.325365 0.729444
v -0.085017 2.328770 0.745000
v -0.086069 2.322413 0.760556
v -0.088609 2.307065 0.767000
v -0.091150 2.291718 0.760556
v -0.092202 2.285361 0.745000
v -0.091150 2.291718 0.729444
v -0.088609 2.307065 0.723000
v -0.086069 2.322413 0.729444
v -0.068666 2.326358 0.745000
v -0.069497 2.319968 0.760556
v -0.071503 2.304541 0.767000
v -0.073509 2.289115 0.760556
v -0.074340 2.282725 0.745000
v -0.073509 2.289115 0.729444
v -0.071503 2.304541 0.723000
v -0.069497 2.319968 0.729444
v -0.051882 2.324462 0.745000
v -0.052499 2.318048 0.760556
v -0.053988 2.302563 0.767000
v -0.055478 2.287078 0.760556
v -0.056095 2.280664 0.745000
v -0.055478 2.287078 0.729444
v -0.053988 2.302563 0.723000
v -0.052499 2.318048 0.729444
v -0.034770 2.323098 0.745000
v -0.035179 2.316667 0.760556
v -0.036165 2.301142 0.767000
v -0.037151 2.285617 0.760556
v -0.037559 2.279186 0.745000
v -0.037151 2.285617 0.729444
v -0.036165 2.301142 0.723000
v -0.035179 2.316667 0.729444
v -0.017440 2.322275 0.745000
v -0.017643 2.315834 0.760556
v -0.018134 2.300286 0.767000
v -0.018625 2.284737 0.760556
v -0.018828 2.278297 0.745000
v -0.018625 2.284737 0.729444
v -0.018134 2.300286 0.723000
v -0.017643 2.315834 0.729444
v -0.000000 2.322000 0.745000
v -0.000000 2.315556 0.760556
v -0.000000 2.300000 0.767000
v -0.000000 2.284444 0.760556
v -0.000000 2.278000 0.745000
v -0.000000 2.284444 0.729444
v -0.000000 2.300000 0.723000
v -0.000000 2.315556 0.729444
v 0.017440 2.322275 0.745000
v 0.017643 2.315834 0.760556
v 0.018134 2.300286 0.767000
v 0.018625 2.284737 0.760556
v 0.018828 2.278297 0.745000
v 0.018625 2.284737 0.729444
v 0.018134 2.300286 0.723000
v 0.017643 2.315834 0.729444
v 0.034770 2.323098 0.745000
v 0.035179 2.316667 0.760556
v 0.036165 2.301142 0.767000
v 0.037151 2.285617 0.760556
v 0.037559 2.279186 0.745000
v 0.037151 2.285617 0.729444
v 0.036165 2.301142 0.723000
v 0.035179 2.316667 0.729444
v 0.051882 2.324462 0.745000
v 0.052499 2.318048 0.760556
v 0.053988 2.302563 0.767000
v 0.055478 2.287078 0.760556
v 0.056095 2.280664 0.745000
v 0.055478 2.287078 0.729444
v 0.053988 2.302563 0.723000
v 0.052499 2.318048 0.729444
v 0.068666 2.326358 0.745000
v 0.069497 2.319968 0.760556
v 0.071503 2.304541 0.767000
v 0.073509 2.289115 0.760556
v 0.074340 2.282725 0.745000
v 0.073509 2.289115 0.729444
v 0.071503 2.304541 0.723000
v 0.069497 2.319968 0.729444
v 0.085017 2.328770 0.745000
v 0.086069 2.322413 0.760556
v 0.088609 2.307065 0.767000
v 0.091150 2.291718 0.760556
v 0.092202 2.285361 0.745000
v 0.091150 2.291718 0.729444
v 0.088609 2.307065 0.723000
v 0.086069 2.322413 0.729444
v 0.100828 2.331680 0.745000
v 0.102111 2.325365 0.760556
v 0.105209 2.310121 0.767000
v 0.108307 2.294876 0.760556
v 0.109590 2.288561 0.745000
v 0.108307 2.294876 0.729444
v 0.105209 2.310121 0.723000
v 0.102111 2.325365 0.729444
v 0.115996 2.335064 0.745000
v 0.117522 2.328803 0.760556
v 0.121207 2.313690 0.767000
v 0.124892 2.298576 0.760556
v 0.126418 2.292316 0.745000
v 0.124892 2.298576 0.729444
v 0.121207 2.313690 0.723000
v 0.117522 2.328803 0.729444
v 0.130421 2.338892 0.745000
v 0.132205 2.332701 0.760556
v 0.136512 2.317752 0.767000
v 0.140820 2.302804 0.760556
v 0.142604 2.296613 0.745000
v 0.140820 2.302804 0.729444
v 0.136512 2.317752 0.723000
v 0.132205 2.332701 0.729444
v 0.144003 2.343131 0.745000
v 0.146063 2.337025 0.760556
v 0.151037 2.322285 0.767000
v 0.156010 2.307545 0.760556
v 0.158070 2.301440 0.745000
v 0.156010 2.307545 0.729444
v 0.151037 2.322285 0.723000
v 0.146063 2.337025 0.729444
v 0.156649 2.347737 0.745000
v 0.159007 2.341741 0.760556
v 0.164698 2.327263 0.767000
v 0.170389 2.312785 0.760556
v 0.172747 2.306788 0.745000
v 0.170389 2.312785 0.729444
v 0.164698 2.327263 0.723000
v 0.159007 2.341741 0.729444
v 0.168267 2.352662 0.745000
v 0.170947 2.346803 0.760556
v 0.177417 2.332656 0.767000
v 0.183888 2.318509 0.760556
v 0.186568 2.312649 0.745000
v 0.183888 2.318509 0.729444
v 0.177417 2.332656 0.723000
v 0.170947 2.346803 0.729444
v 0.178770 2.357846 0.745000
v 0.181802 2.352160 0.760556
v 0.189123 2.338434 0.767000
v 0.196443 2.324708 0.760556
v 0.199475 2.319022 0.745000
v 0.196443 2.324708 0.729444
v 0.189123 2.338434 0.723000
v 0.181802 2.352160 0.729444
v 0.188079 2.363215 0.745000
v 0.191496 2.357752 0.760556
v 0.199746 2.344564 0.767000
v 0.207997 2.331375 0.760556
v 0.211414 2.325913 0.745000
v 0.207997 2.331375 0.729444
v 0.199746 2.344564 0.723000
v 0.191496 2.357752 0.729444
v 0.196125 2.368683 0.745000
v 0.199963 2.363507 0.760556
v 0.209228 2.351011 0.767000
v 0.218494 2.338515 0.760556
v 0.222332 2.333339 0.745000
v 0.218494 2.338515 0.729444
v 0.209228 2.351011 0.723000
v 0.199963 2.363507 0.729444
v 0.202855 2.374143 0.745000
v 0.207149 2.369338 0.760556
v 0.217514 2.357738 0.767000
v 0.227879 2.346138 0.760556
v 0.232172 2.341333 0.745000
v 0.227879 2.346138 0.729444
v 0.217514 2.357738 0.723000
v 0.207149 2.369338 0.729444
v -0.460000 2.520000 0.610000
v -0.460000 2.520000 0.610000
v -0.460000 2.520000 0.610000
v -0.460000 2.520000 0.610000
v -0.460000 2.520000 0.610000
v -0.460000 2.520000 0.610000
v -0.460000 2.520000 0.610000
v -0.460000 2.520000 0.610000
v -0.460000 2.520000 0.610000
v -0.460000 2.520000 0.610000
v -0.460000 2.520000 0.610000
v -0.460000 2.520000 0.610000
v -0.460000 2.520000 0.610000
v -0.460000 2.520000 0.610000
v -0.460000 2.520000 0.610000
v -0.460000 2.520000 0.610000
v -0.460000 2.520000 0.610000
v -0.460000 2.520000 0.610000
v -0.426354 2.516593 0.610000
v -0.428383 2.516593 0.613983
v -0.434225 2.516593 0.617486
v -0.443177 2.516593 0.620086
v -0.454157 2.516593 0.621470
v -0.465843 2.516593 0.621470
v -0.476823 2.516593 0.620086
v -0.485775 2.516593 0.617486
v -0.491617 2.516593 0.613983
v -0.493646 2.516593 0.610000
v -0.491617 2.516593 0.606017
v -0.485775 2.516593 0.602514
v -0.476823 2.516593 0.599914
v -0.465843 2.516593 0.598530
v -0.454157 2.516593 0.598530
v -0.443177 2.516593 0.599914
v -0.434225 2.516593 0.602514
v -0.428383 2.516593 0.606017
v -0.395000 2.506603 0.610000
v -0.398920 2.506603 0.617695
v -0.410207 2.506603 0.624463
v -0.427500 2.506603 0.629486
v -0.448713 2.506603 0.632158
v -0.471287 2.506603 0.632158
v -0.492500 2.506603 0.629486
v -0.509793 2.506603 0.624463
v -0.521080 2.506603 0.617695
v -0.525000 2.506603 0.610000
v -0.521080 2.506603 0.602305
v -0.509793 2.506603 0.595537
v -0.492500 2.506603 0.590514
v -0.471287 2.506603 0.587842
v -0.448713 2.506603 0.587842
v -0.427500 2.506603 0.590514
v -0.410207 2.506603 0.595537
v -0.398920 2.506603 0.602305
v -0.368076 2.490711 0.610000
v -0.373620 2.490711 0.620883
v -0.389582 2.490711 0.630453
v -0.414038 2.490711 0.637557
v -0.444038 2.490711 0.641336
v -0.475962 2.490711 0.641336
v -0.505962 2.490711 0.637557
v -0.530418 2.490711 0.630453
v -0.546380 2.490711 0.620883
v -0.551924 2.490711 0.610000
v -0.546380 2.490711 0.599117
v -0.530418 2.490711 0.589547
v -0.505962 2.490711 0.582443
v -0.475962 2.490711 0.578664
v -0.444038 2.490711 0.578664
v -0.414038 2.490711 0.582443
v -0.389582 2.490711 0.589547
v -0.373620 2.490711 0.599117
v -0.347417 2.470000 0.610000
v -0.354206 2.470000 0.623329
v -0.373756 2.470000 0.635050
v -0.403708 2.470000 0.643750
v -0.440450 2.470000 0.648379
v -0.479550 2.470000 0.648379
v -0.516292 2.470000 0.643750
v -0.546244 2.470000 0.635050
v -0.565794 2.470000 0.623329
v -0.572583 2.470000 0.610000
v -0.565794 2.470000 0.596671
v -0.546244 2.470000 0.584950
v -0.516292 2.470000 0.576250
v -0.479550 2.470000 0.571621
v -0.440450 2.470000 0.571621
v -0.403708 2.470000 0.576250
v -0.373756 2.470000 0.584950
v -0.354206 2.470000 0.596671
v -0.334430 2.445882 0.610000
v -0.342002 2.445882 0.624866
v -0.363808 2.445882 0.637940
v -0.397215 2.445882 0.647643
v -0.438195 2.445882 0.652806
v -0.481805 2.445882 0.652806
v -0.522785 2.445882 0.647643
v -0.556192 2.445882 0.637940
v -0.577998 2.445882 0.624866
v -0.585570 2.445882 0.610000
v -0.577998 2.445882 0.595134
v -0.556192 2.445882 0.582060
v -0.522785 2.445882 0.572357
v -0.481805 2.445882 0.567194
v -0.438195 2.445882 0.567194
v -0.397215 2.445882 0.572357
v -0.363808 2.445882 0.582060
v -0.342002 2.445882 0.595134
v -0.330000 2.420000 0.610000
v -0.337840 2.420000 0.625391
v -0.360414 2.420000 0.638925
v -0.395000 2.420000 0.648971
v -0.437426 2.420000 0.654316
v -0.482574 2.420000 0.654316
v -0.525000 2.420000 0.648971
v -0.559586 2.420000 0.638925
v -0.582160 2.420000 0.625391
v -0.590000 2.420000 0.610000
v -0.582160 2.420000 0.594609
v -0.559586 2.420000 0.581075
v -0.525000 2.420000 0.571029
v -0.482574 2.420000 0.565684
v -0.437426 2.420000 0.565684
v -0.395000 2.420000 0.571029
v -0.360414 2.420000 0.581075
v -0.337840 2.420000 0.594609
v -0.334430 2.394118 0.610000
v -0.342002 2.394118 0.624866
v -0.363808 2.394118 0.637940
v -0.397215 2.394118 0.647643
v -0.438195 2.394118 0.652806
v -0.481805 2.394118 0.652806
v -0.522785 2.394118 0.647643
v -0.556192 2.394118 0.637940
v -0.577998 2.394118 0.624866
v -0.585570 2.394118 0.610000
v -0.577998 2.394118 0.595134
v -0.556192 2.394118 0.582060
v -0.522785 2.394118 0.572357
v -0.481805 2.394118 0.567194
v -0.438195 2.394118 0.567194
v -0.397215 2.394118 0.572357
v -0.363808 2.394118 0.582060
v -0.342002 2.394118 0.595134
v -0.347417 2.370000 0.610000
v -0.354206 2.370000 0.623329
v -0.373756 2.370000 0.635050
v -0.403708 2.370000 0.643750
v -0.440450 2.370000 0.648379
v -0.479550 2.370000 0.648379
v -0.516292 2.370000 0.643750
v -0.546244 2.370000 0.635050
v -0.565794 2.370000 0.623329
v -0.572583 2.370000 0.610000
v -0.565794 2.370000 0.596671
v -0.546244 2.370000 0.584950
v -0.516292 2.370000 0.576250
v -0.479550 2.370000 0.571621
v -0.440450 2.370000 0.571621
v -0.403708 2.370000 0.576250
v -0.373756 2.370000 0.584950
v -0.354206 2.370000 0.596671
v -0.368076 2.349289 0.610000
v -0.373620 2.349289 0.620883
v -0.389582 2.349289 0.630453
v -0.414038 2.349289 0.637557
v -0.444038 2.349289 0.641336
v -0.475962 2.349289 0.641336
v -0.505962 2.349289 0.637557
v -0.530418 2.349289 0.630453
v -0.546380 2.349289 0.620883
v -0.551924 2.349289 0.610000
v -0.546380 2.349289 0.599117
v -0.530418 2.349289 0.589547
v -0.505962 2.349289 0.582443
v -0.475962 2.349289 0.578664
v -0.444038 2.349289 0.578664
v -0.414038 2.349289 0.582443
v -0.389582 2.349289 0.589547
v -0.373620 2.349289 0.599117
v -0.395000 2.333397 0.610000
v -0.398920 2.333397 0.617695
v -0.410207 2.333397 0.624463
v -0.427500 2.333397 0.629486
v -0.448713 2.333397 0.632158
v -0.471287 2.333397 0.632158
v -0.492500 2.333397 0.629486
v -0.509793 2.333397 0.624463
v -0.521080 2.333397 0.617695
v -0.525000 2.333397 0.610000
v -0.521080 2.333397 0.602305
v -0.509793 2.333397 0.595537
v -0.492500 2.333397 0.590514
v -0.471287 2.333397 0.587842
v -0.448713 2.333397 0.587842
v -0.427500 2.333397 0.590514
v -0.410207 2.333397 0.595537
v -0.398920 2.333397 0.602305
v -0.426354 2.323407 0.610000
v -0.428383 2.323407 0.613983
v -0.434225 2.323407 0.617486
v -0.443177 2.323407 0.620086
v -0.454157 2.323407 0.621470
v -0.465843 2.323407 0.621470
v -0.476823 2.323407 0.620086
v -0.485775 2.323407 0.617486
v -0.491617 2.323407 0.613983
v -0.493646 2.323407 0.610000
v -0.491617 2.323407 0.606017
v -0.485775 2.323407 0.602514
v -0.476823 2.323407 0.599914
v -0.465843 2.323407 0.598530
v -0.454157 2.323407 0.598530
v -0.443177 2.323407 0.599914
v -0.434225 2.323407 0.602514
v -0.428383 2.323407 0.606017
v -0.460000 2.320000 0.610000
v -0.460000 2.320000 0.610000
v -0.460000 2.320000 0.610000
v -0.460000 2.320000 0.610000
v -0.460000 2.320000 0.610000
v -0.460000 2.320000 0.610000
v -0.460000 2.320000 0.610000
v -0.460000 2.320000 0.610000
v -0.460000 2.320000 0.610000
v -0.460000 2.320000 0.610000
v -0.460000 2.320000 0.610000
v -0.460000 2.320000 0.610000
v -0.460000 2.320000 0.610000
v -0.460000 2.320000 0.610000
v -0.460000 2.320000 0.610000
v -0.460000 2.320000 0.610000
v -0.460000 2.320000 0.610000
v -0.460000 2.320000 0.610000
v 0.460000 2.520000 0.610000
v 0.460000 2.520000 0.610000
v 0.460000 2.520000 0.610000
v 0.460000 2.520000 0.610000
v 0.460000 2.520000 0.610000
v 0.460000 2.520000 0.610000
v 0.460000 2.520000 0.610000
v 0.460000 2.520000 0.610000
v 0.460000 2.520000 0.610000
v 0.460000 2.520000 0.610000
v 0.460000 2.520000 0.610000
v 0.460000 2.520000 0.610000
v 0.460000 2.520000 0.610000
v 0.460000 2.520000 0.610000
v 0.460000 2.520000 0.610000
v 0.460000 2.520000 0.610000
v 0.460000 2.520000 0.610000
v 0.460000 2.520000 0.610000
v 0.493646 2.516593 0.610000
v 0.491617 2.516593 0.613983
v 0.485775 2.516593 0.617486
v 0.476823 2.516593 0.620086
v 0.465843 2.516593 0.621470
v 0.454157 2.516593 0.621470
v 0.443177 2.516593 0.620086
v 0.434225 2.516593 0.617486
v 0.428383 2.516593 0.613983
v 0.426354 2.516593 0.610000
v 0.428383 2.516593 0.606017
v 0.434225 2.516593 0.602514
v 0.443177 2.516593 0.599914
v 0.454157 2.516593 0.598530
v 0.465843 2.516593 0.598530
v 0.476823 2.516593 0.599914
v 0.485775 2.516593 0.602514
v 0.491617 2.516593 0.606017
v 0.525000 2.506603 0.610000
v 0.521080 2.506603 0.617695
v 0.509793 2.506603 0.624463
v 0.492500 2.506603 0.629486
v 0.471287 2.506603 0.632158
v 0.448713 2.506603 0.632158
v 0.427500 2.506603 0.629486
v 0.410207 2.506603 0.624463
v 0.398920 2.506603 0.617695
v 0.395000 2.506603 0.610000
v 0.398920 2.506603 0.602305
v 0.410207 2.506603 0.595537
v 0.427500 2.506603 0.590514
v 0.448713 2.506603 0.587842
v 0.471287 2.506603 0.587842
v 0.492500 2.506603 0.590514
v 0.509793 2.506603 0.595537
v 0.521080 2.506603 0.602305
v 0.551924 2.490711 0.610000
v 0.546380 2.490711 0.620883
v 0.530418 2.490711 0.630453
v 0.505962 2.490711 0.637557
v 0.475962 2.490711 0.641336
v 0.444038 2.490711 0.641336
v 0.414038 2.490711 0.637557
v 0.389582 2.490711 0.630453
v 0.373620 2.490711 0.620883
v 0.368076 2.490711 0.610000
v 0.373620 2.490711 0.599117
v 0.389582 2.490711 0.589547
v 0.414038 2.490711 0.582443
v 0.444038 2.490711 0.578664
v 0.475962 2.490711 0.578664
v 0.505962 2.490711 0.582443
v 0.530418 2.490711 0.589547
v 0.546380 2.490711 0.599117
v 0.572583 2.470000 0.610000
v 0.565794 2.470000 0.623329
v 0.546244 2.470000 0.635050
v 0.516292 2.470000 0.643750
v 0.479550 2.470000 0.648379
v 0.440450 2.470000 0.648379
v 0.403708 2.470000 0.643750
v 0.373756 2.470000 0.635050
v 0.354206 2.470000 0.623329
v 0.347417 2.470000 0.610000
v 0.354206 2.470000 0.596671
v 0.373756 2.470000 0.584950
v 0.403708 2.470000 0.576250
v 0.440450 2.470000 0.571621
v 0.479550 2.470000 0.571621
v 0.516292 2.470000 0.576250
v 0.546244 2.470000 0.584950
v 0.565794 2.470000 0.596671
v 0.585570 2.445882 0.610000
v 0.577998 2.445882 0.624866
v 0.556192 2.445882 0.637940
v 0.522785 2.445882 0.647643
v 0.481805 2.445882 0.652806
v 0.438195 2.445882 0.652806
v 0.397215 2.445882 0.647643
v 0.363808 2.445882 0.637940
v 0.342002 2.445882 0.624866
v 0.334430 2.445882 0.610000
v 0.342002 2.445882 0.595134
v 0.363808 2.445882 0.582060
v 0.397215 2.445882 0.572357
v 0.438195 2.445882 0.567194
v 0.481805 2.445882 0.567194
v 0.522785 2.445882 0.572357
v 0.556192 2.445882 0.582060
v 0.577998 2.445882 0.595134
v 0.590000 2.420000 0.610000
v 0.582160 2.420000 0.625391
v 0.559586 2.420000 0.638925
v 0.525000 2.420000 0.648971
v 0.482574 2.420000 0.654316
v 0.437426 2.420000 0.654316
v 0.395000 2.420000 0.648971
v 0.360414 2.420000 0.638925
v 0.337840 2.420000 0.625391
v 0.330000 2.420000 0.610000
v 0.337840 2.420000 0.594609
v 0.360414 2.420000 0.581075
v 0.395000 2.420000 0.571029
v 0.437426 2.420000 0.565684
v 0.482574 2.420000 0.565684
v 0.525000 2.420000 0.571029
v 0.559586 2.420000 0.581075
v 0.582160 2.420000 0.594609
v 0.585570 2.394118 0.610000
v 0.577998 2.394118 0.624866
v 0.556192 2.394118 0.637940
v 0.522785 2.394118 0.647643
v 0.481805 2.394118 0.652806
v 0.438195 2.394118 0.652806
v 0.397215 2.394118 0.647643
v 0.363808 2.394118 0.637940
v 0.342002 2.394118 0.624866
v 0.334430 2.394118 0.610000
v 0.342002 2.394118 0.595134
v 0.363808 2.394118 0.582060
v 0.397215 2.394118 0.572357
v 0.438195 2.394118 0.567194
v 0.481805 2.394118 0.567194
v 0.522785 2.394118 0.572357
v 0.556192 2.394118 0.582060
v 0.577998 2.394118 0.595134
v 0.572583 2.370000 0.610000
v 0.565794 2.370000 0.623329
v 0.546244 2.370000 0.635050
v 0.516292 2.370000 0.643750
v 0.479550 2.370000 0.648379
v 0.440450 2.370000 0.648379
v 0.403708 2.370000 0.643750
v 0.373756 2.370000 0.635050
v 0.354206 2.370000 0.623329
v 0.347417 2.370000 0.610000
v 0.354206 2.370000 0.596671
v 0.373756 2.370000 0.584950
v 0.403708 2.370000 0.576250
v 0.440450 2.370000 0.571621
v 0.479550 2.370000 0.571621
v 0.516292 2.370000 0.576250
v 0.546244 2.370000 0.584950
v 0.565794 2.370000 0.596671
v 0.551924 2.349289 0.610000
v 0.546380 2.349289 0.620883
v 0.530418 2.349289 0.630453
v 0.505962 2.349289 0.637557
v 0.475962 2.349289 0.641336
v 0.444038 2.349289 0.641336
v 0.414038 2.349289 0.637557
v 0.389582 2.349289 0.630453
v 0.373620 2.349289 0.620883
v 0.368076 2.349289 0.610000
v 0.373620 2.349289 0.599117
v 0.389582 2.349289 0.589547
v 0.414038 2.349289 0.582443
v 0.444038 2.349289 0.578664
v 0.475962 2.349289 0.578664
v 0.505962 2.349289 0.582443
v 0.530418 2.349289 0.589547
v 0.546380 2.349289 0.599117
v 0.525000 2.333397 0.610000
v 0.521080 2.333397 0.617695
v 0.509793 2.333397 0.624463
v 0.492500 2.333397 0.629486
v 0.471287 2.333397 0.632158
v 0.448713 2.333397 0.632158
v 0.427500 2.333397 0.629486
v 0.410207 2.333397 0.624463
v 0.398920 2.333397 0.617695
v 0.395000 2.333397 0.610000
v 0.398920 2.333397 0.602305
v 0.410207 2.333397 0.595537
v 0.427500 2.333397 0.590514
v 0.448713 2.333397 0.587842
v 0.471287 2.333397 0.587842
v 0.492500 2.333397 0.590514
v 0.509793 2.333397 0.595537
v 0.521080 2.333397 0.602305
v 0.493646 2.323407 0.610000
v 0.491617 2.323407 0.613983
v 0.485775 2.323407 0.617486
v 0.476823 2.323407 0.620086
v 0.465843 2.323407 0.621470
v 0.454157 2.323407 0.621470
v 0.443177 2.323407 0.620086
v 0.434225 2.323407 0.617486
v 0.428383 2.323407 0.613983
v 0.426354 2.323407 0.610000
v 0.428383 2.323407 0.606017
v 0.434225 2.323407 0.602514
v 0.443177 2.323407 0.599914
v 0.454157 2.323407 0.598530
v 0.465843 2.323407 0.598530
v 0.476823 2.323407 0.599914
v 0.485775 2.323407 0.602514
v 0.491617 2.323407 0.606017
v 0.460000 2.320000 0.610000
v 0.460000 2.320000 0.610000
v 0.460000 2.320000 0.610000
v 0.460000 2.320000 0.610000
v 0.460000 2.320000 0.610000
v 0.460000 2.320000 0.610000
v 0.460000 2.320000 0.610000
v 0.460000 2.320000 0.610000
v 0.460000 2.320000 0.610000
v 0.460000 2.320000 0.610000
v 0.460000 2.320000 0.610000
v 0.460000 2.320000 0.610000
v 0.460000 2.320000 0.610000
v 0.460000 2.320000 0.610000
v 0.460000 2.320000 0.610000
v 0.460000 2.320000 0.610000
v 0.460000 2.320000 0.610000
v 0.460000 2.320000 0.610000
v 0.000000 1.308000 0.445000
v 0.000000 1.308000 0.445000
v 0.000000 1.308000 0.445000
v 0.000000 1.308000 0.445000
v 0.000000 1.308000 0.445000
v 0.000000 1.308000 0.445000
v 0.000000 1.308000 0.445000
v 0.000000 1.308000 0.445000
v 0.000000 1.308000 0.445000
v 0.000000 1.308000 0.445000
v 0.000000 1.308000 0.445000
v 0.000000 1.308000 0.445000
v 0.000000 1.308000 0.445000
v 0.000000 1.308000 0.445000
v 0.013394 1.305869 0.445000
v 0.012068 1.305869 0.447491
v 0.008351 1.305869 0.449488
v 0.002980 1.305869 0.450596
v -0.002980 1.305869 0.450596
v -0.008351 1.305869 0.449488
v -0.012068 1.305869 0.447491
v -0.013394 1.305869 0.445000
v -0.012068 1.305869 0.442509
v -0.008351 1.305869 0.440512
v -0.002980 1.305869 0.439404
v 0.002980 1.305869 0.439404
v 0.008351 1.305869 0.440512
v 0.012068 1.305869 0.442509
v 0.024749 1.299799 0.445000
v 0.022298 1.299799 0.449602
v 0.015431 1.299799 0.453293
v 0.005507 1.299799 0.455341
v -0.005507 1.299799 0.455341
v -0.015431 1.299799 0.453293
v -0.022298 1.299799 0.449602
v -0.024749 1.299799 0.445000
v -0.022298 1.299799 0.440398
v -0.015431 1.299799 0.436707
v -0.005507 1.299799 0.434659
v 0.005507 1.299799 0.434659
v 0.015431 1.299799 0.436707
v 0.022298 1.299799 0.440398
v 0.032336 1.290715 0.445000
v 0.029134 1.290715 0.451013
v 0.020161 1.290715 0.455835
v 0.007195 1.290715 0.458511
v -0.007195 1.290715 0.458511
v -0.020161 1.290715 0.455835
v -0.029134 1.290715 0.451013
v -0.032336 1.290715 0.445000
v -0.029134 1.290715 0.438987
v -0.020161 1.290715 0.434165
v -0.007195 1.290715 0.431489
v 0.007195 1.290715 0.431489
v 0.020161 1.290715 0.434165
v 0.029134 1.290715 0.438987
v 0.035000 1.280000 0.445000
v 0.031534 1.280000 0.451508
v 0.021822 1.280000 0.456727
v 0.007788 1.280000 0.459624
v -0.007788 1.280000 0.459624
v -0.021822 1.280000 0.456727
v -0.031534 1.280000 0.451508
v -0.035000 1.280000 0.445000
v -0.031534 1.280000 0.438492
v -0.021822 1.280000 0.433273
v -0.007788 1.280000 0.430376
v 0.007788 1.280000 0.430376
v 0.021822 1.280000 0.433273
v 0.031534 1.280000 0.438492
v 0.032336 1.269285 0.445000
v 0.029134 1.269285 0.451013
v 0.020161 1.269285 0.455835
v 0.007195 1.269285 0.458511
v -0.007195 1.269285 0.458511
v -0.020161 1.269285 0.455835
v -0.029134 1.269285 0.451013
v -0.032336 1.269285 0.445000
v -0.029134 1.269285 0.438987
v -0.020161 1.269285 0.434165
v -0.007195 1.269285 0.431489
v 0.007195 1.269285 0.431489
v 0.020161 1.269285 0.434165
v 0.029134 1.269285 0.438987
v 0.024749 1.260201 0.445000
v 0.022298 1.260201 0.449602
v 0.015431 1.260201 0.453293
v 0.005507 1.260201 0.455341
v -0.005507 1.260201 0.455341
v -0.015431 1.260201 0.453293
v -0.022298 1.260201 0.449602
v -0.024749 1.260201 0.445000
v -0.022298 1.260201 0.440398
v -0.015431 1.260201 0.436707
v -0.005507 1.260201 0.434659
v 0.005507 1.260201 0.434659
v 0.015431 1.260201 0.436707
v 0.022298 1.260201 0.440398
v 0.013394 1.254131 0.445000
v 0.012068 1.254131 0.447491
v 0.008351 1.254131 0.449488
v 0.002980 1.254131 0.450596
v -0.002980 1.254131 0.450596
v -0.008351 1.254131 0.449488
v -0.012068 1.254131 0.447491
v -0.013394 1.254131 0.445000
v -0.012068 1.254131 0.442509
v -0.008351 1.254131 0.440512
v -0.002980 1.254131 0.439404
v 0.002980 1.254131 0.439404
v 0.008351 1.254131 0.440512
v 0.012068 1.254131 0.442509
v 0.000000 1.252000 0.445000
v 0.000000 1.252000 0.445000
v 0.000000 1.252000 0.445000
v 0.000000 1.252000 0.445000
v -0.000000 1.252000 0.445000
v -0.000000 1.252000 0.445000
v -0.000000 1.252000 0.445000
v -0.000000 1.252000 0.445000
v -0.000000 1.252000 0.445000
v -0.000000 1.252000 0.445000
v -0.000000 1.252000 0.445000
v 0.000000 1.252000 0.445000
v 0.000000 1.252000 0.445000
v 0.000000 1.252000 0.445000
o bronze_head
g bronze_head
f 2 42 41
f 3 43 42
f 4 44 43
f 5 45 44
f 6 46 45
f 7 47 46
f 8 48 47
f 9 49 48
f 10 50 49
f 11 51 50
f 12 52 51
f 13 53 52
f 14 54 53
f 15 55 54
f 16 56 55
f 17 57 56
f 18 58 57
f 19 59 58
f 20 60 59
f 21 61 60
f 22 62 61
f 23 63 62
f 24 64 63
f 25 65 64
f 26 66 65
f 27 67 66
f 28 68 67
f 29 69 68
f 30 70 69
f 31 71 70
f 32 72 71
f 33 73 72
f 34 74 73
f 35 75 74
f 36 76 75
f 37 77 76
f 38 78 77
f 39 79 78
f 40 80 79
f 1 41 80
f 41 42 81
f 42 82 81
f 42 43 82
f 43 83 82
f 43 44 83
f 44 84 83
f 44 45 84
f 45 85 84
f 45 46 85
f 46 86 85
f 46 47 86
f 47 87 86
f 47 48 87
f 48 88 87
f 48 49 88
f 49 89 88
f 49 50 89
f 50 90 89
f 50 51 90
f 51 91 90
f 51 52 91
f 52 92 91
f 52 53 92
f 53 93 92
f 53 54 93
f 54 94 93
f 54 55 94
f 55 95 94
f 55 56 95
f 56 96 95
f 56 57 96
f 57 97 96
f 57 58 97
f 58 98 97
f 58 59 98
f 59 99 98
f 59 60 99
f 60 100 99
f 60 61 100
f 61 101 100
f 61 62 101
f 62 102 101
f 62 63 102
f 63 103 102
f 63 64 103
f 64 104 103
f 64 65 104
f 65 105 104
f 65 66 105
f 66 106 105
f 66 67 106
f 67 107 106
f 67 68 107
f 68 108 107
f 68 69 108
f 69 109 108
f 69 70 109
f 70 110 109
f 70 71 110
f 71 111 110
f 71 72 111
f 72 112 111
f 72 73 112
f 73 113 112
f 73 74 113
f 74 114 113
f 74 75 114
f 75 115 114
f 75 76 115
f 76 116 115
f 76 77 116
f 77 117 116
f 77 78 117
f 78 118 117
f 78 79 118
f 79 119 118
f 79 80 119
f 80 120 119
f 80 41 120
f 41 81 120
f 81 82 121
f 82 122 121
f 82 83 122
f 83 123 122
f 83 84 123
f 84 124 123
f 84 85 124
f 85 125 124
f 85 86 125
f 86 126 125
f 86 87 126
f 87 127 126
f 87 88 127
f 88 128 127
f 88 89 128
f 89 129 128
f 89 90 129
f 90 130 129
f 90 91 130
f 91 131 130
f 91 92 131
f 92 132 131
f 92 93 132
f 93 133 132
f 93 94 133
f 94 134 133
f 94 95 134
f 95 135 134
f 95 96 135
f 96 136 135
f 96 97 136
f 97 137 136
f 97 98 137
f 98 138 137
f 98 99 138
f 99 139 138
f 99 100 139
f 100 140 139
f 100 101 140
f 101 141 140
f 101 102 141
f 102 142 141
f 102 103 142
f 103 143 142
f 103 104 143
f 104 144 143
f 104 105 144
f 105 145 144
f 105 106 145
f 106 146 145
f 106 107 146
f 107 147 146
f 107 108 147
f 108 148 147
f 108 109 148
f 109 149 148
f 109 110 149
f 110 150 149
f 110 111 150
f 111 151 150
f 111 112 151
f 112 152 151
f 112 113 152
f 113 153 152
f 113 114 153
f 114 154 153
f 114 115 154
f 115 155 154
f 115 116 155
f 116 156 155
f 116 117 156
f 117 157 156
f 117 118 157
f 118 158 157
f 118 119 158
f 119 159 158
f 119 120 159
f 120 160 159
f 120 81 160
f 81 121 160
f 121 122 161
f 122 162 161
f 122 123 162
f 123 163 162
f 123 124 163
f 124 164 163
f 124 125 164
f 125 165 164
f 125 126 165
f 126 166 165
f 126 127 166
f 127 167 166
f 127 128 167
f 128 168 167
f 128 129 168
f 129 169 168
f 129 130 169
f 130 170 169
f 130 131 170
f 131 171 170
f 131 132 171
f 132 172 171
f 132 133 172
f 133 173 172
f 133 134 173
f 134 174 173
f 134 135 174
f 135 175 174
f 135 136 175
f 136 176 175
f 136 137 176
f 137 177 176
f 137 138 177
f 138 178 177
f 138 139 178
f 139 179 178
f 139 140 179
f 140 180 179
f 140 141 180
f 141 181 180
f 141 142 181
f 142 182 181
f 142 143 182
f 143 183 182
f 143 144 183
f 144 184 183
f 144 145 184
f 145 185 184
f 145 146 185
f 146 186 185
f 146 147 186
f 147 187 186
f 147 148 187
f 148 188 187
f 148 149 188
f 149 189 188
f 149 150 189
f 150 190 189
f 150 151 190
f 151 191 190
f 151 152 191
f 152 192 191
f 152 153 192
f 153 193 192
f 153 154 193
f 154 194 193
f 154 155 194
f 155 195 194
f 155 156 195
f 156 196 195
f 156 157 196
f 157 197 196
f 157 158 197
f 158 198 197
f 158 159 198
f 159 199 198
f 159 160 199
f 160 200 199
f 160 121 200
f 121 161 200
f 161 162 201
f 162 202 201
f 162 163 202
f 163 203 202
f 163 164 203
f 164 204 203
f 164 165 204
f 165 205 204
f 165 166 205
f 166 206 205
f 166 167 206
f 167 207 206
f 167 168 207
f 168 208 207
f 168 169 208
f 169 209 208
f 169 170 209
f 170 210 209
f 170 171 210
f 171 211 210
f 171 172 211
f 172 212 211
f 172 173 212
f 173 213 212
f 173 174 213
f 174 214 213
f 174 175 214
f 175 215 214
f 175 176 215
f 176 216 215
f 176 177 216
f 177 217 216
f 177 178 217
f 178 218 217
f 178 179 218
f 179 219 218
f 179 180 219
f 180 220 219
f 180 181 220
f 181 221 220
f 181 182 221
f 182 222 221
f 182 183 222
f 183 223 222
f 183 184 223
f 184 224 223
f 184 185 224
f 185 225 224
f 185 186 225
f 186 226 225
f 186 187 226
f 187 227 226
f 187 188 227
f 188 228 227
f 188 189 228
f 189 229 228
f 189 190 229
f 190 230 229
f 190 191 230
f 191 231 230
f 191 192 231
f 192 232 231
f 192 193 232
f 193 233 232
f 193 194 233
f 194 234 233
f 194 195 234
f 195 235 234
f 195 196 235
f 196 236 235
f 196 197 236
f 197 237 236
f 197 198 237
f 198 238 237
f 198 199 238
f 199 239 238
f 199 200 239
f 200 240 239
f 200 161 240
f 161 201 240
f 201 202 241
f 202 242 241
f 202 203 242
f 203 243 242
f 203 204 243
f 204 244 243
f 204 205 244
f 205 245 244
f 205 206 245
f 206 246 245
f 206 207 246
f 207 247 246
f 207 208 247
f 208 248 247
f 208 209 248
f 209 249 248
f 209 210 249
f 210 250 249
f 210 211 250
f 211 251 250
f 211 212 251
f 212 252 251
f 212 213 252
f 213 253 252
f 213 214 253
f 214 254 253
f 214 215 254
f 215 255 254
f 215 216 255
f 216 256 255
f 216 217 256
f 217 257 256
f 217 218 257
f 218 258 257
f 218 219 258
f 219 259 258
f 219 220 259
f 220 260 259
f 220 221 260
f 221 261 260
f 221 222 261
f 222 262 261
f 222 223 262
f 223 263 262
f 223 224 263
f 224 264 263
f 224 225 264
f 225 265 264
f 225 226 265
f 226 266 265
f 226 227 266
f 227 267 266
f 227 228 267
f 228 268 267
f 228 229 268
f 229 269 268
f 229 230 269
f 230 270 269
f 230 231 270
f 231 271 270
f 231 232 271
f 232 272 271
f 232 233 272
f 233 273 272
f 233 234 273
f 234 274 273
f 234 235 274
f 235 275 274
f 235 236 275
f 236 276 275
f 236 237 276
f 237 277 276
f 237 238 277
f 238 278 277
f 238 239 278
f 239 279 278
f 239 240 279
f 240 280 279
f 240 201 280
f 201 241 280
f 241 242 281
f 242 282 281
f 242 243 282
f 243 283 282
f 243 244 283
f 244 284 283
f 244 245 284
f 245 285 284
f 245 246 285
f 246 286 285
f 246 247 286
f 247 287 286
f 247 248 287
f 248 288 287
f 248 249 288
f 249 289 288
f 249 250 289
f 250 290 289
f 250 251 290
f 251 291 290
f 251 252 291
f 252 292 291
f 252 253 292
f 253 293 292
f 253 254 293
f 254 294 293
f 254 255 294
f 255 295 294
f 255 256 295
f 256 296 295
f 256 257 296
f 257 297 296
f 257 258 297
f 258 298 297
f 258 259 298
f 259 299 298
f 259 260 299
f 260 300 299
f 260 261 300
f 261 301 300
f 261 262 301
f 262 302 301
f 262 263 302
f 263 303 302
f 263 264 303
f 264 304 303
f 264 265 304
f 265 305 304
f 265 266 305
f 266 306 305
f 266 267 306
f 267 307 306
f 267 268 307
f 268 308 307
f 268 269 308
f 269 309 308
f 269 270 309
f 270 310 309
f 270 271 310
f 271 311 310
f 271 272 311
f 272 312 311
f 272 273 312
f 273 313 312
f 273 274 313
f 274 314 313
f 274 275 314
f 275 315 314
f 275 276 315
f 276 316 315
f 276 277 316
f 277 317 316
f 277 278 317
f 278 318 317
f 278 279 318
f 279 319 318
f 279 280 319
f 280 320 319
f 280 241 320
f 241 281 320
f 281 282 321
f 282 322 321
f 282 283 322
f 283 323 322
f 283 284 323
f 284 324 323
f 284 285 324
f 285 325 324
f 285 286 325
f 286 326 325
f 286 287 326
f 287 327 326
f 287 288 327
f 288 328 327
f 288 289 328
f 289 329 328
f 289 290 329
f 290 330 329
f 290 291 330
f 291 331 330
f 291 292 331
f 292 332 331
f 292 293 332
f 293 333 332
f 293 294 333
f 294 334 333
f 294 295 334
f 295 335 334
f 295 296 335
f 296 336 335
f 296 297 336
f 297 337 336
f 297 298 337
f 298 338 337
f 298 299 338
f 299 339 338
f 299 300 339
f 300 340 339
f 300 301 340
f 301 341 340
f 301 302 341
f 302 342 341
f 302 303 342
f 303 343 342
f 303 304 343
f 304 344 343
f 304 305 344
f 305 345 344
f 305 306 345
f 306 346 345
f 306 307 346
f 307 347 346
f 307 308 347
f 308 348 347
f 308 309 348
f 309 349 348
f 309 310 349
f 310 350 349
f 310 311 350
f 311 351 350
f 311 312 351
f 312 352 351
f 312 313 352
f 313 353 352
f 313 314 353
f 314 354 353
f 314 315 354
f 315 355 354
f 315 316 355
f 316 356 355
f 316 317 356
f 317 357 356
f 317 318 357
f 318 358 357
f 318 319 358
f 319 359 358
f 319 320 359
f 320 360 359
f 320 281 360
f 281 321 360
f 321 322 361
f 322 362 361
f 322 323 362
f 323 363 362
f 323 324 363
f 324 364 363
f 324 325 364
f 325 365 364
f 325 326 365
f 326 366 365
f 326 327 366
f 327 367 366
f 327 328 367
f 328 368 367
f 328 329 368
f 329 369 368
f 329 330 369
f 330 370 369
f 330 331 370
f 331 371 370
f 331 332 371
f 332 372 371
f 332 333 372
f 333 373 372
f 333 334 373
f 334 374 373
f 334 335 374
f 335 375 374
f 335 336 375
f 336 376 375
f 336 337 376
f 337 377 376
f 337 338 377
f 338 378 377
f 338 339 378
f 339 379 378
f 339 340 379
f 340 380 379
f 340 341 380
f 341 381 380
f 341 342 381
f 342 382 381
f 342 343 382
f 343 383 382
f 343 344 383
f 344 384 383
f 344 345 384
f 345 385 384
f 345 346 385
f 346 386 385
f 346 347 386
f 347 387 386
f 347 348 387
f 348 388 387
f 348 349 388
f 349 389 388
f 349 350 389
f 350 390 389
f 350 351 390
f 351 391 390
f 351 352 391
f 352 392 391
f 352 353 392
f 353 393 392
f 353 354 393
f 354 394 393
f 354 355 394
f 355 395 394
f 355 356 395
f 356 396 395
f 356 357 396
f 357 397 396
f 357 358 397
f 358 398 397
f 358 359 398
f 359 399 398
f 359 360 399
f 360 400 399
f 360 321 400
f 321 361 400
f 361 362 401
f 362 402 401
f 362 363 402
f 363 403 402
f 363 364 403
f 364 404 403
f 364 365 404
f 365 405 404
f 365 366 405
f 366 406 405
f 366 367 406
f 367 407 406
f 367 368 407
f 368 408 407
f 368 369 408
f 369 409 408
f 369 370 409
f 370 410 409
f 370 371 410
f 371 411 410
f 371 372 411
f 372 412 411
f 372 373 412
f 373 413 412
f 373 374 413
f 374 414 413
f 374 375 414
f 375 415 414
f 375 376 415
f 376 416 415
f 376 377 416
f 377 417 416
f 377 378 417
f 378 418 417
f 378 379 418
f 379 419 418
f 379 380 419
f 380 420 419
f 380 381 420
f 381 421 420
f 381 382 421
f 382 422 421
f 382 383 422
f 383 423 422
f 383 384 423
f 384 424 423
f 384 385 424
f 385 425 424
f 385 386 425
f 386 426 425
f 386 387 426
f 387 427 426
f 387 388 427
f 388 428 427
f 388 389 428
f 389 429 428
f 389 390 429
f 390 430 429
f 390 391 430
f 391 431 430
f 391 392 431
f 392 432 431
f 392 393 432
f 393 433 432
f 393 394 433
f 394 434 433
f 394 395 434
f 395 435 434
f 395 396 435
f 396 436 435
f 396 397 436
f 397 437 436
f 397 398 437
f 398 438 437
f 398 399 438
f 399 439 438
f 399 400 439
f 400 440 439
f 400 361 440
f 361 401 440
f 401 402 441
f 402 442 441
f 402 403 442
f 403 443 442
f 403 404 443
f 404 444 443
f 404 405 444
f 405 445 444
f 405 406 445
f 406 446 445
f 406 407 446
f 407 447 446
f 407 408 447
f 408 448 447
f 408 409 448
f 409 449 448
f 409 410 449
f 410 450 449
f 410 411 450
f 411 451 450
f 411 412 451
f 412 452 451
f 412 413 452
f 413 453 452
f 413 414 453
f 414 454 453
f 414 415 454
f 415 455 454
f 415 416 455
f 416 456 455
f 416 417 456
f 417 457 456
f 417 418 457
f 418 458 457
f 418 419 458
f 419 459 458
f 419 420 459
f 420 460 459
f 420 421 460
f 421 461 460
f 421 422 461
f 422 462 461
f 422 423 462
f 423 463 462
f 423 424 463
f 424 464 463
f 424 425 464
f 425 465 464
f 425 426 465
f 426 466 465
f 426 427 466
f 427 467 466
f 427 428 467
f 428 468 467
f 428 429 468
f 429 469 468
f 429 430 469
f 430 470 469
f 430 431 470
f 431 471 470
f 431 432 471
f 432 472 471
f 432 433 472
f 433 473 472
f 433 434 473
f 434 474 473
f 434 435 474
f 435 475 474
f 435 436 475
f 436 476 475
f 436 437 476
f 437 477 476
f 437 438 477
f 438 478 477
f 438 439 478
f 439 479 478
f 439 440 479
f 440 480 479
f 440 401 480
f 401 441 480
f 441 442 481
f 442 482 481
f 442 443 482
f 443 483 482
f 443 444 483
f 444 484 483
f 444 445 484
f 445 485 484
f 445 446 485
f 446 486 485
f 446 447 486
f 447 487 486
f 447 448 487
f 448 488 487
f 448 449 488
f 449 489 488
f 449 450 489
f 450 490 489
f 450 451 490
f 451 491 490
f 451 452 491
f 452 492 491
f 452 453 492
f 453 493 492
f 453 454 493
f 454 494 493
f 454 455 494
f 455 495 494
f 455 456 495
f 456 496 495
f 456 457 496
f 457 497 496
f 457 458 497
f 458 498 497
f 458 459 498
f 459 499 498
f 459 460 499
f 460 500 499
f 460 461 500
f 461 501 500
f 461 462 501
f 462 502 501
f 462 463 502
f 463 503 502
f 463 464 503
f 464 504 503
f 464 465 504
f 465 505 504
f 465 466 505
f 466 506 505
f 466 467 506
f 467 507 506
f 467 468 507
f 468 508 507
f 468 469 508
f 469 509 508
f 469 470 509
f 470 510 509
f 470 471 510
f 471 511 510
f 471 472 511
f 472 512 511
f 472 473 512
f 473 513 512
f 473 474 513
f 474 514 513
f 474 475 514
f 475 515 514
f 475 476 515
f 476 516 515
f 476 477 516
f 477 517 516
f 477 478 517
f 478 518 517
f 478 479 518
f 479 519 518
f 479 480 519
f 480 520 519
f 480 441 520
f 441 481 520
f 481 482 521
f 482 522 521
f 482 483 522
f 483 523 522
f 483 484 523
f 484 524 523
f 484 485 524
f 485 525 524
f 485 486 525
f 486 526 525
f 486 487 526
f 487 527 526
f 487 488 527
f 488 528 527
f 488 489 528
f 489 529 528
f 489 490 529
f 490 530 529
f 490 491 530
f 491 531 530
f 491 492 531
f 492 532 531
f 492 493 532
f 493 533 532
f 493 494 533
f 494 534 533
f 494 495 534
f 495 535 534
f 495 496 535
f 496 536 535
f 496 497 536
f 497 537 536
f 497 498 537
f 498 538 537
f 498 499 538
f 499 539 538
f 499 500 539
f 500 540 539
f 500 501 540
f 501 541 540
f 501 502 541
f 502 542 541
f 502 503 542
f 503 543 542
f 503 504 543
f 504 544 543
f 504 505 544
f 505 545 544
f 505 506 545
f 506 546 545
f 506 507 546
f 507 547 546
f 507 508 547
f 508 548 547
f 508 509 548
f 509 549 548
f 509 510 549
f 510 550 549
f 510 511 550
f 511 551 550
f 511 512 551
f 512 552 551
f 512 513 552
f 513 553 552
f 513 514 553
f 514 554 553
f 514 515 554
f 515 555 554
f 515 516 555
f 516 556 555
f 516 517 556
f 517 557 556
f 517 518 557
f 518 558 557
f 518 519 558
f 519 559 558
f 519 520 559
f 520 560 559
f 520 481 560
f 481 521 560
f 521 522 561
f 522 562 561
f 522 523 562
f 523 563 562
f 523 524 563
f 524 564 563
f 524 525 564
f 525 565 564
f 525 526 565
f 526 566 565
f 526 527 566
f 527 567 566
f 527 528 567
f 528 568 567
f 528 529 568
f 529 569 568
f 529 530 569
f 530 570 569
f 530 531 570
f 531 571 570
f 531 532 571
f 532 572 571
f 532 533 572
f 533 573 572
f 533 534 573
f 534 574 573
f 534 535 574
f 535 575 574
f 535 536 575
f 536 576 575
f 536 537 576
f 537 577 576
f 537 538 577
f 538 578 577
f 538 539 578
f 539 579 578
f 539 540 579
f 540 580 579
f 540 541 580
f 541 581 580
f 541 542 581
f 542 582 581
f 542 543 582
f 543 583 582
f 543 544 583
f 544 584 583
f 544 545 584
f 545 585 584
f 545 546 585
f 546 586 585
f 546 547 586
f 547 587 586
f 547 548 587
f 548 588 587
f 548 549 588
f 549 589 588
f 549 550 589
f 550 590 589
f 550 551 590
f 551 591 590
f 551 552 591
f 552 592 591
f 552 553 592
f 553 593 592
f 553 554 593
f 554 594 593
f 554 555 594
f 555 595 594
f 555 556 595
f 556 596 595
f 556 557 596
f 557 597 596
f 557 558 597
f 558 598 597
f 558 559 598
f 559 599 598
f 559 560 599
f 560 600 599
f 560 521 600
f 521 561 600
f 561 562 601
f 562 602 601
f 562 563 602
f 563 603 602
f 563 564 603
f 564 604 603
f 564 565 604
f 565 605 604
f 565 566 605
f 566 606 605
f 566 567 606
f 567 607 606
f 567 568 607
f 568 608 607
f 568 569 608
f 569 609 608
f 569 570 609
f 570 610 609
f 570 571 610
f 571 611 610
f 571 572 611
f 572 612 611
f 572 573 612
f 573 613 612
f 573 574 613
f 574 614 613
f 574 575 614
f 575 615 614
f 575 576 615
f 576 616 615
f 576 577 616
f 577 617 616
f 577 578 617
f 578 618 617
f 578 579 618
f 579 619 618
f 579 580 619
f 580 620 619
f 580 581 620
f 581 621 620
f 581 582 621
f 582 622 621
f 582 583 622
f 583 623 622
f 583 584 623
f 584 624 623
f 584 585 624
f 585 625 624
f 585 586 625
f 586 626 625
f 586 587 626
f 587 627 626
f 587 588 627
f 588 628 627
f 588 589 628
f 589 629 628
f 589 590 629
f 590 630 629
f 590 591 630
f 591 631 630
f 591 592 631
f 592 632 631
f 592 593 632
f 593 633 632
f 593 594 633
f 594 634 633
f 594 595 634
f 595 635 634
f 595 596 635
f 596 636 635
f 596 597 636
f 597 637 636
f 597 598 637
f 598 638 637
f 598 599 638
f 599 639 638
f 599 600 639
f 600 640 639
f 600 561 640
f 561 601 640
f 601 602 641
f 602 642 641
f 602 603 642
f 603 643 642
f 603 604 643
f 604 644 643
f 604 605 644
f 605 645 644
f 605 606 645
f 606 646 645
f 606 607 646
f 607 647 646
f 607 608 647
f 608 648 647
f 608 609 648
f 609 649 648
f 609 610 649
f 610 650 649
f 610 611 650
f 611 651 650
f 611 612 651
f 612 652 651
f 612 613 652
f 613 653 652
f 613 614 653
f 614 654 653
f 614 615 654
f 615 655 654
f 615 616 655
f 616 656 655
f 616 617 656
f 617 657 656
f 617 618 657
f 618 658 657
f 618 619 658
f 619 659 658
f 619 620 659
f 620 660 659
f 620 621 660
f 621 661 660
f 621 622 661
f 622 662 661
f 622 623 662
f 623 663 662
f 623 624 663
f 624 664 663
f 624 625 664
f 625 665 664
f 625 626 665
f 626 666 665
f 626 627 666
f 627 667 666
f 627 628 667
f 628 668 667
f 628 629 668
f 629 669 668
f 629 630 669
f 630 670 669
f 630 631 670
f 631 671 670
f 631 632 671
f 632 672 671
f 632 633 672
f 633 673 672
f 633 634 673
f 634 674 673
f 634 635 674
f 635 675 674
f 635 636 675
f 636 676 675
f 636 637 676
f 637 677 676
f 637 638 677
f 638 678 677
f 638 639 678
f 639 679 678
f 639 640 679
f 640 680 679
f 640 601 680
f 601 641 680
f 641 642 681
f 642 682 681
f 642 643 682
f 643 683 682
f 643 644 683
f 644 684 683
f 644 645 684
f 645 685 684
f 645 646 685
f 646 686 685
f 646 647 686
f 647 687 686
f 647 648 687
f 648 688 687
f 648 649 688
f 649 689 688
f 649 650 689
f 650 690 689
f 650 651 690
f 651 691 690
f 651 652 691
f 652 692 691
f 652 653 692
f 653 693 692
f 653 654 693
f 654 694 693
f 654 655 694
f 655 695 694
f 655 656 695
f 656 696 695
f 656 657 696
f 657 697 696
f 657 658 697
f 658 698 697
f 658 659 698
f 659 699 698
f 659 660 699
f 660 700 699
f 660 661 700
f 661 701 700
f 661 662 701
f 662 702 701
f 662 663 702
f 663 703 702
f 663 664 703
f 664 704 703
f 664 665 704
f 665 705 704
f 665 666 705
f 666 706 705
f 666 667 706
f 667 707 706
f 667 668 707
f 668 708 707
f 668 669 708
f 669 709 708
f 669 670 709
f 670 710 709
f 670 671 710
f 671 711 710
f 671 672 711
f 672 712 711
f 672 673 712
f 673 713 712
f 673 674 713
f 674 714 713
f 674 675 714
f 675 715 714
f 675 676 715
f 676 716 715
f 676 677 716
f 677 717 716
f 677 678 717
f 678 718 717
f 678 679 718
f 679 719 718
f 679 680 719
f 680 720 719
f 680 641 720
f 641 681 720
f 681 682 721
f 682 722 721
f 682 683 722
f 683 723 722
f 683 684 723
f 684 724 723
f 684 685 724
f 685 725 724
f 685 686 725
f 686 726 725
f 686 687 726
f 687 727 726
f 687 688 727
f 688 728 727
f 688 689 728
f 689 729 728
f 689 690 729
f 690 730 729
f 690 691 730
f 691 731 730
f 691 692 731
f 692 732 731
f 692 693 732
f 693 733 732
f 693 694 733
f 694 734 733
f 694 695 734
f 695 735 734
f 695 696 735
f 696 736 735
f 696 697 736
f 697 737 736
f 697 698 737
f 698 738 737
f 698 699 738
f 699 739 738
f 699 700 739
f 700 740 739
f 700 701 740
f 701 741 740
f 701 702 741
f 702 742 741
f 702 703 742
f 703 743 742
f 703 704 743
f 704 744 743
f 704 705 744
f 705 745 744
f 705 706 745
f 706 746 745
f 706 707 746
f 707 747 746
f 707 708 747
f 708 748 747
f 708 709 748
f 709 749 748
f 709 710 749
f 710 750 749
f 710 711 750
f 711 751 750
f 711 712 751
f 712 752 751
f 712 713 752
f 713 753 752
f 713 714 753
f 714 754 753
f 714 715 754
f 715 755 754
f 715 716 755
f 716 756 755
f 716 717 756
f 717 757 756
f 717 718 757
f 718 758 757
f 718 719 758
f 719 759 758
f 719 720 759
f 720 760 759
f 720 681 760
f 681 721 760
f 721 722 761
f 722 762 761
f 722 723 762
f 723 763 762
f 723 724 763
f 724 764 763
f 724 725 764
f 725 765 764
f 725 726 765
f 726 766 765
f 726 727 766
f 727 767 766
f 727 728 767
f 728 768 767
f 728 729 768
f 729 769 768
f 729 730 769
f 730 770 769
f 730 731 770
f 731 771 770
f 731 732 771
f 732 772 771
f 732 733 772
f 733 773 772
f 733 734 773
f 734 774 773
f 734 735 774
f 735 775 774
f 735 736 775
f 736 776 775
f 736 737 776
f 737 777 776
f 737 738 777
f 738 778 777
f 738 739 778
f 739 779 778
f 739 740 779
f 740 780 779
f 740 741 780
f 741 781 780
f 741 742 781
f 742 782 781
f 742 743 782
f 743 783 782
f 743 744 783
f 744 784 783
f 744 745 784
f 745 785 784
f 745 746 785
f 746 786 785
f 746 747 786
f 747 787 786
f 747 748 787
f 748 788 787
f 748 749 788
f 749 789 788
f 749 750 789
f 750 790 789
f 750 751 790
f 751 791 790
f 751 752 791
f 752 792 791
f 752 753 792
f 753 793 792
f 753 754 793
f 754 794 793
f 754 755 794
f 755 795 794
f 755 756 795
f 756 796 795
f 756 757 796
f 757 797 796
f 757 758 797
f 758 798 797
f 758 759 798
f 759 799 798
f 759 760 799
f 760 800 799
f 760 721 800
f 721 761 800
f 761 762 801
f 762 802 801
f 762 763 802
f 763 803 802
f 763 764 803
f 764 804 803
f 764 765 804
f 765 805 804
f 765 766 805
f 766 806 805
f 766 767 806
f 767 807 806
f 767 768 807
f 768 808 807
f 768 769 808
f 769 809 808
f 769 770 809
f 770 810 809
f 770 771 810
f 771 811 810
f 771 772 811
f 772 812 811
f 772 773 812
f 773 813 812
f 773 774 813
f 774 814 813
f 774 775 814
f 775 815 814
f 775 776 815
f 776 816 815
f 776 777 816
f 777 817 816
f 777 778 817
f 778 818 817
f 778 779 818
f 779 819 818
f 779 780 819
f 780 820 819
f 780 781 820
f 781 821 820
f 781 782 821
f 782 822 821
f 782 783 822
f 783 823 822
f 783 784 823
f 784 824 823
f 784 785 824
f 785 825 824
f 785 786 825
f 786 826 825
f 786 787 826
f 787 827 826
f 787 788 827
f 788 828 827
f 788 789 828
f 789 829 828
f 789 790 829
f 790 830 829
f 790 791 830
f 791 831 830
f 791 792 831
f 792 832 831
f 792 793 832
f 793 833 832
f 793 794 833
f 794 834 833
f 794 795 834
f 795 835 834
f 795 796 835
f 796 836 835
f 796 797 836
f 797 837 836
f 797 798 837
f 798 838 837
f 798 799 838
f 799 839 838
f 799 800 839
f 800 840 839
f 800 761 840
f 761 801 840
f 801 802 841
f 802 842 841
f 802 803 842
f 803 843 842
f 803 804 843
f 804 844 843
f 804 805 844
f 805 845 844
f 805 806 845
f 806 846 845
f 806 807 846
f 807 847 846
f 807 808 847
f 808 848 847
f 808 809 848
f 809 849 848
f 809 810 849
f 810 850 849
f 810 811 850
f 811 851 850
f 811 812 851
f 812 852 851
f 812 813 852
f 813 853 852
f 813 814 853
f 814 854 853
f 814 815 854
f 815 855 854
f 815 816 855
f 816 856 855
f 816 817 856
f 817 857 856
f 817 818 857
f 818 858 857
f 818 819 858
f 819 859 858
f 819 820 859
f 820 860 859
f 820 821 860
f 821 861 860
f 821 822 861
f 822 862 861
f 822 823 862
f 823 863 862
f 823 824 863
f 824 864 863
f 824 825 864
f 825 865 864
f 825 826 865
f 826 866 865
f 826 827 866
f 827 867 866
f 827 828 867
f 828 868 867
f 828 829 868
f 829 869 868
f 829 830 869
f 830 870 869
f 830 831 870
f 831 871 870
f 831 832 871
f 832 872 871
f 832 833 872
f 833 873 872
f 833 834 873
f 834 874 873
f 834 835 874
f 835 875 874
f 835 836 875
f 836 876 875
f 836 837 876
f 837 877 876
f 837 838 877
f 838 878 877
f 838 839 878
f 839 879 878
f 839 840 879
f 840 880 879
f 840 801 880
f 801 841 880
f 841 842 881
f 842 882 881
f 842 843 882
f 843 883 882
f 843 844 883
f 844 884 883
f 844 845 884
f 845 885 884
f 845 846 885
f 846 886 885
f 846 847 886
f 847 887 886
f 847 848 887
f 848 888 887
f 848 849 888
f 849 889 888
f 849 850 889
f 850 890 889
f 850 851 890
f 851 891 890
f 851 852 891
f 852 892 891
f 852 853 892
f 853 893 892
f 853 854 893
f 854 894 893
f 854 855 894
f 855 895 894
f 855 856 895
f 856 896 895
f 856 857 896
f 857 897 896
f 857 858 897
f 858 898 897
f 858 859 898
f 859 899 898
f 859 860 899
f 860 900 899
f 860 861 900
f 861 901 900
f 861 862 901
f 862 902 901
f 862 863 902
f 863 903 902
f 863 864 903
f 864 904 903
f 864 865 904
f 865 905 904
f 865 866 905
f 866 906 905
f 866 867 906
f 867 907 906
f 867 868 907
f 868 908 907
f 868 869 908
f 869 909 908
f 869 870 909
f 870 910 909
f 870 871 910
f 871 911 910
f 871 872 911
f 872 912 911
f 872 873 912
f 873 913 912
f 873 874 913
f 874 914 913
f 874 875 914
f 875 915 914
f 875 876 915
f 876 916 915
f 876 877 916
f 877 917 916
f 877 878 917
f 878 918 917
f 878 879 918
f 879 919 918
f 879 880 919
f 880 920 919
f 880 841 920
f 841 881 920
f 881 882 921
f 882 922 921
f 882 883 922
f 883 923 922
f 883 884 923
f 884 924 923
f 884 885 924
f 885 925 924
f 885 886 925
f 886 926 925
f 886 887 926
f 887 927 926
f 887 888 927
f 888 928 927
f 888 889 928
f 889 929 928
f 889 890 929
f 890 930 929
f 890 891 930
f 891 931 930
f 891 892 931
f 892 932 931
f 892 893 932
f 893 933 932
f 893 894 933
f 894 934 933
f 894 895 934
f 895 935 934
f 895 896 935
f 896 936 935
f 896 897 936
f 897 937 936
f 897 898 937
f 898 938 937
f 898 899 938
f 899 939 938
f 899 900 939
f 900 940 939
f 900 901 940
f 901 941 940
f 901 902 941
f 902 942 941
f 902 903 942
f 903 943 942
f 903 904 943
f 904 944 943
f 904 905 944
f 905 945 944
f 905 906 945
f 906 946 945
f 906 907 946
f 907 947 946
f 907 908 947
f 908 948 947
f 908 909 948
f 909 949 948
f 909 910 949
f 910 950 949
f 910 911 950
f 911 951 950
f 911 912 951
f 912 952 951
f 912 913 952
f 913 953 952
f 913 914 953
f 914 954 953
f 914 915 954
f 915 955 954
f 915 916 955
f 916 956 955
f 916 917 956
f 917 957 956
f 917 918 957
f 918 958 957
f 918 919 958
f 919 959 958
f 919 920 959
f 920 960 959
f 920 881 960
f 881 921 960
f 921 922 961
f 922 923 962
f 923 924 963
f 924 925 964
f 925 926 965
f 926 927 966
f 927 928 967
f 928 929 968
f 929 930 969
f 930 931 970
f 931 932 971
f 932 933 972
f 933 934 973
f 934 935 974
f 935 936 975
f 936 937 976
f 937 938 977
f 938 939 978
f 939 940 979
f 940 941 980
f 941 942 981
f 942 943 982
f 943 944 983
f 944 945 984
f 945 946 985
f 946 947 986
f 947 948 987
f 948 949 988
f 949 950 989
f 950 951 990
f 951 952 991
f 952 953 992
f 953 954 993
f 954 955 994
f 955 956 995
f 956 957 996
f 957 958 997
f 958 959 998
f 959 960 999
f 960 921 1000
o bronze_torso
g bronze_torso
f 1002 1038 1037
f 1003 1039 1038
f 1004 1040 1039
f 1005 1041 1040
f 1006 1042 1041
f 1007 1043 1042
f 1008 1044 1043
f 1009 1045 1044
f 1010 1046 1045
f 1011 1047 1046
f 1012 1048 1047
f 1013 1049 1048
f 1014 1050 1049
f 1015 1051 1050
f 1016 1052 1051
f 1017 1053 1052
f 1018 1054 1053
f 1019 1055 1054
f 1020 1056 1055
f 1021 1057 1056
f 1022 1058 1057
f 1023 1059 1058
f 1024 1060 1059
f 1025 1061 1060
f 1026 1062 1061
f 1027 1063 1062
f 1028 1064 1063
f 1029 1065 1064
f 1030 1066 1065
f 1031 1067 1066
f 1032 1068 1067
f 1033 1069 1068
f 1034 1070 1069
f 1035 1071 1070
f 1036 1072 1071
f 1001 1037 1072
f 1037 1038 1073
f 1038 1074 1073
f 1038 1039 1074
f 1039 1075 1074
f 1039 1040 1075
f 1040 1076 1075
f 1040 1041 1076
f 1041 1077 1076
f 1041 1042 1077
f 1042 1078 1077
f 1042 1043 1078
f 1043 1079 1078
f 1043 1044 1079
f 1044 1080 1079
f 1044 1045 1080
f 1045 1081 1080
f 1045 1046 1081
f 1046 1082 1081
f 1046 1047 1082
f 1047 1083 1082
f 1047 1048 1083
f 1048 1084 1083
f 1048 1049 1084
f 1049 1085 1084
f 1049 1050 1085
f 1050 1086 1085
f 1050 1051 1086
f 1051 1087 1086
f 1051 1052 1087
f 1052 1088 1087
f 1052 1053 1088
f 1053 1089 1088
f 1053 1054 1089
f 1054 1090 1089
f 1054 1055 1090
f 1055 1091 1090
f 1055 1056 1091
f 1056 1092 1091
f 1056 1057 1092
f 1057 1093 1092
f 1057 1058 1093
f 1058 1094 1093
f 1058 1059 1094
f 1059 1095 1094
f 1059 1060 1095
f 1060 1096 1095
f 1060 1061 1096
f 1061 1097 1096
f 1061 1062 1097
f 1062 1098 1097
f 1062 1063 1098
f 1063 1099 1098
f 1063 1064 1099
f 1064 1100 1099
f 1064 1065 1100
f 1065 1101 1100
f 1065 1066 1101
f 1066 1102 1101
f 1066 1067 1102
f 1067 1103 1102
f 1067 1068 1103
f 1068 1104 1103
f 1068 1069 1104
f 1069 1105 1104
f 1069 1070 1105
f 1070 1106 1105
f 1070 1071 1106
f 1071 1107 1106
f 1071 1072 1107
f 1072 1108 1107
f 1072 1037 1108
f 1037 1073 1108
f 1073 1074 1109
f 1074 1110 1109
f 1074 1075 1110
f 1075 1111 1110
f 1075 1076 1111
f 1076 1112 1111
f 1076 1077 1112
f 1077 1113 1112
f 1077 1078 1113
f 1078 1114 1113
f 1078 1079 1114
f 1079 1115 1114
f 1079 1080 1115
f 1080 1116 1115
f 1080 1081 1116
f 1081 1117 1116
f 1081 1082 1117
f 1082 1118 1117
f 1082 1083 1118
f 1083 1119 1118
f 1083 1084 1119
f 1084 1120 1119
f 1084 1085 1120
f 1085 1121 1120
f 1085 1086 1121
f 1086 1122 1121
f 1086 1087 1122
f 1087 1123 1122
f 1087 1088 1123
f 1088 1124 1123
f 1088 1089 1124
f 1089 1125 1124
f 1089 1090 1125
f 1090 1126 1125
f 1090 1091 1126
f 1091 1127 1126
f 1091 1092 1127
f 1092 1128 1127
f 1092 1093 1128
f 1093 1129 1128
f 1093 1094 1129
f 1094 1130 1129
f 1094 1095 1130
f 1095 1131 1130
f 1095 1096 1131
f 1096 1132 1131
f 1096 1097 1132
f 1097 1133 1132
f 1097 1098 1133
f 1098 1134 1133
f 1098 1099 1134
f 1099 1135 1134
f 1099 1100 1135
f 1100 1136 1135
f 1100 1101 1136
f 1101 1137 1136
f 1101 1102 1137
f 1102 1138 1137
f 1102 1103 1138
f 1103 1139 1138
f 1103 1104 1139
f 1104 1140 1139
f 1104 1105 1140
f 1105 1141 1140
f 1105 1106 1141
f 1106 1142 1141
f 1106 1107 1142
f 1107 1143 1142
f 1107 1108 1143
f 1108 1144 1143
f 1108 1073 1144
f 1073 1109 1144
f 1109 1110 1145
f 1110 1146 1145
f 1110 1111 1146
f 1111 1147 1146
f 1111 1112 1147
f 1112 1148 1147
f 1112 1113 1148
f 1113 1149 1148
f 1113 1114 1149
f 1114 1150 1149
f 1114 1115 1150
f 1115 1151 1150
f 1115 1116 1151
f 1116 1152 1151
f 1116 1117 1152
f 1117 1153 1152
f 1117 1118 1153
f 1118 1154 1153
f 1118 1119 1154
f 1119 1155 1154
f 1119 1120 1155
f 1120 1156 1155
f 1120 1121 1156
f 1121 1157 1156
f 1121 1122 1157
f 1122 1158 1157
f 1122 1123 1158
f 1123 1159 1158
f 1123 1124 1159
f 1124 1160 1159
f 1124 1125 1160
f 1125 1161 1160
f 1125 1126 1161
f 1126 1162 1161
f 1126 1127 1162
f 1127 1163 1162
f 1127 1128 1163
f 1128 1164 1163
f 1128 1129 1164
f 1129 1165 1164
f 1129 1130 1165
f 1130 1166 1165
f 1130 1131 1166
f 1131 1167 1166
f 1131 1132 1167
f 1132 1168 1167
f 1132 1133 1168
f 1133 1169 1168
f 1133 1134 1169
f 1134 1170 1169
f 1134 1135 1170
f 1135 1171 1170
f 1135 1136 1171
f 1136 1172 1171
f 1136 1137 1172
f 1137 1173 1172
f 1137 1138 1173
f 1138 1174 1173
f 1138 1139 1174
f 1139 1175 1174
f 1139 1140 1175
f 1140 1176 1175
f 1140 1141 1176
f 1141 1177 1176
f 1141 1142 1177
f 1142 1178 1177
f 1142 1143 1178
f 1143 1179 1178
f 1143 1144 1179
f 1144 1180 1179
f 1144 1109 1180
f 1109 1145 1180
f 1145 1146 1181
f 1146 1182 1181
f 1146 1147 1182
f 1147 1183 1182
f 1147 1148 1183
f 1148 1184 1183
f 1148 1149 1184
f 1149 1185 1184
f 1149 1150 1185
f 1150 1186 1185
f 1150 1151 1186
f 1151 1187 1186
f 1151 1152 1187
f 1152 1188 1187
f 1152 1153 1188
f 1153 1189 1188
f 1153 1154 1189
f 1154 1190 1189
f 1154 1155 1190
f 1155 1191 1190
f 1155 1156 1191
f 1156 1192 1191
f 1156 1157 1192
f 1157 1193 1192
f 1157 1158 1193
f 1158 1194 1193
f 1158 1159 1194
f 1159 1195 1194
f 1159 1160 1195
f 1160 1196 1195
f 1160 1161 1196
f 1161 1197 1196
f 1161 1162 1197
f 1162 1198 1197
f 1162 1163 1198
f 1163 1199 1198
f 1163 1164 1199
f 1164 1200 1199
f 1164 1165 1200
f 1165 1201 1200
f 1165 1166 1201
f 1166 1202 1201
f 1166 1167 1202
f 1167 1203 1202
f 1167 1168 1203
f 1168 1204 1203
f 1168 1169 1204
f 1169 1205 1204
f 1169 1170 1205
f 1170 1206 1205
f 1170 1171 1206
f 1171 1207 1206
f 1171 1172 1207
f 1172 1208 1207
f 1172 1173 1208
f 1173 1209 1208
f 1173 1174 1209
f 1174 1210 1209
f 1174 1175 1210
f 1175 1211 1210
f 1175 1176 1211
f 1176 1212 1211
f 1176 1177 1212
f 1177 1213 1212
f 1177 1178 1213
f 1178 1214 1213
f 1178 1179 1214
f 1179 1215 1214
f 1179 1180 1215
f 1180 1216 1215
f 1180 1145 1216
f 1145 1181 1216
f 1181 1182 1217
f 1182 1218 1217
f 1182 1183 1218
f 1183 1219 1218
f 1183 1184 1219
f 1184 1220 1219
f 1184 1185 1220
f 1185 1221 1220
f 1185 1186 1221
f 1186 1222 1221
f 1186 1187 1222
f 1187 1223 1222
f 1187 1188 1223
f 1188 1224 1223
f 1188 1189 1224
f 1189 1225 1224
f 1189 1190 1225
f 1190 1226 1225
f 1190 1191 1226
f 1191 1227 1226
f 1191 1192 1227
f 1192 1228 1227
f 1192 1193 1228
f 1193 1229 1228
f 1193 1194 1229
f 1194 1230 1229
f 1194 1195 1230
f 1195 1231 1230
f 1195 1196 1231
f 1196 1232 1231
f 1196 1197 1232
f 1197 1233 1232
f 1197 1198 1233
f 1198 1234 1233
f 1198 1199 1234
f 1199 1235 1234
f 1199 1200 1235
f 1200 1236 1235
f 1200 1201 1236
f 1201 1237 1236
f 1201 1202 1237
f 1202 1238 1237
f 1202 1203 1238
f 1203 1239 1238
f 1203 1204 1239
f 1204 1240 1239
f 1204 1205 1240
f 1205 1241 1240
f 1205 1206 1241
f 1206 1242 1241
f 1206 1207 1242
f 1207 1243 1242
f 1207 1208 1243
f 1208 1244 1243
f 1208 1209 1244
f 1209 1245 1244
f 1209 1210 1245
f 1210 1246 1245
f 1210 1211 1246
f 1211 1247 1246
f 1211 1212 1247
f 1212 1248 1247
f 1212 1213 1248
f 1213 1249 1248
f 1213 1214 1249
f 1214 1250 1249
f 1214 1215 1250
f 1215 1251 1250
f 1215 1216 1251
f 1216 1252 1251
f 1216 1181 1252
f 1181 1217 1252
f 1217 1218 1253
f 1218 1254 1253
f 1218 1219 1254
f 1219 1255 1254
f 1219 1220 1255
f 1220 1256 1255
f 1220 1221 1256
f 1221 1257 1256
f 1221 1222 1257
f 1222 1258 1257
f 1222 1223 1258
f 1223 1259 1258
f 1223 1224 1259
f 1224 1260 1259
f 1224 1225 1260
f 1225 1261 1260
f 1225 1226 1261
f 1226 1262 1261
f 1226 1227 1262
f 1227 1263 1262
f 1227 1228 1263
f 1228 1264 1263
f 1228 1229 1264
f 1229 1265 1264
f 1229 1230 1265
f 1230 1266 1265
f 1230 1231 1266
f 1231 1267 1266
f 1231 1232 1267
f 1232 1268 1267
f 1232 1233 1268
f 1233 1269 1268
f 1233 1234 1269
f 1234 1270 1269
f 1234 1235 1270
f 1235 1271 1270
f 1235 1236 1271
f 1236 1272 1271
f 1236 1237 1272
f 1237 1273 1272
f 1237 1238 1273
f 1238 1274 1273
f 1238 1239 1274
f 1239 1275 1274
f 1239 1240 1275
f 1240 1276 1275
f 1240 1241 1276
f 1241 1277 1276
f 1241 1242 1277
f 1242 1278 1277
f 1242 1243 1278
f 1243 1279 1278
f 1243 1244 1279
f 1244 1280 1279
f 1244 1245 1280
f 1245 1281 1280
f 1245 1246 1281
f 1246 1282 1281
f 1246 1247 1282
f 1247 1283 1282
f 1247 1248 1283
f 1248 1284 1283
f 1248 1249 1284
f 1249 1285 1284
f 1249 1250 1285
f 1250 1286 1285
f 1250 1251 1286
f 1251 1287 1286
f 1251 1252 1287
f 1252 1288 1287
f 1252 1217 1288
f 1217 1253 1288
f 1253 1254 1289
f 1254 1290 1289
f 1254 1255 1290
f 1255 1291 1290
f 1255 1256 1291
f 1256 1292 1291
f 1256 1257 1292
f 1257 1293 1292
f 1257 1258 1293
f 1258 1294 1293
f 1258 1259 1294
f 1259 1295 1294
f 1259 1260 1295
f 1260 1296 1295
f 1260 1261 1296
f 1261 1297 1296
f 1261 1262 1297
f 1262 1298 1297
f 1262 1263 1298
f 1263 1299 1298
f 1263 1264 1299
f 1264 1300 1299
f 1264 1265 1300
f 1265 1301 1300
f 1265 1266 1301
f 1266 1302 1301
f 1266 1267 1302
f 1267 1303 1302
f 1267 1268 1303
f 1268 1304 1303
f 1268 1269 1304
f 1269 1305 1304
f 1269 1270 1305
f 1270 1306 1305
f 1270 1271 1306
f 1271 1307 1306
f 1271 1272 1307
f 1272 1308 1307
f 1272 1273 1308
f 1273 1309 1308
f 1273 1274 1309
f 1274 1310 1309
f 1274 1275 1310
f 1275 1311 1310
f 1275 1276 1311
f 1276 1312 1311
f 1276 1277 1312
f 1277 1313 1312
f 1277 1278 1313
f 1278 1314 1313
f 1278 1279 1314
f 1279 1315 1314
f 1279 1280 1315
f 1280 1316 1315
f 1280 1281 1316
f 1281 1317 1316
f 1281 1282 1317
f 1282 1318 1317
f 1282 1283 1318
f 1283 1319 1318
f 1283 1284 1319
f 1284 1320 1319
f 1284 1285 1320
f 1285 1321 1320
f 1285 1286 1321
f 1286 1322 1321
f 1286 1287 1322
f 1287 1323 1322
f 1287 1288 1323
f 1288 1324 1323
f 1288 1253 1324
f 1253 1289 1324
f 1289 1290 1325
f 1290 1326 1325
f 1290 1291 1326
f 1291 1327 1326
f 1291 1292 1327
f 1292 1328 1327
f 1292 1293 1328
f 1293 1329 1328
f 1293 1294 1329
f 1294 1330 1329
f 1294 1295 1330
f 1295 1331 1330
f 1295 1296 1331
f 1296 1332 1331
f 1296 1297 1332
f 1297 1333 1332
f 1297 1298 1333
f 1298 1334 1333
f 1298 1299 1334
f 1299 1335 1334
f 1299 1300 1335
f 1300 1336 1335
f 1300 1301 1336
f 1301 1337 1336
f 1301 1302 1337
f 1302 1338 1337
f 1302 1303 1338
f 1303 1339 1338
f 1303 1304 1339
f 1304 1340 1339
f 1304 1305 1340
f 1305 1341 1340
f 1305 1306 1341
f 1306 1342 1341
f 1306 1307 1342
f 1307 1343 1342
f 1307 1308 1343
f 1308 1344 1343
f 1308 1309 1344
f 1309 1345 1344
f 1309 1310 1345
f 1310 1346 1345
f 1310 1311 1346
f 1311 1347 1346
f 1311 1312 1347
f 1312 1348 1347
f 1312 1313 1348
f 1313 1349 1348
f 1313 1314 1349
f 1314 1350 1349
f 1314 1315 1350
f 1315 1351 1350
f 1315 1316 1351
f 1316 1352 1351
f 1316 1317 1352
f 1317 1353 1352
f 1317 1318 1353
f 1318 1354 1353
f 1318 1319 1354
f 1319 1355 1354
f 1319 1320 1355
f 1320 1356 1355
f 1320 1321 1356
f 1321 1357 1356
f 1321 1322 1357
f 1322 1358 1357
f 1322 1323 1358
f 1323 1359 1358
f 1323 1324 1359
f 1324 1360 1359
f 1324 1289 1360
f 1289 1325 1360
f 1325 1326 1361
f 1326 1362 1361
f 1326 1327 1362
f 1327 1363 1362
f 1327 1328 1363
f 1328 1364 1363
f 1328 1329 1364
f 1329 1365 1364
f 1329 1330 1365
f 1330 1366 1365
f 1330 1331 1366
f 1331 1367 1366
f 1331 1332 1367
f 1332 1368 1367
f 1332 1333 1368
f 1333 1369 1368
f 1333 1334 1369
f 1334 1370 1369
f 1334 1335 1370
f 1335 1371 1370
f 1335 1336 1371
f 1336 1372 1371
f 1336 1337 1372
f 1337 1373 1372
f 1337 1338 1373
f 1338 1374 1373
f 1338 1339 1374
f 1339 1375 1374
f 1339 1340 1375
f 1340 1376 1375
f 1340 1341 1376
f 1341 1377 1376
f 1341 1342 1377
f 1342 1378 1377
f 1342 1343 1378
f 1343 1379 1378
f 1343 1344 1379
f 1344 1380 1379
f 1344 1345 1380
f 1345 1381 1380
f 1345 1346 1381
f 1346 1382 1381
f 1346 1347 1382
f 1347 1383 1382
f 1347 1348 1383
f 1348 1384 1383
f 1348 1349 1384
f 1349 1385 1384
f 1349 1350 1385
f 1350 1386 1385
f 1350 1351 1386
f 1351 1387 1386
f 1351 1352 1387
f 1352 1388 1387
f 1352 1353 1388
f 1353 1389 1388
f 1353 1354 1389
f 1354 1390 1389
f 1354 1355 1390
f 1355 1391 1390
f 1355 1356 1391
f 1356 1392 1391
f 1356 1357 1392
f 1357 1393 1392
f 1357 1358 1393
f 1358 1394 1393
f 1358 1359 1394
f 1359 1395 1394
f 1359 1360 1395
f 1360 1396 1395
f 1360 1325 1396
f 1325 1361 1396
f 1361 1362 1397
f 1362 1398 1397
f 1362 1363 1398
f 1363 1399 1398
f 1363 1364 1399
f 1364 1400 1399
f 1364 1365 1400
f 1365 1401 1400
f 1365 1366 1401
f 1366 1402 1401
f 1366 1367 1402
f 1367 1403 1402
f 1367 1368 1403
f 1368 1404 1403
f 1368 1369 1404
f 1369 1405 1404
f 1369 1370 1405
f 1370 1406 1405
f 1370 1371 1406
f 1371 1407 1406
f 1371 1372 1407
f 1372 1408 1407
f 1372 1373 1408
f 1373 1409 1408
f 1373 1374 1409
f 1374 1410 1409
f 1374 1375 1410
f 1375 1411 1410
f 1375 1376 1411
f 1376 1412 1411
f 1376 1377 1412
f 1377 1413 1412
f 1377 1378 1413
f 1378 1414 1413
f 1378 1379 1414
f 1379 1415 1414
f 1379 1380 1415
f 1380 1416 1415
f 1380 1381 1416
f 1381 1417 1416
f 1381 1382 1417
f 1382 1418 1417
f 1382 1383 1418
f 1383 1419 1418
f 1383 1384 1419
f 1384 1420 1419
f 1384 1385 1420
f 1385 1421 1420
f 1385 1386 1421
f 1386 1422 1421
f 1386 1387 1422
f 1387 1423 1422
f 1387 1388 1423
f 1388 1424 1423
f 1388 1389 1424
f 1389 1425 1424
f 1389 1390 1425
f 1390 1426 1425
f 1390 1391 1426
f 1391 1427 1426
f 1391 1392 1427
f 1392 1428 1427
f 1392 1393 1428
f 1393 1429 1428
f 1393 1394 1429
f 1394 1430 1429
f 1394 1395 1430
f 1395 1431 1430
f 1395 1396 1431
f 1396 1432 1431
f 1396 1361 1432
f 1361 1397 1432
f 1397 1398 1433
f 1398 1434 1433
f 1398 1399 1434
f 1399 1435 1434
f 1399 1400 1435
f 1400 1436 1435
f 1400 1401 1436
f 1401 1437 1436
f 1401 1402 1437
f 1402 1438 1437
f 1402 1403 1438
f 1403 1439 1438
f 1403 1404 1439
f 1404 1440 1439
f 1404 1405 1440
f 1405 1441 1440
f 1405 1406 1441
f 1406 1442 1441
f 1406 1407 1442
f 1407 1443 1442
f 1407 1408 1443
f 1408 1444 1443
f 1408 1409 1444
f 1409 1445 1444
f 1409 1410 1445
f 1410 1446 1445
f 1410 1411 1446
f 1411 1447 1446
f 1411 1412 1447
f 1412 1448 1447
f 1412 1413 1448
f 1413 1449 1448
f 1413 1414 1449
f 1414 1450 1449
f 1414 1415 1450
f 1415 1451 1450
f 1415 1416 1451
f 1416 1452 1451
f 1416 1417 1452
f 1417 1453 1452
f 1417 1418 1453
f 1418 1454 1453
f 1418 1419 1454
f 1419 1455 1454
f 1419 1420 1455
f 1420 1456 1455
f 1420 1421 1456
f 1421 1457 1456
f 1421 1422 1457
f 1422 1458 1457
f 1422 1423 1458
f 1423 1459 1458
f 1423 1424 1459
f 1424 1460 1459
f 1424 1425 1460
f 1425 1461 1460
f 1425 1426 1461
f 1426 1462 1461
f 1426 1427 1462
f 1427 1463 1462
f 1427 1428 1463
f 1428 1464 1463
f 1428 1429 1464
f 1429 1465 1464
f 1429 1430 1465
f 1430 1466 1465
f 1430 1431 1466
f 1431 1467 1466
f 1431 1432 1467
f 1432 1468 1467
f 1432 1397 1468
f 1397 1433 1468
f 1433 1434 1469
f 1434 1470 1469
f 1434 1435 1470
f 1435 1471 1470
f 1435 1436 1471
f 1436 1472 1471
f 1436 1437 1472
f 1437 1473 1472
f 1437 1438 1473
f 1438 1474 1473
f 1438 1439 1474
f 1439 1475 1474
f 1439 1440 1475
f 1440 1476 1475
f 1440 1441 1476
f 1441 1477 1476
f 1441 1442 1477
f 1442 1478 1477
f 1442 1443 1478
f 1443 1479 1478
f 1443 1444 1479
f 1444 1480 1479
f 1444 1445 1480
f 1445 1481 1480
f 1445 1446 1481
f 1446 1482 1481
f 1446 1447 1482
f 1447 1483 1482
f 1447 1448 1483
f 1448 1484 1483
f 1448 1449 1484
f 1449 1485 1484
f 1449 1450 1485
f 1450 1486 1485
f 1450 1451 1486
f 1451 1487 1486
f 1451 1452 1487
f 1452 1488 1487
f 1452 1453 1488
f 1453 1489 1488
f 1453 1454 1489
f 1454 1490 1489
f 1454 1455 1490
f 1455 1491 1490
f 1455 1456 1491
f 1456 1492 1491
f 1456 1457 1492
f 1457 1493 1492
f 1457 1458 1493
f 1458 1494 1493
f 1458 1459 1494
f 1459 1495 1494
f 1459 1460 1495
f 1460 1496 1495
f 1460 1461 1496
f 1461 1497 1496
f 1461 1462 1497
f 1462 1498 1497
f 1462 1463 1498
f 1463 1499 1498
f 1463 1464 1499
f 1464 1500 1499
f 1464 1465 1500
f 1465 1501 1500
f 1465 1466 1501
f 1466 1502 1501
f 1466 1467 1502
f 1467 1503 1502
f 1467 1468 1503
f 1468 1504 1503
f 1468 1433 1504
f 1433 1469 1504
f 1469 1470 1505
f 1470 1506 1505
f 1470 1471 1506
f 1471 1507 1506
f 1471 1472 1507
f 1472 1508 1507
f 1472 1473 1508
f 1473 1509 1508
f 1473 1474 1509
f 1474 1510 1509
f 1474 1475 1510
f 1475 1511 1510
f 1475 1476 1511
f 1476 1512 1511
f 1476 1477 1512
f 1477 1513 1512
f 1477 1478 1513
f 1478 1514 1513
f 1478 1479 1514
f 1479 1515 1514
f 1479 1480 1515
f 1480 1516 1515
f 1480 1481 1516
f 1481 1517 1516
f 1481 1482 1517
f 1482 1518 1517
f 1482 1483 1518
f 1483 1519 1518
f 1483 1484 1519
f 1484 1520 1519
f 1484 1485 1520
f 1485 1521 1520
f 1485 1486 1521
f 1486 1522 1521
f 1486 1487 1522
f 1487 1523 1522
f 1487 1488 1523
f 1488 1524 1523
f 1488 1489 1524
f 1489 1525 1524
f 1489 1490 1525
f 1490 1526 1525
f 1490 1491 1526
f 1491 1527 1526
f 1491 1492 1527
f 1492 1528 1527
f 1492 1493 1528
f 1493 1529 1528
f 1493 1494 1529
f 1494 1530 1529
f 1494 1495 1530
f 1495 1531 1530
f 1495 1496 1531
f 1496 1532 1531
f 1496 1497 1532
f 1497 1533 1532
f 1497 1498 1533
f 1498 1534 1533
f 1498 1499 1534
f 1499 1535 1534
f 1499 1500 1535
f 1500 1536 1535
f 1500 1501 1536
f 1501 1537 1536
f 1501 1502 1537
f 1502 1538 1537
f 1502 1503 1538
f 1503 1539 1538
f 1503 1504 1539
f 1504 1540 1539
f 1504 1469 1540
f 1469 1505 1540
f 1505 1506 1541
f 1506 1542 1541
f 1506 1507 1542
f 1507 1543 1542
f 1507 1508 1543
f 1508 1544 1543
f 1508 1509 1544
f 1509 1545 1544
f 1509 1510 1545
f 1510 1546 1545
f 1510 1511 1546
f 1511 1547 1546
f 1511 1512 1547
f 1512 1548 1547
f 1512 1513 1548
f 1513 1549 1548
f 1513 1514 1549
f 1514 1550 1549
f 1514 1515 1550
f 1515 1551 1550
f 1515 1516 1551
f 1516 1552 1551
f 1516 1517 1552
f 1517 1553 1552
f 1517 1518 1553
f 1518 1554 1553
f 1518 1519 1554
f 1519 1555 1554
f 1519 1520 1555
f 1520 1556 1555
f 1520 1521 1556
f 1521 1557 1556
f 1521 1522 1557
f 1522 1558 1557
f 1522 1523 1558
f 1523 1559 1558
f 1523 1524 1559
f 1524 1560 1559
f 1524 1525 1560
f 1525 1561 1560
f 1525 1526 1561
f 1526 1562 1561
f 1526 1527 1562
f 1527 1563 1562
f 1527 1528 1563
f 1528 1564 1563
f 1528 1529 1564
f 1529 1565 1564
f 1529 1530 1565
f 1530 1566 1565
f 1530 1531 1566
f 1531 1567 1566
f 1531 1532 1567
f 1532 1568 1567
f 1532 1533 1568
f 1533 1569 1568
f 1533 1534 1569
f 1534 1570 1569
f 1534 1535 1570
f 1535 1571 1570
f 1535 1536 1571
f 1536 1572 1571
f 1536 1537 1572
f 1537 1573 1572
f 1537 1538 1573
f 1538 1574 1573
f 1538 1539 1574
f 1539 1575 1574
f 1539 1540 1575
f 1540 1576 1575
f 1540 1505 1576
f 1505 1541 1576
f 1541 1542 1577
f 1542 1578 1577
f 1542 1543 1578
f 1543 1579 1578
f 1543 1544 1579
f 1544 1580 1579
f 1544 1545 1580
f 1545 1581 1580
f 1545 1546 1581
f 1546 1582 1581
f 1546 1547 1582
f 1547 1583 1582
f 1547 1548 1583
f 1548 1584 1583
f 1548 1549 1584
f 1549 1585 1584
f 1549 1550 1585
f 1550 1586 1585
f 1550 1551 1586
f 1551 1587 1586
f 1551 1552 1587
f 1552 1588 1587
f 1552 1553 1588
f 1553 1589 1588
f 1553 1554 1589
f 1554 1590 1589
f 1554 1555 1590
f 1555 1591 1590
f 1555 1556 1591
f 1556 1592 1591
f 1556 1557 1592
f 1557 1593 1592
f 1557 1558 1593
f 1558 1594 1593
f 1558 1559 1594
f 1559 1595 1594
f 1559 1560 1595
f 1560 1596 1595
f 1560 1561 1596
f 1561 1597 1596
f 1561 1562 1597
f 1562 1598 1597
f 1562 1563 1598
f 1563 1599 1598
f 1563 1564 1599
f 1564 1600 1599
f 1564 1565 1600
f 1565 1601 1600
f 1565 1566 1601
f 1566 1602 1601
f 1566 1567 1602
f 1567 1603 1602
f 1567 1568 1603
f 1568 1604 1603
f 1568 1569 1604
f 1569 1605 1604
f 1569 1570 1605
f 1570 1606 1605
f 1570 1571 1606
f 1571 1607 1606
f 1571 1572 1607
f 1572 1608 1607
f 1572 1573 1608
f 1573 1609 1608
f 1573 1574 1609
f 1574 1610 1609
f 1574 1575 1610
f 1575 1611 1610
f 1575 1576 1611
f 1576 1612 1611
f 1576 1541 1612
f 1541 1577 1612
f 1577 1578 1613
f 1578 1614 1613
f 1578 1579 1614
f 1579 1615 1614
f 1579 1580 1615
f 1580 1616 1615
f 1580 1581 1616
f 1581 1617 1616
f 1581 1582 1617
f 1582 1618 1617
f 1582 1583 1618
f 1583 1619 1618
f 1583 1584 1619
f 1584 1620 1619
f 1584 1585 1620
f 1585 1621 1620
f 1585 1586 1621
f 1586 1622 1621
f 1586 1587 1622
f 1587 1623 1622
f 1587 1588 1623
f 1588 1624 1623
f 1588 1589 1624
f 1589 1625 1624
f 1589 1590 1625
f 1590 1626 1625
f 1590 1591 1626
f 1591 1627 1626
f 1591 1592 1627
f 1592 1628 1627
f 1592 1593 1628
f 1593 1629 1628
f 1593 1594 1629
f 1594 1630 1629
f 1594 1595 1630
f 1595 1631 1630
f 1595 1596 1631
f 1596 1632 1631
f 1596 1597 1632
f 1597 1633 1632
f 1597 1598 1633
f 1598 1634 1633
f 1598 1599 1634
f 1599 1635 1634
f 1599 1600 1635
f 1600 1636 1635
f 1600 1601 1636
f 1601 1637 1636
f 1601 1602 1637
f 1602 1638 1637
f 1602 1603 1638
f 1603 1639 1638
f 1603 1604 1639
f 1604 1640 1639
f 1604 1605 1640
f 1605 1641 1640
f 1605 1606 1641
f 1606 1642 1641
f 1606 1607 1642
f 1607 1643 1642
f 1607 1608 1643
f 1608 1644 1643
f 1608 1609 1644
f 1609 1645 1644
f 1609 1610 1645
f 1610 1646 1645
f 1610 1611 1646
f 1611 1647 1646
f 1611 1612 1647
f 1612 1648 1647
f 1612 1577 1648
f 1577 1613 1648
f 1613 1614 1649
f 1614 1650 1649
f 1614 1615 1650
f 1615 1651 1650
f 1615 1616 1651
f 1616 1652 1651
f 1616 1617 1652
f 1617 1653 1652
f 1617 1618 1653
f 1618 1654 1653
f 1618 1619 1654
f 1619 1655 1654
f 1619 1620 1655
f 1620 1656 1655
f 1620 1621 1656
f 1621 1657 1656
f 1621 1622 1657
f 1622 1658 1657
f 1622 1623 1658
f 1623 1659 1658
f 1623 1624 1659
f 1624 1660 1659
f 1624 1625 1660
f 1625 1661 1660
f 1625 1626 1661
f 1626 1662 1661
f 1626 1627 1662
f 1627 1663 1662
f 1627 1628 1663
f 1628 1664 1663
f 1628 1629 1664
f 1629 1665 1664
f 1629 1630 1665
f 1630 1666 1665
f 1630 1631 1666
f 1631 1667 1666
f 1631 1632 1667
f 1632 1668 1667
f 1632 1633 1668
f 1633 1669 1668
f 1633 1634 1669
f 1634 1670 1669
f 1634 1635 1670
f 1635 1671 1670
f 1635 1636 1671
f 1636 1672 1671
f 1636 1637 1672
f 1637 1673 1672
f 1637 1638 1673
f 1638 1674 1673
f 1638 1639 1674
f 1639 1675 1674
f 1639 1640 1675
f 1640 1676 1675
f 1640 1641 1676
f 1641 1677 1676
f 1641 1642 1677
f 1642 1678 1677
f 1642 1643 1678
f 1643 1679 1678
f 1643 1644 1679
f 1644 1680 1679
f 1644 1645 1680
f 1645 1681 1680
f 1645 1646 1681
f 1646 1682 1681
f 1646 1647 1682
f 1647 1683 1682
f 1647 1648 1683
f 1648 1684 1683
f 1648 1613 1684
f 1613 1649 1684
f 1649 1650 1685
f 1650 1686 1685
f 1650 1651 1686
f 1651 1687 1686
f 1651 1652 1687
f 1652 1688 1687
f 1652 1653 1688
f 1653 1689 1688
f 1653 1654 1689
f 1654 1690 1689
f 1654 1655 1690
f 1655 1691 1690
f 1655 1656 1691
f 1656 1692 1691
f 1656 1657 1692
f 1657 1693 1692
f 1657 1658 1693
f 1658 1694 1693
f 1658 1659 1694
f 1659 1695 1694
f 1659 1660 1695
f 1660 1696 1695
f 1660 1661 1696
f 1661 1697 1696
f 1661 1662 1697
f 1662 1698 1697
f 1662 1663 1698
f 1663 1699 1698
f 1663 1664 1699
f 1664 1700 1699
f 1664 1665 1700
f 1665 1701 1700
f 1665 1666 1701
f 1666 1702 1701
f 1666 1667 1702
f 1667 1703 1702
f 1667 1668 1703
f 1668 1704 1703
f 1668 1669 1704
f 1669 1705 1704
f 1669 1670 1705
f 1670 1706 1705
f 1670 1671 1706
f 1671 1707 1706
f 1671 1672 1707
f 1672 1708 1707
f 1672 1673 1708
f 1673 1709 1708
f 1673 1674 1709
f 1674 1710 1709
f 1674 1675 1710
f 1675 1711 1710
f 1675 1676 1711
f 1676 1712 1711
f 1676 1677 1712
f 1677 1713 1712
f 1677 1678 1713
f 1678 1714 1713
f 1678 1679 1714
f 1679 1715 1714
f 1679 1680 1715
f 1680 1716 1715
f 1680 1681 1716
f 1681 1717 1716
f 1681 1682 1717
f 1682 1718 1717
f 1682 1683 1718
f 1683 1719 1718
f 1683 1684 1719
f 1684 1720 1719
f 1684 1649 1720
f 1649 1685 1720
f 1685 1686 1721
f 1686 1722 1721
f 1686 1687 1722
f 1687 1723 1722
f 1687 1688 1723
f 1688 1724 1723
f 1688 1689 1724
f 1689 1725 1724
f 1689 1690 1725
f 1690 1726 1725
f 1690 1691 1726
f 1691 1727 1726
f 1691 1692 1727
f 1692 1728 1727
f 1692 1693 1728
f 1693 1729 1728
f 1693 1694 1729
f 1694 1730 1729
f 1694 1695 1730
f 1695 1731 1730
f 1695 1696 1731
f 1696 1732 1731
f 1696 1697 1732
f 1697 1733 1732
f 1697 1698 1733
f 1698 1734 1733
f 1698 1699 1734
f 1699 1735 1734
f 1699 1700 1735
f 1700 1736 1735
f 1700 1701 1736
f 1701 1737 1736
f 1701 1702 1737
f 1702 1738 1737
f 1702 1703 1738
f 1703 1739 1738
f 1703 1704 1739
f 1704 1740 1739
f 1704 1705 1740
f 1705 1741 1740
f 1705 1706 1741
f 1706 1742 1741
f 1706 1707 1742
f 1707 1743 1742
f 1707 1708 1743
f 1708 1744 1743
f 1708 1709 1744
f 1709 1745 1744
f 1709 1710 1745
f 1710 1746 1745
f 1710 1711 1746
f 1711 1747 1746
f 1711 1712 1747
f 1712 1748 1747
f 1712 1713 1748
f 1713 1749 1748
f 1713 1714 1749
f 1714 1750 1749
f 1714 1715 1750
f 1715 1751 1750
f 1715 1716 1751
f 1716 1752 1751
f 1716 1717 1752
f 1717 1753 1752
f 1717 1718 1753
f 1718 1754 1753
f 1718 1719 1754
f 1719 1755 1754
f 1719 1720 1755
f 1720 1756 1755
f 1720 1685 1756
f 1685 1721 1756
f 1721 1722 1757
f 1722 1758 1757
f 1722 1723 1758
f 1723 1759 1758
f 1723 1724 1759
f 1724 1760 1759
f 1724 1725 1760
f 1725 1761 1760
f 1725 1726 1761
f 1726 1762 1761
f 1726 1727 1762
f 1727 1763 1762
f 1727 1728 1763
f 1728 1764 1763
f 1728 1729 1764
f 1729 1765 1764
f 1729 1730 1765
f 1730 1766 1765
f 1730 1731 1766
f 1731 1767 1766
f 1731 1732 1767
f 1732 1768 1767
f 1732 1733 1768
f 1733 1769 1768
f 1733 1734 1769
f 1734 1770 1769
f 1734 1735 1770
f 1735 1771 1770
f 1735 1736 1771
f 1736 1772 1771
f 1736 1737 1772
f 1737 1773 1772
f 1737 1738 1773
f 1738 1774 1773
f 1738 1739 1774
f 1739 1775 1774
f 1739 1740 1775
f 1740 1776 1775
f 1740 1741 1776
f 1741 1777 1776
f 1741 1742 1777
f 1742 1778 1777
f 1742 1743 1778
f 1743 1779 1778
f 1743 1744 1779
f 1744 1780 1779
f 1744 1745 1780
f 1745 1781 1780
f 1745 1746 1781
f 1746 1782 1781
f 1746 1747 1782
f 1747 1783 1782
f 1747 1748 1783
f 1748 1784 1783
f 1748 1749 1784
f 1749 1785 1784
f 1749 1750 1785
f 1750 1786 1785
f 1750 1751 1786
f 1751 1787 1786
f 1751 1752 1787
f 1752 1788 1787
f 1752 1753 1788
f 1753 1789 1788
f 1753 1754 1789
f 1754 1790 1789
f 1754 1755 1790
f 1755 1791 1790
f 1755 1756 1791
f 1756 1792 1791
f 1756 1721 1792
f 1721 1757 1792
f 1757 1758 1793
f 1758 1759 1794
f 1759 1760 1795
f 1760 1761 1796
f 1761 1762 1797
f 1762 1763 1798
f 1763 1764 1799
f 1764 1765 1800
f 1765 1766 1801
f 1766 1767 1802
f 1767 1768 1803
f 1768 1769 1804
f 1769 1770 1805
f 1770 1771 1806
f 1771 1772 1807
f 1772 1773 1808
f 1773 1774 1809
f 1774 1775 1810
f 1775 1776 1811
f 1776 1777 1812
f 1777 1778 1813
f 1778 1779 1814
f 1779 1780 1815
f 1780 1781 1816
f 1781 1782 1817
f 1782 1783 1818
f 1783 1784 1819
f 1784 1785 1820
f 1785 1786 1821
f 1786 1787 1822
f 1787 1788 1823
f 1788 1789 1824
f 1789 1790 1825
f 1790 1791 1826
f 1791 1792 1827
f 1792 1757 1828
o bronze_ear_L
g bronze_ear_L
f 1830 1854 1853
f 1831 1855 1854
f 1832 1856 1855
f 1833 1857 1856
f 1834 1858 1857
f 1835 1859 1858
f 1836 1860 1859
f 1837 1861 1860
f 1838 1862 1861
f 1839 1863 1862
f 1840 1864 1863
f 1841 1865 1864
f 1842 1866 1865
f 1843 1867 1866
f 1844 1868 1867
f 1845 1869 1868
f 1846 1870 1869
f 1847 1871 1870
f 1848 1872 1871
f 1849 1873 1872
f 1850 1874 1873
f 1851 1875 1874
f 1852 1876 1875
f 1829 1853 1876
f 1853 1854 1877
f 1854 1878 1877
f 1854 1855 1878
f 1855 1879 1878
f 1855 1856 1879
f 1856 1880 1879
f 1856 1857 1880
f 1857 1881 1880
f 1857 1858 1881
f 1858 1882 1881
f 1858 1859 1882
f 1859 1883 1882
f 1859 1860 1883
f 1860 1884 1883
f 1860 1861 1884
f 1861 1885 1884
f 1861 1862 1885
f 1862 1886 1885
f 1862 1863 1886
f 1863 1887 1886
f 1863 1864 1887
f 1864 1888 1887
f 1864 1865 1888
f 1865 1889 1888
f 1865 1866 1889
f 1866 1890 1889
f 1866 1867 1890
f 1867 1891 1890
f 1867 1868 1891
f 1868 1892 1891
f 1868 1869 1892
f 1869 1893 1892
f 1869 1870 1893
f 1870 1894 1893
f 1870 1871 1894
f 1871 1895 1894
f 1871 1872 1895
f 1872 1896 1895
f 1872 1873 1896
f 1873 1897 1896
f 1873 1874 1897
f 1874 1898 1897
f 1874 1875 1898
f 1875 1899 1898
f 1875 1876 1899
f 1876 1900 1899
f 1876 1853 1900
f 1853 1877 1900
f 1877 1878 1901
f 1878 1902 1901
f 1878 1879 1902
f 1879 1903 1902
f 1879 1880 1903
f 1880 1904 1903
f 1880 1881 1904
f 1881 1905 1904
f 1881 1882 1905
f 1882 1906 1905
f 1882 1883 1906
f 1883 1907 1906
f 1883 1884 1907
f 1884 1908 1907
f 1884 1885 1908
f 1885 1909 1908
f 1885 1886 1909
f 1886 1910 1909
f 1886 1887 1910
f 1887 1911 1910
f 1887 1888 1911
f 1888 1912 1911
f 1888 1889 1912
f 1889 1913 1912
f 1889 1890 1913
f 1890 1914 1913
f 1890 1891 1914
f 1891 1915 1914
f 1891 1892 1915
f 1892 1916 1915
f 1892 1893 1916
f 1893 1917 1916
f 1893 1894 1917
f 1894 1918 1917
f 1894 1895 1918
f 1895 1919 1918
f 1895 1896 1919
f 1896 1920 1919
f 1896 1897 1920
f 1897 1921 1920
f 1897 1898 1921
f 1898 1922 1921
f 1898 1899 1922
f 1899 1923 1922
f 1899 1900 1923
f 1900 1924 1923
f 1900 1877 1924
f 1877 1901 1924
f 1901 1902 1925
f 1902 1926 1925
f 1902 1903 1926
f 1903 1927 1926
f 1903 1904 1927
f 1904 1928 1927
f 1904 1905 1928
f 1905 1929 1928
f 1905 1906 1929
f 1906 1930 1929
f 1906 1907 1930
f 1907 1931 1930
f 1907 1908 1931
f 1908 1932 1931
f 1908 1909 1932
f 1909 1933 1932
f 1909 1910 1933
f 1910 1934 1933
f 1910 1911 1934
f 1911 1935 1934
f 1911 1912 1935
f 1912 1936 1935
f 1912 1913 1936
f 1913 1937 1936
f 1913 1914 1937
f 1914 1938 1937
f 1914 1915 1938
f 1915 1939 1938
f 1915 1916 1939
f 1916 1940 1939
f 1916 1917 1940
f 1917 1941 1940
f 1917 1918 1941
f 1918 1942 1941
f 1918 1919 1942
f 1919 1943 1942
f 1919 1920 1943
f 1920 1944 1943
f 1920 1921 1944
f 1921 1945 1944
f 1921 1922 1945
f 1922 1946 1945
f 1922 1923 1946
f 1923 1947 1946
f 1923 1924 1947
f 1924 1948 1947
f 1924 1901 1948
f 1901 1925 1948
f 1925 1926 1949
f 1926 1950 1949
f 1926 1927 1950
f 1927 1951 1950
f 1927 1928 1951
f 1928 1952 1951
f 1928 1929 1952
f 1929 1953 1952
f 1929 1930 1953
f 1930 1954 1953
f 1930 1931 1954
f 1931 1955 1954
f 1931 1932 1955
f 1932 1956 1955
f 1932 1933 1956
f 1933 1957 1956
f 1933 1934 1957
f 1934 1958 1957
f 1934 1935 1958
f 1935 1959 1958
f 1935 1936 1959
f 1936 1960 1959
f 1936 1937 1960
f 1937 1961 1960
f 1937 1938 1961
f 1938 1962 1961
f 1938 1939 1962
f 1939 1963 1962
f 1939 1940 1963
f 1940 1964 1963
f 1940 1941 1964
f 1941 1965 1964
f 1941 1942 1965
f 1942 1966 1965
f 1942 1943 1966
f 1943 1967 1966
f 1943 1944 1967
f 1944 1968 1967
f 1944 1945 1968
f 1945 1969 1968
f 1945 1946 1969
f 1946 1970 1969
f 1946 1947 1970
f 1947 1971 1970
f 1947 1948 1971
f 1948 1972 1971
f 1948 1925 1972
f 1925 1949 1972
f 1949 1950 1973
f 1950 1974 1973
f 1950 1951 1974
f 1951 1975 1974
f 1951 1952 1975
f 1952 1976 1975
f 1952 1953 1976
f 1953 1977 1976
f 1953 1954 1977
f 1954 1978 1977
f 1954 1955 1978
f 1955 1979 1978
f 1955 1956 1979
f 1956 1980 1979
f 1956 1957 1980
f 1957 1981 1980
f 1957 1958 1981
f 1958 1982 1981
f 1958 1959 1982
f 1959 1983 1982
f 1959 1960 1983
f 1960 1984 1983
f 1960 1961 1984
f 1961 1985 1984
f 1961 1962 1985
f 1962 1986 1985
f 1962 1963 1986
f 1963 1987 1986
f 1963 1964 1987
f 1964 1988 1987
f 1964 1965 1988
f 1965 1989 1988
f 1965 1966 1989
f 1966 1990 1989
f 1966 1967 1990
f 1967 1991 1990
f 1967 1968 1991
f 1968 1992 1991
f 1968 1969 1992
f 1969 1993 1992
f 1969 1970 1993
f 1970 1994 1993
f 1970 1971 1994
f 1971 1995 1994
f 1971 1972 1995
f 1972 1996 1995
f 1972 1949 1996
f 1949 1973 1996
f 1973 1974 1997
f 1974 1998 1997
f 1974 1975 1998
f 1975 1999 1998
f 1975 1976 1999
f 1976 2000 1999
f 1976 1977 2000
f 1977 2001 2000
f 1977 1978 2001
f 1978 2002 2001
f 1978 1979 2002
f 1979 2003 2002
f 1979 1980 2003
f 1980 2004 2003
f 1980 1981 2004
f 1981 2005 2004
f 1981 1982 2005
f 1982 2006 2005
f 1982 1983 2006
f 1983 2007 2006
f 1983 1984 2007
f 1984 2008 2007
f 1984 1985 2008
f 1985 2009 2008
f 1985 1986 2009
f 1986 2010 2009
f 1986 1987 2010
f 1987 2011 2010
f 1987 1988 2011
f 1988 2012 2011
f 1988 1989 2012
f 1989 2013 2012
f 1989 1990 2013
f 1990 2014 2013
f 1990 1991 2014
f 1991 2015 2014
f 1991 1992 2015
f 1992 2016 2015
f 1992 1993 2016
f 1993 2017 2016
f 1993 1994 2017
f 1994 2018 2017
f 1994 1995 2018
f 1995 2019 2018
f 1995 1996 2019
f 1996 2020 2019
f 1996 1973 2020
f 1973 1997 2020
f 1997 1998 2021
f 1998 2022 2021
f 1998 1999 2022
f 1999 2023 2022
f 1999 2000 2023
f 2000 2024 2023
f 2000 2001 2024
f 2001 2025 2024
f 2001 2002 2025
f 2002 2026 2025
f 2002 2003 2026
f 2003 2027 2026
f 2003 2004 2027
f 2004 2028 2027
f 2004 2005 2028
f 2005 2029 2028
f 2005 2006 2029
f 2006 2030 2029
f 2006 2007 2030
f 2007 2031 2030
f 2007 2008 2031
f 2008 2032 2031
f 2008 2009 2032
f 2009 2033 2032
f 2009 2010 2033
f 2010 2034 2033
f 2010 2011 2034
f 2011 2035 2034
f 2011 2012 2035
f 2012 2036 2035
f 2012 2013 2036
f 2013 2037 2036
f 2013 2014 2037
f 2014 2038 2037
f 2014 2015 2038
f 2015 2039 2038
f 2015 2016 2039
f 2016 2040 2039
f 2016 2017 2040
f 2017 2041 2040
f 2017 2018 2041
f 2018 2042 2041
f 2018 2019 2042
f 2019 2043 2042
f 2019 2020 2043
f 2020 2044 2043
f 2020 1997 2044
f 1997 2021 2044
f 2021 2022 2045
f 2022 2046 2045
f 2022 2023 2046
f 2023 2047 2046
f 2023 2024 2047
f 2024 2048 2047
f 2024 2025 2048
f 2025 2049 2048
f 2025 2026 2049
f 2026 2050 2049
f 2026 2027 2050
f 2027 2051 2050
f 2027 2028 2051
f 2028 2052 2051
f 2028 2029 2052
f 2029 2053 2052
f 2029 2030 2053
f 2030 2054 2053
f 2030 2031 2054
f 2031 2055 2054
f 2031 2032 2055
f 2032 2056 2055
f 2032 2033 2056
f 2033 2057 2056
f 2033 2034 2057
f 2034 2058 2057
f 2034 2035 2058
f 2035 2059 2058
f 2035 2036 2059
f 2036 2060 2059
f 2036 2037 2060
f 2037 2061 2060
f 2037 2038 2061
f 2038 2062 2061
f 2038 2039 2062
f 2039 2063 2062
f 2039 2040 2063
f 2040 2064 2063
f 2040 2041 2064
f 2041 2065 2064
f 2041 2042 2065
f 2042 2066 2065
f 2042 2043 2066
f 2043 2067 2066
f 2043 2044 2067
f 2044 2068 2067
f 2044 2021 2068
f 2021 2045 2068
f 2045 2046 2069
f 2046 2070 2069
f 2046 2047 2070
f 2047 2071 2070
f 2047 2048 2071
f 2048 2072 2071
f 2048 2049 2072
f 2049 2073 2072
f 2049 2050 2073
f 2050 2074 2073
f 2050 2051 2074
f 2051 2075 2074
f 2051 2052 2075
f 2052 2076 2075
f 2052 2053 2076
f 2053 2077 2076
f 2053 2054 2077
f 2054 2078 2077
f 2054 2055 2078
f 2055 2079 2078
f 2055 2056 2079
f 2056 2080 2079
f 2056 2057 2080
f 2057 2081 2080
f 2057 2058 2081
f 2058 2082 2081
f 2058 2059 2082
f 2059 2083 2082
f 2059 2060 2083
f 2060 2084 2083
f 2060 2061 2084
f 2061 2085 2084
f 2061 2062 2085
f 2062 2086 2085
f 2062 2063 2086
f 2063 2087 2086
f 2063 2064 2087
f 2064 2088 2087
f 2064 2065 2088
f 2065 2089 2088
f 2065 2066 2089
f 2066 2090 2089
f 2066 2067 2090
f 2067 2091 2090
f 2067 2068 2091
f 2068 2092 2091
f 2068 2045 2092
f 2045 2069 2092
f 2069 2070 2093
f 2070 2094 2093
f 2070 2071 2094
f 2071 2095 2094
f 2071 2072 2095
f 2072 2096 2095
f 2072 2073 2096
f 2073 2097 2096
f 2073 2074 2097
f 2074 2098 2097
f 2074 2075 2098
f 2075 2099 2098
f 2075 2076 2099
f 2076 2100 2099
f 2076 2077 2100
f 2077 2101 2100
f 2077 2078 2101
f 2078 2102 2101
f 2078 2079 2102
f 2079 2103 2102
f 2079 2080 2103
f 2080 2104 2103
f 2080 2081 2104
f 2081 2105 2104
f 2081 2082 2105
f 2082 2106 2105
f 2082 2083 2106
f 2083 2107 2106
f 2083 2084 2107
f 2084 2108 2107
f 2084 2085 2108
f 2085 2109 2108
f 2085 2086 2109
f 2086 2110 2109
f 2086 2087 2110
f 2087 2111 2110
f 2087 2088 2111
f 2088 2112 2111
f 2088 2089 2112
f 2089 2113 2112
f 2089 2090 2113
f 2090 2114 2113
f 2090 2091 2114
f 2091 2115 2114
f 2091 2092 2115
f 2092 2116 2115
f 2092 2069 2116
f 2069 2093 2116
f 2093 2094 2117
f 2094 2118 2117
f 2094 2095 2118
f 2095 2119 2118
f 2095 2096 2119
f 2096 2120 2119
f 2096 2097 2120
f 2097 2121 2120
f 2097 2098 2121
f 2098 2122 2121
f 2098 2099 2122
f 2099 2123 2122
f 2099 2100 2123
f 2100 2124 2123
f 2100 2101 2124
f 2101 2125 2124
f 2101 2102 2125
f 2102 2126 2125
f 2102 2103 2126
f 2103 2127 2126
f 2103 2104 2127
f 2104 2128 2127
f 2104 2105 2128
f 2105 2129 2128
f 2105 2106 2129
f 2106 2130 2129
f 2106 2107 2130
f 2107 2131 2130
f 2107 2108 2131
f 2108 2132 2131
f 2108 2109 2132
f 2109 2133 2132
f 2109 2110 2133
f 2110 2134 2133
f 2110 2111 2134
f 2111 2135 2134
f 2111 2112 2135
f 2112 2136 2135
f 2112 2113 2136
f 2113 2137 2136
f 2113 2114 2137
f 2114 2138 2137
f 2114 2115 2138
f 2115 2139 2138
f 2115 2116 2139
f 2116 2140 2139
f 2116 2093 2140
f 2093 2117 2140
f 2117 2118 2141
f 2118 2142 2141
f 2118 2119 2142
f 2119 2143 2142
f 2119 2120 2143
f 2120 2144 2143
f 2120 2121 2144
f 2121 2145 2144
f 2121 2122 2145
f 2122 2146 2145
f 2122 2123 2146
f 2123 2147 2146
f 2123 2124 2147
f 2124 2148 2147
f 2124 2125 2148
f 2125 2149 2148
f 2125 2126 2149
f 2126 2150 2149
f 2126 2127 2150
f 2127 2151 2150
f 2127 2128 2151
f 2128 2152 2151
f 2128 2129 2152
f 2129 2153 2152
f 2129 2130 2153
f 2130 2154 2153
f 2130 2131 2154
f 2131 2155 2154
f 2131 2132 2155
f 2132 2156 2155
f 2132 2133 2156
f 2133 2157 2156
f 2133 2134 2157
f 2134 2158 2157
f 2134 2135 2158
f 2135 2159 2158
f 2135 2136 2159
f 2136 2160 2159
f 2136 2137 2160
f 2137 2161 2160
f 2137 2138 2161
f 2138 2162 2161
f 2138 2139 2162
f 2139 2163 2162
f 2139 2140 2163
f 2140 2164 2163
f 2140 2117 2164
f 2117 2141 2164
f 2141 2142 2165
f 2142 2166 2165
f 2142 2143 2166
f 2143 2167 2166
f 2143 2144 2167
f 2144 2168 2167
f 2144 2145 2168
f 2145 2169 2168
f 2145 2146 2169
f 2146 2170 2169
f 2146 2147 2170
f 2147 2171 2170
f 2147 2148 2171
f 2148 2172 2171
f 2148 2149 2172
f 2149 2173 2172
f 2149 2150 2173
f 2150 2174 2173
f 2150 2151 2174
f 2151 2175 2174
f 2151 2152 2175
f 2152 2176 2175
f 2152 2153 2176
f 2153 2177 2176
f 2153 2154 2177
f 2154 2178 2177
f 2154 2155 2178
f 2155 2179 2178
f 2155 2156 2179
f 2156 2180 2179
f 2156 2157 2180
f 2157 2181 2180
f 2157 2158 2181
f 2158 2182 2181
f 2158 2159 2182
f 2159 2183 2182
f 2159 2160 2183
f 2160 2184 2183
f 2160 2161 2184
f 2161 2185 2184
f 2161 2162 2185
f 2162 2186 2185
f 2162 2163 2186
f 2163 2187 2186
f 2163 2164 2187
f 2164 2188 2187
f 2164 2141 2188
f 2141 2165 2188
f 2165 2166 2189
f 2166 2190 2189
f 2166 2167 2190
f 2167 2191 2190
f 2167 2168 2191
f 2168 2192 2191
f 2168 2169 2192
f 2169 2193 2192
f 2169 2170 2193
f 2170 2194 2193
f 2170 2171 2194
f 2171 2195 2194
f 2171 2172 2195
f 2172 2196 2195
f 2172 2173 2196
f 2173 2197 2196
f 2173 2174 2197
f 2174 2198 2197
f 2174 2175 2198
f 2175 2199 2198
f 2175 2176 2199
f 2176 2200 2199
f 2176 2177 2200
f 2177 2201 2200
f 2177 2178 2201
f 2178 2202 2201
f 2178 2179 2202
f 2179 2203 2202
f 2179 2180 2203
f 2180 2204 2203
f 2180 2181 2204
f 2181 2205 2204
f 2181 2182 2205
f 2182 2206 2205
f 2182 2183 2206
f 2183 2207 2206
f 2183 2184 2207
f 2184 2208 2207
f 2184 2185 2208
f 2185 2209 2208
f 2185 2186 2209
f 2186 2210 2209
f 2186 2187 2210
f 2187 2211 2210
f 2187 2188 2211
f 2188 2212 2211
f 2188 2165 2212
f 2165 2189 2212
f 2189 2190 2213
f 2190 2191 2214
f 2191 2192 2215
f 2192 2193 2216
f 2193 2194 2217
f 2194 2195 2218
f 2195 2196 2219
f 2196 2197 2220
f 2197 2198 2221
f 2198 2199 2222
f 2199 2200 2223
f 2200 2201 2224
f 2201 2202 2225
f 2202 2203 2226
f 2203 2204 2227
f 2204 2205 2228
f 2205 2206 2229
f 2206 2207 2230
f 2207 2208 2231
f 2208 2209 2232
f 2209 2210 2233
f 2210 2211 2234
f 2211 2212 2235
f 2212 2189 2236
o bronze_ear_R
g bronze_ear_R
f 2238 2262 2261
f 2239 2263 2262
f 2240 2264 2263
f 2241 2265 2264
f 2242 2266 2265
f 2243 2267 2266
f 2244 2268 2267
f 2245 2269 2268
f 2246 2270 2269
f 2247 2271 2270
f 2248 2272 2271
f 2249 2273 2272
f 2250 2274 2273
f 2251 2275 2274
f 2252 2276 2275
f 2253 2277 2276
f 2254 2278 2277
f 2255 2279 2278
f 2256 2280 2279
f 2257 2281 2280
f 2258 2282 2281
f 2259 2283 2282
f 2260 2284 2283
f 2237 2261 2284
f 2261 2262 2285
f 2262 2286 2285
f 2262 2263 2286
f 2263 2287 2286
f 2263 2264 2287
f 2264 2288 2287
f 2264 2265 2288
f 2265 2289 2288
f 2265 2266 2289
f 2266 2290 2289
f 2266 2267 2290
f 2267 2291 2290
f 2267 2268 2291
f 2268 2292 2291
f 2268 2269 2292
f 2269 2293 2292
f 2269 2270 2293
f 2270 2294 2293
f 2270 2271 2294
f 2271 2295 2294
f 2271 2272 2295
f 2272 2296 2295
f 2272 2273 2296
f 2273 2297 2296
f 2273 2274 2297
f 2274 2298 2297
f 2274 2275 2298
f 2275 2299 2298
f 2275 2276 2299
f 2276 2300 2299
f 2276 2277 2300
f 2277 2301 2300
f 2277 2278 2301
f 2278 2302 2301
f 2278 2279 2302
f 2279 2303 2302
f 2279 2280 2303
f 2280 2304 2303
f 2280 2281 2304
f 2281 2305 2304
f 2281 2282 2305
f 2282 2306 2305
f 2282 2283 2306
f 2283 2307 2306
f 2283 2284 2307
f 2284 2308 2307
f 2284 2261 2308
f 2261 2285 2308
f 2285 2286 2309
f 2286 2310 2309
f 2286 2287 2310
f 2287 2311 2310
f 2287 2288 2311
f 2288 2312 2311
f 2288 2289 2312
f 2289 2313 2312
f 2289 2290 2313
f 2290 2314 2313
f 2290 2291 2314
f 2291 2315 2314
f 2291 2292 2315
f 2292 2316 2315
f 2292 2293 2316
f 2293 2317 2316
f 2293 2294 2317
f 2294 2318 2317
f 2294 2295 2318
f 2295 2319 2318
f 2295 2296 2319
f 2296 2320 2319
f 2296 2297 2320
f 2297 2321 2320
f 2297 2298 2321
f 2298 2322 2321
f 2298 2299 2322
f 2299 2323 2322
f 2299 2300 2323
f 2300 2324 2323
f 2300 2301 2324
f 2301 2325 2324
f 2301 2302 2325
f 2302 2326 2325
f 2302 2303 2326
f 2303 2327 2326
f 2303 2304 2327
f 2304 2328 2327
f 2304 2305 2328
f 2305 2329 2328
f 2305 2306 2329
f 2306 2330 2329
f 2306 2307 2330
f 2307 2331 2330
f 2307 2308 2331
f 2308 2332 2331
f 2308 2285 2332
f 2285 2309 2332
f 2309 2310 2333
f 2310 2334 2333
f 2310 2311 2334
f 2311 2335 2334
f 2311 2312 2335
f 2312 2336 2335
f 2312 2313 2336
f 2313 2337 2336
f 2313 2314 2337
f 2314 2338 2337
f 2314 2315 2338
f 2315 2339 2338
f 2315 2316 2339
f 2316 2340 2339
f 2316 2317 2340
f 2317 2341 2340
f 2317 2318 2341
f 2318 2342 2341
f 2318 2319 2342
f 2319 2343 2342
f 2319 2320 2343
f 2320 2344 2343
f 2320 2321 2344
f 2321 2345 2344
f 2321 2322 2345
f 2322 2346 2345
f 2322 2323 2346
f 2323 2347 2346
f 2323 2324 2347
f 2324 2348 2347
f 2324 2325 2348
f 2325 2349 2348
f 2325 2326 2349
f 2326 2350 2349
f 2326 2327 2350
f 2327 2351 2350
f 2327 2328 2351
f 2328 2352 2351
f 2328 2329 2352
f 2329 2353 2352
f 2329 2330 2353
f 2330 2354 2353
f 2330 2331 2354
f 2331 2355 2354
f 2331 2332 2355
f 2332 2356 2355
f 2332 2309 2356
f 2309 2333 2356
f 2333 2334 2357
f 2334 2358 2357
f 2334 2335 2358
f 2335 2359 2358
f 2335 2336 2359
f 2336 2360 2359
f 2336 2337 2360
f 2337 2361 2360
f 2337 2338 2361
f 2338 2362 2361
f 2338 2339 2362
f 2339 2363 2362
f 2339 2340 2363
f 2340 2364 2363
f 2340 2341 2364
f 2341 2365 2364
f 2341 2342 2365
f 2342 2366 2365
f 2342 2343 2366
f 2343 2367 2366
f 2343 2344 2367
f 2344 2368 2367
f 2344 2345 2368
f 2345 2369 2368
f 2345 2346 2369
f 2346 2370 2369
f 2346 2347 2370
f 2347 2371 2370
f 2347 2348 2371
f 2348 2372 2371
f 2348 2349 2372
f 2349 2373 2372
f 2349 2350 2373
f 2350 2374 2373
f 2350 2351 2374
f 2351 2375 2374
f 2351 2352 2375
f 2352 2376 2375
f 2352 2353 2376
f 2353 2377 2376
f 2353 2354 2377
f 2354 2378 2377
f 2354 2355 2378
f 2355 2379 2378
f 2355 2356 2379
f 2356 2380 2379
f 2356 2333 2380
f 2333 2357 2380
f 2357 2358 2381
f 2358 2382 2381
f 2358 2359 2382
f 2359 2383 2382
f 2359 2360 2383
f 2360 2384 2383
f 2360 2361 2384
f 2361 2385 2384
f 2361 2362 2385
f 2362 2386 2385
f 2362 2363 2386
f 2363 2387 2386
f 2363 2364 2387
f 2364 2388 2387
f 2364 2365 2388
f 2365 2389 2388
f 2365 2366 2389
f 2366 2390 2389
f 2366 2367 2390
f 2367 2391 2390
f 2367 2368 2391
f 2368 2392 2391
f 2368 2369 2392
f 2369 2393 2392
f 2369 2370 2393
f 2370 2394 2393
f 2370 2371 2394
f 2371 2395 2394
f 2371 2372 2395
f 2372 2396 2395
f 2372 2373 2396
f 2373 2397 2396
f 2373 2374 2397
f 2374 2398 2397
f 2374 2375 2398
f 2375 2399 2398
f 2375 2376 2399
f 2376 2400 2399
f 2376 2377 2400
f 2377 2401 2400
f 2377 2378 2401
f 2378 2402 2401
f 2378 2379 2402
f 2379 2403 2402
f 2379 2380 2403
f 2380 2404 2403
f 2380 2357 2404
f 2357 2381 2404
f 2381 2382 2405
f 2382 2406 2405
f 2382 2383 2406
f 2383 2407 2406
f 2383 2384 2407
f 2384 2408 2407
f 2384 2385 2408
f 2385 2409 2408
f 2385 2386 2409
f 2386 2410 2409
f 2386 2387 2410
f 2387 2411 2410
f 2387 2388 2411
f 2388 2412 2411
f 2388 2389 2412
f 2389 2413 2412
f 2389 2390 2413
f 2390 2414 2413
f 2390 2391 2414
f 2391 2415 2414
f 2391 2392 2415
f 2392 2416 2415
f 2392 2393 2416
f 2393 2417 2416
f 2393 2394 2417
f 2394 2418 2417
f 2394 2395 2418
f 2395 2419 2418
f 2395 2396 2419
f 2396 2420 2419
f 2396 2397 2420
f 2397 2421 2420
f 2397 2398 2421
f 2398 2422 2421
f 2398 2399 2422
f 2399 2423 2422
f 2399 2400 2423
f 2400 2424 2423
f 2400 2401 2424
f 2401 2425 2424
f 2401 2402 2425
f 2402 2426 2425
f 2402 2403 2426
f 2403 2427 2426
f 2403 2404 2427
f 2404 2428 2427
f 2404 2381 2428
f 2381 2405 2428
f 2405 2406 2429
f 2406 2430 2429
f 2406 2407 2430
f 2407 2431 2430
f 2407 2408 2431
f 2408 2432 2431
f 2408 2409 2432
f 2409 2433 2432
f 2409 2410 2433
f 2410 2434 2433
f 2410 2411 2434
f 2411 2435 2434
f 2411 2412 2435
f 2412 2436 2435
f 2412 2413 2436
f 2413 2437 2436
f 2413 2414 2437
f 2414 2438 2437
f 2414 2415 2438
f 2415 2439 2438
f 2415 2416 2439
f 2416 2440 2439
f 2416 2417 2440
f 2417 2441 2440
f 2417 2418 2441
f 2418 2442 2441
f 2418 2419 2442
f 2419 2443 2442
f 2419 2420 2443
f 2420 2444 2443
f 2420 2421 2444
f 2421 2445 2444
f 2421 2422 2445
f 2422 2446 2445
f 2422 2423 2446
f 2423 2447 2446
f 2423 2424 2447
f 2424 2448 2447
f 2424 2425 2448
f 2425 2449 2448
f 2425 2426 2449
f 2426 2450 2449
f 2426 2427 2450
f 2427 2451 2450
f 2427 2428 2451
f 2428 2452 2451
f 2428 2405 2452
f 2405 2429 2452
f 2429 2430 2453
f 2430 2454 2453
f 2430 2431 2454
f 2431 2455 2454
f 2431 2432 2455
f 2432 2456 2455
f 2432 2433 2456
f 2433 2457 2456
f 2433 2434 2457
f 2434 2458 2457
f 2434 2435 2458
f 2435 2459 2458
f 2435 2436 2459
f 2436 2460 2459
f 2436 2437 2460
f 2437 2461 2460
f 2437 2438 2461
f 2438 2462 2461
f 2438 2439 2462
f 2439 2463 2462
f 2439 2440 2463
f 2440 2464 2463
f 2440 2441 2464
f 2441 2465 2464
f 2441 2442 2465
f 2442 2466 2465
f 2442 2443 2466
f 2443 2467 2466
f 2443 2444 2467
f 2444 2468 2467
f 2444 2445 2468
f 2445 2469 2468
f 2445 2446 2469
f 2446 2470 2469
f 2446 2447 2470
f 2447 2471 2470
f 2447 2448 2471
f 2448 2472 2471
f 2448 2449 2472
f 2449 2473 2472
f 2449 2450 2473
f 2450 2474 2473
f 2450 2451 2474
f 2451 2475 2474
f 2451 2452 2475
f 2452 2476 2475
f 2452 2429 2476
f 2429 2453 2476
f 2453 2454 2477
f 2454 2478 2477
f 2454 2455 2478
f 2455 2479 2478
f 2455 2456 2479
f 2456 2480 2479
f 2456 2457 2480
f 2457 2481 2480
f 2457 2458 2481
f 2458 2482 2481
f 2458 2459 2482
f 2459 2483 2482
f 2459 2460 2483
f 2460 2484 2483
f 2460 2461 2484
f 2461 2485 2484
f 2461 2462 2485
f 2462 2486 2485
f 2462 2463 2486
f 2463 2487 2486
f 2463 2464 2487
f 2464 2488 2487
f 2464 2465 2488
f 2465 2489 2488
f 2465 2466 2489
f 2466 2490 2489
f 2466 2467 2490
f 2467 2491 2490
f 2467 2468 2491
f 2468 2492 2491
f 2468 2469 2492
f 2469 2493 2492
f 2469 2470 2493
f 2470 2494 2493
f 2470 2471 2494
f 2471 2495 2494
f 2471 2472 2495
f 2472 2496 2495
f 2472 2473 2496
f 2473 2497 2496
f 2473 2474 2497
f 2474 2498 2497
f 2474 2475 2498
f 2475 2499 2498
f 2475 2476 2499
f 2476 2500 2499
f 2476 2453 2500
f 2453 2477 2500
f 2477 2478 2501
f 2478 2502 2501
f 2478 2479 2502
f 2479 2503 2502
f 2479 2480 2503
f 2480 2504 2503
f 2480 2481 2504
f 2481 2505 2504
f 2481 2482 2505
f 2482 2506 2505
f 2482 2483 2506
f 2483 2507 2506
f 2483 2484 2507
f 2484 2508 2507
f 2484 2485 2508
f 2485 2509 2508
f 2485 2486 2509
f 2486 2510 2509
f 2486 2487 2510
f 2487 2511 2510
f 2487 2488 2511
f 2488 2512 2511
f 2488 2489 2512
f 2489 2513 2512
f 2489 2490 2513
f 2490 2514 2513
f 2490 2491 2514
f 2491 2515 2514
f 2491 2492 2515
f 2492 2516 2515
f 2492 2493 2516
f 2493 2517 2516
f 2493 2494 2517
f 2494 2518 2517
f 2494 2495 2518
f 2495 2519 2518
f 2495 2496 2519
f 2496 2520 2519
f 2496 2497 2520
f 2497 2521 2520
f 2497 2498 2521
f 2498 2522 2521
f 2498 2499 2522
f 2499 2523 2522
f 2499 2500 2523
f 2500 2524 2523
f 2500 2477 2524
f 2477 2501 2524
f 2501 2502 2525
f 2502 2526 2525
f 2502 2503 2526
f 2503 2527 2526
f 2503 2504 2527
f 2504 2528 2527
f 2504 2505 2528
f 2505 2529 2528
f 2505 2506 2529
f 2506 2530 2529
f 2506 2507 2530
f 2507 2531 2530
f 2507 2508 2531
f 2508 2532 2531
f 2508 2509 2532
f 2509 2533 2532
f 2509 2510 2533
f 2510 2534 2533
f 2510 2511 2534
f 2511 2535 2534
f 2511 2512 2535
f 2512 2536 2535
f 2512 2513 2536
f 2513 2537 2536
f 2513 2514 2537
f 2514 2538 2537
f 2514 2515 2538
f 2515 2539 2538
f 2515 2516 2539
f 2516 2540 2539
f 2516 2517 2540
f 2517 2541 2540
f 2517 2518 2541
f 2518 2542 2541
f 2518 2519 2542
f 2519 2543 2542
f 2519 2520 2543
f 2520 2544 2543
f 2520 2521 2544
f 2521 2545 2544
f 2521 2522 2545
f 2522 2546 2545
f 2522 2523 2546
f 2523 2547 2546
f 2523 2524 2547
f 2524 2548 2547
f 2524 2501 2548
f 2501 2525 2548
f 2525 2526 2549
f 2526 2550 2549
f 2526 2527 2550
f 2527 2551 2550
f 2527 2528 2551
f 2528 2552 2551
f 2528 2529 2552
f 2529 2553 2552
f 2529 2530 2553
f 2530 2554 2553
f 2530 2531 2554
f 2531 2555 2554
f 2531 2532 2555
f 2532 2556 2555
f 2532 2533 2556
f 2533 2557 2556
f 2533 2534 2557
f 2534 2558 2557
f 2534 2535 2558
f 2535 2559 2558
f 2535 2536 2559
f 2536 2560 2559
f 2536 2537 2560
f 2537 2561 2560
f 2537 2538 2561
f 2538 2562 2561
f 2538 2539 2562
f 2539 2563 2562
f 2539 2540 2563
f 2540 2564 2563
f 2540 2541 2564
f 2541 2565 2564
f 2541 2542 2565
f 2542 2566 2565
f 2542 2543 2566
f 2543 2567 2566
f 2543 2544 2567
f 2544 2568 2567
f 2544 2545 2568
f 2545 2569 2568
f 2545 2546 2569
f 2546 2570 2569
f 2546 2547 2570
f 2547 2571 2570
f 2547 2548 2571
f 2548 2572 2571
f 2548 2525 2572
f 2525 2549 2572
f 2549 2550 2573
f 2550 2574 2573
f 2550 2551 2574
f 2551 2575 2574
f 2551 2552 2575
f 2552 2576 2575
f 2552 2553 2576
f 2553 2577 2576
f 2553 2554 2577
f 2554 2578 2577
f 2554 2555 2578
f 2555 2579 2578
f 2555 2556 2579
f 2556 2580 2579
f 2556 2557 2580
f 2557 2581 2580
f 2557 2558 2581
f 2558 2582 2581
f 2558 2559 2582
f 2559 2583 2582
f 2559 2560 2583
f 2560 2584 2583
f 2560 2561 2584
f 2561 2585 2584
f 2561 2562 2585
f 2562 2586 2585
f 2562 2563 2586
f 2563 2587 2586
f 2563 2564 2587
f 2564 2588 2587
f 2564 2565 2588
f 2565 2589 2588
f 2565 2566 2589
f 2566 2590 2589
f 2566 2567 2590
f 2567 2591 2590
f 2567 2568 2591
f 2568 2592 2591
f 2568 2569 2592
f 2569 2593 2592
f 2569 2570 2593
f 2570 2594 2593
f 2570 2571 2594
f 2571 2595 2594
f 2571 2572 2595
f 2572 2596 2595
f 2572 2549 2596
f 2549 2573 2596
f 2573 2574 2597
f 2574 2598 2597
f 2574 2575 2598
f 2575 2599 2598
f 2575 2576 2599
f 2576 2600 2599
f 2576 2577 2600
f 2577 2601 2600
f 2577 2578 2601
f 2578 2602 2601
f 2578 2579 2602
f 2579 2603 2602
f 2579 2580 2603
f 2580 2604 2603
f 2580 2581 2604
f 2581 2605 2604
f 2581 2582 2605
f 2582 2606 2605
f 2582 2583 2606
f 2583 2607 2606
f 2583 2584 2607
f 2584 2608 2607
f 2584 2585 2608
f 2585 2609 2608
f 2585 2586 2609
f 2586 2610 2609
f 2586 2587 2610
f 2587 2611 2610
f 2587 2588 2611
f 2588 2612 2611
f 2588 2589 2612
f 2589 2613 2612
f 2589 2590 2613
f 2590 2614 2613
f 2590 2591 2614
f 2591 2615 2614
f 2591 2592 2615
f 2592 2616 2615
f 2592 2593 2616
f 2593 2617 2616
f 2593 2594 2617
f 2594 2618 2617
f 2594 2595 2618
f 2595 2619 2618
f 2595 2596 2619
f 2596 2620 2619
f 2596 2573 2620
f 2573 2597 2620
f 2597 2598 2621
f 2598 2599 2622
f 2599 2600 2623
f 2600 2601 2624
f 2601 2602 2625
f 2602 2603 2626
f 2603 2604 2627
f 2604 2605 2628
f 2605 2606 2629
f 2606 2607 2630
f 2607 2608 2631
f 2608 2609 2632
f 2609 2610 2633
f 2610 2611 2634
f 2611 2612 2635
f 2612 2613 2636
f 2613 2614 2637
f 2614 2615 2638
f 2615 2616 2639
f 2616 2617 2640
f 2617 2618 2641
f 2618 2619 2642
f 2619 2620 2643
f 2620 2597 2644
o patina_ear_inner_L
g patina_ear_inner_L
f 2646 2666 2665
f 2647 2667 2666
f 2648 2668 2667
f 2649 2669 2668
f 2650 2670 2669
f 2651 2671 2670
f 2652 2672 2671
f 2653 2673 2672
f 2654 2674 2673
f 2655 2675 2674
f 2656 2676 2675
f 2657 2677 2676
f 2658 2678 2677
f 2659 2679 2678
f 2660 2680 2679
f 2661 2681 2680
f 2662 2682 2681
f 2663 2683 2682
f 2664 2684 2683
f 2645 2665 2684
f 2665 2666 2685
f 2666 2686 2685
f 2666 2667 2686
f 2667 2687 2686
f 2667 2668 2687
f 2668 2688 2687
f 2668 2669 2688
f 2669 2689 2688
f 2669 2670 2689
f 2670 2690 2689
f 2670 2671 2690
f 2671 2691 2690
f 2671 2672 2691
f 2672 2692 2691
f 2672 2673 2692
f 2673 2693 2692
f 2673 2674 2693
f 2674 2694 2693
f 2674 2675 2694
f 2675 2695 2694
f 2675 2676 2695
f 2676 2696 2695
f 2676 2677 2696
f 2677 2697 2696
f 2677 2678 2697
f 2678 2698 2697
f 2678 2679 2698
f 2679 2699 2698
f 2679 2680 2699
f 2680 2700 2699
f 2680 2681 2700
f 2681 2701 2700
f 2681 2682 2701
f 2682 2702 2701
f 2682 2683 2702
f 2683 2703 2702
f 2683 2684 2703
f 2684 2704 2703
f 2684 2665 2704
f 2665 2685 2704
f 2685 2686 2705
f 2686 2706 2705
f 2686 2687 2706
f 2687 2707 2706
f 2687 2688 2707
f 2688 2708 2707
f 2688 2689 2708
f 2689 2709 2708
f 2689 2690 2709
f 2690 2710 2709
f 2690 2691 2710
f 2691 2711 2710
f 2691 2692 2711
f 2692 2712 2711
f 2692 2693 2712
f 2693 2713 2712
f 2693 2694 2713
f 2694 2714 2713
f 2694 2695 2714
f 2695 2715 2714
f 2695 2696 2715
f 2696 2716 2715
f 2696 2697 2716
f 2697 2717 2716
f 2697 2698 2717
f 2698 2718 2717
f 2698 2699 2718
f 2699 2719 2718
f 2699 2700 2719
f 2700 2720 2719
f 2700 2701 2720
f 2701 2721 2720
f 2701 2702 2721
f 2702 2722 2721
f 2702 2703 2722
f 2703 2723 2722
f 2703 2704 2723
f 2704 2724 2723
f 2704 2685 2724
f 2685 2705 2724
f 2705 2706 2725
f 2706 2726 2725
f 2706 2707 2726
f 2707 2727 2726
f 2707 2708 2727
f 2708 2728 2727
f 2708 2709 2728
f 2709 2729 2728
f 2709 2710 2729
f 2710 2730 2729
f 2710 2711 2730
f 2711 2731 2730
f 2711 2712 2731
f 2712 2732 2731
f 2712 2713 2732
f 2713 2733 2732
f 2713 2714 2733
f 2714 2734 2733
f 2714 2715 2734
f 2715 2735 2734
f 2715 2716 2735
f 2716 2736 2735
f 2716 2717 2736
f 2717 2737 2736
f 2717 2718 2737
f 2718 2738 2737
f 2718 2719 2738
f 2719 2739 2738
f 2719 2720 2739
f 2720 2740 2739
f 2720 2721 2740
f 2721 2741 2740
f 2721 2722 2741
f 2722 2742 2741
f 2722 2723 2742
f 2723 2743 2742
f 2723 2724 2743
f 2724 2744 2743
f 2724 2705 2744
f 2705 2725 2744
f 2725 2726 2745
f 2726 2746 2745
f 2726 2727 2746
f 2727 2747 2746
f 2727 2728 2747
f 2728 2748 2747
f 2728 2729 2748
f 2729 2749 2748
f 2729 2730 2749
f 2730 2750 2749
f 2730 2731 2750
f 2731 2751 2750
f 2731 2732 2751
f 2732 2752 2751
f 2732 2733 2752
f 2733 2753 2752
f 2733 2734 2753
f 2734 2754 2753
f 2734 2735 2754
f 2735 2755 2754
f 2735 2736 2755
f 2736 2756 2755
f 2736 2737 2756
f 2737 2757 2756
f 2737 2738 2757
f 2738 2758 2757
f 2738 2739 2758
f 2739 2759 2758
f 2739 2740 2759
f 2740 2760 2759
f 2740 2741 2760
f 2741 2761 2760
f 2741 2742 2761
f 2742 2762 2761
f 2742 2743 2762
f 2743 2763 2762
f 2743 2744 2763
f 2744 2764 2763
f 2744 2725 2764
f 2725 2745 2764
f 2745 2746 2765
f 2746 2766 2765
f 2746 2747 2766
f 2747 2767 2766
f 2747 2748 2767
f 2748 2768 2767
f 2748 2749 2768
f 2749 2769 2768
f 2749 2750 2769
f 2750 2770 2769
f 2750 2751 2770
f 2751 2771 2770
f 2751 2752 2771
f 2752 2772 2771
f 2752 2753 2772
f 2753 2773 2772
f 2753 2754 2773
f 2754 2774 2773
f 2754 2755 2774
f 2755 2775 2774
f 2755 2756 2775
f 2756 2776 2775
f 2756 2757 2776
f 2757 2777 2776
f 2757 2758 2777
f 2758 2778 2777
f 2758 2759 2778
f 2759 2779 2778
f 2759 2760 2779
f 2760 2780 2779
f 2760 2761 2780
f 2761 2781 2780
f 2761 2762 2781
f 2762 2782 2781
f 2762 2763 2782
f 2763 2783 2782
f 2763 2764 2783
f 2764 2784 2783
f 2764 2745 2784
f 2745 2765 2784
f 2765 2766 2785
f 2766 2786 2785
f 2766 2767 2786
f 2767 2787 2786
f 2767 2768 2787
f 2768 2788 2787
f 2768 2769 2788
f 2769 2789 2788
f 2769 2770 2789
f 2770 2790 2789
f 2770 2771 2790
f 2771 2791 2790
f 2771 2772 2791
f 2772 2792 2791
f 2772 2773 2792
f 2773 2793 2792
f 2773 2774 2793
f 2774 2794 2793
f 2774 2775 2794
f 2775 2795 2794
f 2775 2776 2795
f 2776 2796 2795
f 2776 2777 2796
f 2777 2797 2796
f 2777 2778 2797
f 2778 2798 2797
f 2778 2779 2798
f 2779 2799 2798
f 2779 2780 2799
f 2780 2800 2799
f 2780 2781 2800
f 2781 2801 2800
f 2781 2782 2801
f 2782 2802 2801
f 2782 2783 2802
f 2783 2803 2802
f 2783 2784 2803
f 2784 2804 2803
f 2784 2765 2804
f 2765 2785 2804
f 2785 2786 2805
f 2786 2806 2805
f 2786 2787 2806
f 2787 2807 2806
f 2787 2788 2807
f 2788 2808 2807
f 2788 2789 2808
f 2789 2809 2808
f 2789 2790 2809
f 2790 2810 2809
f 2790 2791 2810
f 2791 2811 2810
f 2791 2792 2811
f 2792 2812 2811
f 2792 2793 2812
f 2793 2813 2812
f 2793 2794 2813
f 2794 2814 2813
f 2794 2795 2814
f 2795 2815 2814
f 2795 2796 2815
f 2796 2816 2815
f 2796 2797 2816
f 2797 2817 2816
f 2797 2798 2817
f 2798 2818 2817
f 2798 2799 2818
f 2799 2819 2818
f 2799 2800 2819
f 2800 2820 2819
f 2800 2801 2820
f 2801 2821 2820
f 2801 2802 2821
f 2802 2822 2821
f 2802 2803 2822
f 2803 2823 2822
f 2803 2804 2823
f 2804 2824 2823
f 2804 2785 2824
f 2785 2805 2824
f 2805 2806 2825
f 2806 2826 2825
f 2806 2807 2826
f 2807 2827 2826
f 2807 2808 2827
f 2808 2828 2827
f 2808 2809 2828
f 2809 2829 2828
f 2809 2810 2829
f 2810 2830 2829
f 2810 2811 2830
f 2811 2831 2830
f 2811 2812 2831
f 2812 2832 2831
f 2812 2813 2832
f 2813 2833 2832
f 2813 2814 2833
f 2814 2834 2833
f 2814 2815 2834
f 2815 2835 2834
f 2815 2816 2835
f 2816 2836 2835
f 2816 2817 2836
f 2817 2837 2836
f 2817 2818 2837
f 2818 2838 2837
f 2818 2819 2838
f 2819 2839 2838
f 2819 2820 2839
f 2820 2840 2839
f 2820 2821 2840
f 2821 2841 2840
f 2821 2822 2841
f 2822 2842 2841
f 2822 2823 2842
f 2823 2843 2842
f 2823 2824 2843
f 2824 2844 2843
f 2824 2805 2844
f 2805 2825 2844
f 2825 2826 2845
f 2826 2846 2845
f 2826 2827 2846
f 2827 2847 2846
f 2827 2828 2847
f 2828 2848 2847
f 2828 2829 2848
f 2829 2849 2848
f 2829 2830 2849
f 2830 2850 2849
f 2830 2831 2850
f 2831 2851 2850
f 2831 2832 2851
f 2832 2852 2851
f 2832 2833 2852
f 2833 2853 2852
f 2833 2834 2853
f 2834 2854 2853
f 2834 2835 2854
f 2835 2855 2854
f 2835 2836 2855
f 2836 2856 2855
f 2836 2837 2856
f 2837 2857 2856
f 2837 2838 2857
f 2838 2858 2857
f 2838 2839 2858
f 2839 2859 2858
f 2839 2840 2859
f 2840 2860 2859
f 2840 2841 2860
f 2841 2861 2860
f 2841 2842 2861
f 2842 2862 2861
f 2842 2843 2862
f 2843 2863 2862
f 2843 2844 2863
f 2844 2864 2863
f 2844 2825 2864
f 2825 2845 2864
f 2845 2846 2865
f 2846 2866 2865
f 2846 2847 2866
f 2847 2867 2866
f 2847 2848 2867
f 2848 2868 2867
f 2848 2849 2868
f 2849 2869 2868
f 2849 2850 2869
f 2850 2870 2869
f 2850 2851 2870
f 2851 2871 2870
f 2851 2852 2871
f 2852 2872 2871
f 2852 2853 2872
f 2853 2873 2872
f 2853 2854 2873
f 2854 2874 2873
f 2854 2855 2874
f 2855 2875 2874
f 2855 2856 2875
f 2856 2876 2875
f 2856 2857 2876
f 2857 2877 2876
f 2857 2858 2877
f 2858 2878 2877
f 2858 2859 2878
f 2859 2879 2878
f 2859 2860 2879
f 2860 2880 2879
f 2860 2861 2880
f 2861 2881 2880
f 2861 2862 2881
f 2862 2882 2881
f 2862 2863 2882
f 2863 2883 2882
f 2863 2864 2883
f 2864 2884 2883
f 2864 2845 2884
f 2845 2865 2884
f 2865 2866 2885
f 2866 2867 2886
f 2867 2868 2887
f 2868 2869 2888
f 2869 2870 2889
f 2870 2871 2890
f 2871 2872 2891
f 2872 2873 2892
f 2873 2874 2893
f 2874 2875 2894
f 2875 2876 2895
f 2876 2877 2896
f 2877 2878 2897
f 2878 2879 2898
f 2879 2880 2899
f 2880 2881 2900
f 2881 2882 2901
f 2882 2883 2902
f 2883 2884 2903
f 2884 2865 2904
o patina_ear_inner_R
g patina_ear_inner_R
f 2906 2926 2925
f 2907 2927 2926
f 2908 2928 2927
f 2909 2929 2928
f 2910 2930 2929
f 2911 2931 2930
f 2912 2932 2931
f 2913 2933 2932
f 2914 2934 2933
f 2915 2935 2934
f 2916 2936 2935
f 2917 2937 2936
f 2918 2938 2937
f 2919 2939 2938
f 2920 2940 2939
f 2921 2941 2940
f 2922 2942 2941
f 2923 2943 2942
f 2924 2944 2943
f 2905 2925 2944
f 2925 2926 2945
f 2926 2946 2945
f 2926 2927 2946
f 2927 2947 2946
f 2927 2928 2947
f 2928 2948 2947
f 2928 2929 2948
f 2929 2949 2948
f 2929 2930 2949
f 2930 2950 2949
f 2930 2931 2950
f 2931 2951 2950
f 2931 2932 2951
f 2932 2952 2951
f 2932 2933 2952
f 2933 2953 2952
f 2933 2934 2953
f 2934 2954 2953
f 2934 2935 2954
f 2935 2955 2954
f 2935 2936 2955
f 2936 2956 2955
f 2936 2937 2956
f 2937 2957 2956
f 2937 2938 2957
f 2938 2958 2957
f 2938 2939 2958
f 2939 2959 2958
f 2939 2940 2959
f 2940 2960 2959
f 2940 2941 2960
f 2941 2961 2960
f 2941 2942 2961
f 2942 2962 2961
f 2942 2943 2962
f 2943 2963 2962
f 2943 2944 2963
f 2944 2964 2963
f 2944 2925 2964
f 2925 2945 2964
f 2945 2946 2965
f 2946 2966 2965
f 2946 2947 2966
f 2947 2967 2966
f 2947 2948 2967
f 2948 2968 2967
f 2948 2949 2968
f 2949 2969 2968
f 2949 2950 2969
f 2950 2970 2969
f 2950 2951 2970
f 2951 2971 2970
f 2951 2952 2971
f 2952 2972 2971
f 2952 2953 2972
f 2953 2973 2972
f 2953 2954 2973
f 2954 2974 2973
f 2954 2955 2974
f 2955 2975 2974
f 2955 2956 2975
f 2956 2976 2975
f 2956 2957 2976
f 2957 2977 2976
f 2957 2958 2977
f 2958 2978 2977
f 2958 2959 2978
f 2959 2979 2978
f 2959 2960 2979
f 2960 2980 2979
f 2960 2961 2980
f 2961 2981 2980
f 2961 2962 2981
f 2962 2982 2981
f 2962 2963 2982
f 2963 2983 2982
f 2963 2964 2983
f 2964 2984 2983
f 2964 2945 2984
f 2945 2965 2984
f 2965 2966 2985
f 2966 2986 2985
f 2966 2967 2986
f 2967 2987 2986
f 2967 2968 2987
f 2968 2988 2987
f 2968 2969 2988
f 2969 2989 2988
f 2969 2970 2989
f 2970 2990 2989
f 2970 2971 2990
f 2971 2991 2990
f 2971 2972 2991
f 2972 2992 2991
f 2972 2973 2992
f 2973 2993 2992
f 2973 2974 2993
f 2974 2994 2993
f 2974 2975 2994
f 2975 2995 2994
f 2975 2976 2995
f 2976 2996 2995
f 2976 2977 2996
f 2977 2997 2996
f 2977 2978 2997
f 2978 2998 2997
f 2978 2979 2998
f 2979 2999 2998
f 2979 2980 2999
f 2980 3000 2999
f 2980 2981 3000
f 2981 3001 3000
f 2981 2982 3001
f 2982 3002 3001
f 2982 2983 3002
f 2983 3003 3002
f 2983 2984 3003
f 2984 3004 3003
f 2984 2965 3004
f 2965 2985 3004
f 2985 2986 3005
f 2986 3006 3005
f 2986 2987 3006
f 2987 3007 3006
f 2987 2988 3007
f 2988 3008 3007
f 2988 2989 3008
f 2989 3009 3008
f 2989 2990 3009
f 2990 3010 3009
f 2990 2991 3010
f 2991 3011 3010
f 2991 2992 3011
f 2992 3012 3011
f 2992 2993 3012
f 2993 3013 3012
f 2993 2994 3013
f 2994 3014 3013
f 2994 2995 3014
f 2995 3015 3014
f 2995 2996 3015
f 2996 3016 3015
f 2996 2997 3016
f 2997 3017 3016
f 2997 2998 3017
f 2998 3018 3017
f 2998 2999 3018
f 2999 3019 3018
f 2999 3000 3019
f 3000 3020 3019
f 3000 3001 3020
f 3001 3021 3020
f 3001 3002 3021
f 3002 3022 3021
f 3002 3003 3022
f 3003 3023 3022
f 3003 3004 3023
f 3004 3024 3023
f 3004 2985 3024
f 2985 3005 3024
f 3005 3006 3025
f 3006 3026 3025
f 3006 3007 3026
f 3007 3027 3026
f 3007 3008 3027
f 3008 3028 3027
f 3008 3009 3028
f 3009 3029 3028
f 3009 3010 3029
f 3010 3030 3029
f 3010 3011 3030
f 3011 3031 3030
f 3011 3012 3031
f 3012 3032 3031
f 3012 3013 3032
f 3013 3033 3032
f 3013 3014 3033
f 3014 3034 3033
f 3014 3015 3034
f 3015 3035 3034
f 3015 3016 3035
f 3016 3036 3035
f 3016 3017 3036
f 3017 3037 3036
f 3017 3018 3037
f 3018 3038 3037
f 3018 3019 3038
f 3019 3039 3038
f 3019 3020 3039
f 3020 3040 3039
f 3020 3021 3040
f 3021 3041 3040
f 3021 3022 3041
f 3022 3042 3041
f 3022 3023 3042
f 3023 3043 3042
f 3023 3024 3043
f 3024 3044 3043
f 3024 3005 3044
f 3005 3025 3044
f 3025 3026 3045
f 3026 3046 3045
f 3026 3027 3046
f 3027 3047 3046
f 3027 3028 3047
f 3028 3048 3047
f 3028 3029 3048
f 3029 3049 3048
f 3029 3030 3049
f 3030 3050 3049
f 3030 3031 3050
f 3031 3051 3050
f 3031 3032 3051
f 3032 3052 3051
f 3032 3033 3052
f 3033 3053 3052
f 3033 3034 3053
f 3034 3054 3053
f 3034 3035 3054
f 3035 3055 3054
f 3035 3036 3055
f 3036 3056 3055
f 3036 3037 3056
f 3037 3057 3056
f 3037 3038 3057
f 3038 3058 3057
f 3038 3039 3058
f 3039 3059 3058
f 3039 3040 3059
f 3040 3060 3059
f 3040 3041 3060
f 3041 3061 3060
f 3041 3042 3061
f 3042 3062 3061
f 3042 3043 3062
f 3043 3063 3062
f 3043 3044 3063
f 3044 3064 3063
f 3044 3025 3064
f 3025 3045 3064
f 3045 3046 3065
f 3046 3066 3065
f 3046 3047 3066
f 3047 3067 3066
f 3047 3048 3067
f 3048 3068 3067
f 3048 3049 3068
f 3049 3069 3068
f 3049 3050 3069
f 3050 3070 3069
f 3050 3051 3070
f 3051 3071 3070
f 3051 3052 3071
f 3052 3072 3071
f 3052 3053 3072
f 3053 3073 3072
f 3053 3054 3073
f 3054 3074 3073
f 3054 3055 3074
f 3055 3075 3074
f 3055 3056 3075
f 3056 3076 3075
f 3056 3057 3076
f 3057 3077 3076
f 3057 3058 3077
f 3058 3078 3077
f 3058 3059 3078
f 3059 3079 3078
f 3059 3060 3079
f 3060 3080 3079
f 3060 3061 3080
f 3061 3081 3080
f 3061 3062 3081
f 3062 3082 3081
f 3062 3063 3082
f 3063 3083 3082
f 3063 3064 3083
f 3064 3084 3083
f 3064 3045 3084
f 3045 3065 3084
f 3065 3066 3085
f 3066 3086 3085
f 3066 3067 3086
f 3067 3087 3086
f 3067 3068 3087
f 3068 3088 3087
f 3068 3069 3088
f 3069 3089 3088
f 3069 3070 3089
f 3070 3090 3089
f 3070 3071 3090
f 3071 3091 3090
f 3071 3072 3091
f 3072 3092 3091
f 3072 3073 3092
f 3073 3093 3092
f 3073 3074 3093
f 3074 3094 3093
f 3074 3075 3094
f 3075 3095 3094
f 3075 3076 3095
f 3076 3096 3095
f 3076 3077 3096
f 3077 3097 3096
f 3077 3078 3097
f 3078 3098 3097
f 3078 3079 3098
f 3079 3099 3098
f 3079 3080 3099
f 3080 3100 3099
f 3080 3081 3100
f 3081 3101 3100
f 3081 3082 3101
f 3082 3102 3101
f 3082 3083 3102
f 3083 3103 3102
f 3083 3084 3103
f 3084 3104 3103
f 3084 3065 3104
f 3065 3085 3104
f 3085 3086 3105
f 3086 3106 3105
f 3086 3087 3106
f 3087 3107 3106
f 3087 3088 3107
f 3088 3108 3107
f 3088 3089 3108
f 3089 3109 3108
f 3089 3090 3109
f 3090 3110 3109
f 3090 3091 3110
f 3091 3111 3110
f 3091 3092 3111
f 3092 3112 3111
f 3092 3093 3112
f 3093 3113 3112
f 3093 3094 3113
f 3094 3114 3113
f 3094 3095 3114
f 3095 3115 3114
f 3095 3096 3115
f 3096 3116 3115
f 3096 3097 3116
f 3097 3117 3116
f 3097 3098 3117
f 3098 3118 3117
f 3098 3099 3118
f 3099 3119 3118
f 3099 3100 3119
f 3100 3120 3119
f 3100 3101 3120
f 3101 3121 3120
f 3101 3102 3121
f 3102 3122 3121
f 3102 3103 3122
f 3103 3123 3122
f 3103 3104 3123
f 3104 3124 3123
f 3104 3085 3124
f 3085 3105 3124
f 3105 3106 3125
f 3106 3126 3125
f 3106 3107 3126
f 3107 3127 3126
f 3107 3108 3127
f 3108 3128 3127
f 3108 3109 3128
f 3109 3129 3128
f 3109 3110 3129
f 3110 3130 3129
f 3110 3111 3130
f 3111 3131 3130
f 3111 3112 3131
f 3112 3132 3131
f 3112 3113 3132
f 3113 3133 3132
f 3113 3114 3133
f 3114 3134 3133
f 3114 3115 3134
f 3115 3135 3134
f 3115 3116 3135
f 3116 3136 3135
f 3116 3117 3136
f 3117 3137 3136
f 3117 3118 3137
f 3118 3138 3137
f 3118 3119 3138
f 3119 3139 3138
f 3119 3120 3139
f 3120 3140 3139
f 3120 3121 3140
f 3121 3141 3140
f 3121 3122 3141
f 3122 3142 3141
f 3122 3123 3142
f 3123 3143 3142
f 3123 3124 3143
f 3124 3144 3143
f 3124 3105 3144
f 3105 3125 3144
f 3125 3126 3145
f 3126 3127 3146
f 3127 3128 3147
f 3128 3129 3148
f 3129 3130 3149
f 3130 3131 3150
f 3131 3132 3151
f 3132 3133 3152
f 3133 3134 3153
f 3134 3135 3154
f 3135 3136 3155
f 3136 3137 3156
f 3137 3138 3157
f 3138 3139 3158
f 3139 3140 3159
f 3140 3141 3160
f 3141 3142 3161
f 3142 3143 3162
f 3143 3144 3163
f 3144 3125 3164
o patina_bun_seam
g patina_bun_seam
f 3165 3175 3176
f 3165 3176 3166
f 3166 3176 3177
f 3166 3177 3167
f 3167 3177 3178
f 3167 3178 3168
f 3168 3178 3179
f 3168 3179 3169
f 3169 3179 3180
f 3169 3180 3170
f 3170 3180 3181
f 3170 3181 3171
f 3171 3181 3182
f 3171 3182 3172
f 3172 3182 3183
f 3172 3183 3173
f 3173 3183 3184
f 3173 3184 3174
f 3174 3184 3175
f 3174 3175 3165
f 3175 3185 3186
f 3175 3186 3176
f 3176 3186 3187
f 3176 3187 3177
f 3177 3187 3188
f 3177 3188 3178
f 3178 3188 3189
f 3178 3189 3179
f 3179 3189 3190
f 3179 3190 3180
f 3180 3190 3191
f 3180 3191 3181
f 3181 3191 3192
f 3181 3192 3182
f 3182 3192 3193
f 3182 3193 3183
f 3183 3193 3194
f 3183 3194 3184
f 3184 3194 3185
f 3184 3185 3175
f 3185 3195 3196
f 3185 3196 3186
f 3186 3196 3197
f 3186 3197 3187
f 3187 3197 3198
f 3187 3198 3188
f 3188 3198 3199
f 3188 3199 3189
f 3189 3199 3200
f 3189 3200 3190
f 3190 3200 3201
f 3190 3201 3191
f 3191 3201 3202
f 3191 3202 3192
f 3192 3202 3203
f 3192 3203 3193
f 3193 3203 3204
f 3193 3204 3194
f 3194 3204 3195
f 3194 3195 3185
f 3195 3205 3206
f 3195 3206 3196
f 3196 3206 3207
f 3196 3207 3197
f 3197 3207 3208
f 3197 3208 3198
f 3198 3208 3209
f 3198 3209 3199
f 3199 3209 3210
f 3199 3210 3200
f 3200 3210 3211
f 3200 3211 3201
f 3201 3211 3212
f 3201 3212 3202
f 3202 3212 3213
f 3202 3213 3203
f 3203 3213 3214
f 3203 3214 3204
f 3204 3214 3205
f 3204 3205 3195
f 3205 3215 3216
f 3205 3216 3206
f 3206 3216 3217
f 3206 3217 3207
f 3207 3217 3218
f 3207 3218 3208
f 3208 3218 3219
f 3208 3219 3209
f 3209 3219 3220
f 3209 3220 3210
f 3210 3220 3221
f 3210 3221 3211
f 3211 3221 3222
f 3211 3222 3212
f 3212 3222 3223
f 3212 3223 3213
f 3213 3223 3224
f 3213 3224 3214
f 3214 3224 3215
f 3214 3215 3205
f 3215 3225 3226
f 3215 3226 3216
f 3216 3226 3227
f 3216 3227 3217
f 3217 3227 3228
f 3217 3228 3218
f 3218 3228 3229
f 3218 3229 3219
f 3219 3229 3230
f 3219 3230 3220
f 3220 3230 3231
f 3220 3231 3221
f 3221 3231 3232
f 3221 3232 3222
f 3222 3232 3233
f 3222 3233 3223
f 3223 3233 3234
f 3223 3234 3224
f 3224 3234 3225
f 3224 3225 3215
f 3225 3235 3236
f 3225 3236 3226
f 3226 3236 3237
f 3226 3237 3227
f 3227 3237 3238
f 3227 3238 3228
f 3228 3238 3239
f 3228 3239 3229
f 3229 3239 3240
f 3229 3240 3230
f 3230 3240 3241
f 3230 3241 3231
f 3231 3241 3242
f 3231 3242 3232
f 3232 3242 3243
f 3232 3243 3233
f 3233 3243 3244
f 3233 3244 3234
f 3234 3244 3235
f 3234 3235 3225
f 3235 3245 3246
f 3235 3246 3236
f 3236 3246 3247
f 3236 3247 3237
f 3237 3247 3248
f 3237 3248 3238
f 3238 3248 3249
f 3238 3249 3239
f 3239 3249 3250
f 3239 3250 3240
f 3240 3250 3251
f 3240 3251 3241
f 3241 3251 3252
f 3241 3252 3242
f 3242 3252 3253
f 3242 3253 3243
f 3243 3253 3254
f 3243 3254 3244
f 3244 3254 3245
f 3244 3245 3235
f 3245 3255 3256
f 3245 3256 3246
f 3246 3256 3257
f 3246 3257 3247
f 3247 3257 3258
f 3247 3258 3248
f 3248 3258 3259
f 3248 3259 3249
f 3249 3259 3260
f 3249 3260 3250
f 3250 3260 3261
f 3250 3261 3251
f 3251 3261 3262
f 3251 3262 3252
f 3252 3262 3263
f 3252 3263 3253
f 3253 3263 3264
f 3253 3264 3254
f 3254 3264 3255
f 3254 3255 3245
f 3255 3265 3266
f 3255 3266 3256
f 3256 3266 3267
f 3256 3267 3257
f 3257 3267 3268
f 3257 3268 3258
f 3258 3268 3269
f 3258 3269 3259
f 3259 3269 3270
f 3259 3270 3260
f 3260 3270 3271
f 3260 3271 3261
f 3261 3271 3272
f 3261 3272 3262
f 3262 3272 3273
f 3262 3273 3263
f 3263 3273 3274
f 3263 3274 3264
f 3264 3274 3265
f 3264 3265 3255
f 3265 3275 3276
f 3265 3276 3266
f 3266 3276 3277
f 3266 3277 3267
f 3267 3277 3278
f 3267 3278 3268
f 3268 3278 3279
f 3268 3279 3269
f 3269 3279 3280
f 3269 3280 3270
f 3270 3280 3281
f 3270 3281 3271
f 3271 3281 3282
f 3271 3282 3272
f 3272 3282 3283
f 3272 3283 3273
f 3273 3283 3284
f 3273 3284 3274
f 3274 3284 3275
f 3274 3275 3265
f 3275 3285 3286
f 3275 3286 3276
f 3276 3286 3287
f 3276 3287 3277
f 3277 3287 3288
f 3277 3288 3278
f 3278 3288 3289
f 3278 3289 3279
f 3279 3289 3290
f 3279 3290 3280
f 3280 3290 3291
f 3280 3291 3281
f 3281 3291 3292
f 3281 3292 3282
f 3282 3292 3293
f 3282 3293 3283
f 3283 3293 3294
f 3283 3294 3284
f 3284 3294 3285
f 3284 3285 3275
f 3285 3295 3296
f 3285 3296 3286
f 3286 3296 3297
f 3286 3297 3287
f 3287 3297 3298
f 3287 3298 3288
f 3288 3298 3299
f 3288 3299 3289
f 3289 3299 3300
f 3289 3300 3290
f 3290 3300 3301
f 3290 3301 3291
f 3291 3301 3302
f 3291 3302 3292
f 3292 3302 3303
f 3292 3303 3293
f 3293 3303 3304
f 3293 3304 3294
f 3294 3304 3295
f 3294 3295 3285
f 3295 3305 3306
f 3295 3306 3296
f 3296 3306 3307
f 3296 3307 3297
f 3297 3307 3308
f 3297 3308 3298
f 3298 3308 3309
f 3298 3309 3299
f 3299 3309 3310
f 3299 3310 3300
f 3300 3310 3311
f 3300 3311 3301
f 3301 3311 3312
f 3301 3312 3302
f 3302 3312 3313
f 3302 3313 3303
f 3303 3313 3314
f 3303 3314 3304
f 3304 3314 3305
f 3304 3305 3295
f 3305 3315 3316
f 3305 3316 3306
f 3306 3316 3317
f 3306 3317 3307
f 3307 3317 3318
f 3307 3318 3308
f 3308 3318 3319
f 3308 3319 3309
f 3309 3319 3320
f 3309 3320 3310
f 3310 3320 3321
f 3310 3321 3311
f 3311 3321 3322
f 3311 3322 3312
f 3312 3322 3323
f 3312 3323 3313
f 3313 3323 3324
f 3313 3324 3314
f 3314 3324 3315
f 3314 3315 3305
f 3315 3325 3326
f 3315 3326 3316
f 3316 3326 3327
f 3316 3327 3317
f 3317 3327 3328
f 3317 3328 3318
f 3318 3328 3329
f 3318 3329 3319
f 3319 3329 3330
f 3319 3330 3320
f 3320 3330 3331
f 3320 3331 3321
f 3321 3331 3332
f 3321 3332 3322
f 3322 3332 3333
f 3322 3333 3323
f 3323 3333 3334
f 3323 3334 3324
f 3324 3334 3325
f 3324 3325 3315
f 3325 3335 3336
f 3325 3336 3326
f 3326 3336 3337
f 3326 3337 3327
f 3327 3337 3338
f 3327 3338 3328
f 3328 3338 3339
f 3328 3339 3329
f 3329 3339 3340
f 3329 3340 3330
f 3330 3340 3341
f 3330 3341 3331
f 3331 3341 3342
f 3331 3342 3332
f 3332 3342 3343
f 3332 3343 3333
f 3333 3343 3344
f 3333 3344 3334
f 3334 3344 3335
f 3334 3335 3325
f 3335 3345 3346
f 3335 3346 3336
f 3336 3346 3347
f 3336 3347 3337
f 3337 3347 3348
f 3337 3348 3338
f 3338 3348 3349
f 3338 3349 3339
f 3339 3349 3350
f 3339 3350 3340
f 3340 3350 3351
f 3340 3351 3341
f 3341 3351 3352
f 3341 3352 3342
f 3342 3352 3353
f 3342 3353 3343
f 3343 3353 3354
f 3343 3354 3344
f 3344 3354 3345
f 3344 3345 3335
f 3345 3355 3356
f 3345 3356 3346
f 3346 3356 3357
f 3346 3357 3347
f 3347 3357 3358
f 3347 3358 3348
f 3348 3358 3359
f 3348 3359 3349
f 3349 3359 3360
f 3349 3360 3350
f 3350 3360 3361
f 3350 3361 3351
f 3351 3361 3362
f 3351 3362 3352
f 3352 3362 3363
f 3352 3363 3353
f 3353 3363 3364
f 3353 3364 3354
f 3354 3364 3355
f 3354 3355 3345
f 3355 3365 3366
f 3355 3366 3356
f 3356 3366 3367
f 3356 3367 3357
f 3357 3367 3368
f 3357 3368 3358
f 3358 3368 3369
f 3358 3369 3359
f 3359 3369 3370
f 3359 3370 3360
f 3360 3370 3371
f 3360 3371 3361
f 3361 3371 3372
f 3361 3372 3362
f 3362 3372 3373
f 3362 3373 3363
f 3363 3373 3374
f 3363 3374 3364
f 3364 3374 3365
f 3364 3365 3355
f 3365 3375 3376
f 3365 3376 3366
f 3366 3376 3377
f 3366 3377 3367
f 3367 3377 3378
f 3367 3378 3368
f 3368 3378 3379
f 3368 3379 3369
f 3369 3379 3380
f 3369 3380 3370
f 3370 3380 3381
f 3370 3381 3371
f 3371 3381 3382
f 3371 3382 3372
f 3372 3382 3383
f 3372 3383 3373
f 3373 3383 3384
f 3373 3384 3374
f 3374 3384 3375
f 3374 3375 3365
f 3375 3385 3386
f 3375 3386 3376
f 3376 3386 3387
f 3376 3387 3377
f 3377 3387 3388
f 3377 3388 3378
f 3378 3388 3389
f 3378 3389 3379
f 3379 3389 3390
f 3379 3390 3380
f 3380 3390 3391
f 3380 3391 3381
f 3381 3391 3392
f 3381 3392 3382
f 3382 3392 3393
f 3382 3393 3383
f 3383 3393 3394
f 3383 3394 3384
f 3384 3394 3385
f 3384 3385 3375
f 3385 3395 3396
f 3385 3396 3386
f 3386 3396 3397
f 3386 3397 3387
f 3387 3397 3398
f 3387 3398 3388
f 3388 3398 3399
f 3388 3399 3389
f 3389 3399 3400
f 3389 3400 3390
f 3390 3400 3401
f 3390 3401 3391
f 3391 3401 3402
f 3391 3402 3392
f 3392 3402 3403
f 3392 3403 3393
f 3393 3403 3404
f 3393 3404 3394
f 3394 3404 3395
f 3394 3395 3385
f 3395 3405 3406
f 3395 3406 3396
f 3396 3406 3407
f 3396 3407 3397
f 3397 3407 3408
f 3397 3408 3398
f 3398 3408 3409
f 3398 3409 3399
f 3399 3409 3410
f 3399 3410 3400
f 3400 3410 3411
f 3400 3411 3401
f 3401 3411 3412
f 3401 3412 3402
f 3402 3412 3413
f 3402 3413 3403
f 3403 3413 3414
f 3403 3414 3404
f 3404 3414 3405
f 3404 3405 3395
f 3405 3415 3416
f 3405 3416 3406
f 3406 3416 3417
f 3406 3417 3407
f 3407 3417 3418
f 3407 3418 3408
f 3408 3418 3419
f 3408 3419 3409
f 3409 3419 3420
f 3409 3420 3410
f 3410 3420 3421
f 3410 3421 3411
f 3411 3421 3422
f 3411 3422 3412
f 3412 3422 3423
f 3412 3423 3413
f 3413 3423 3424
f 3413 3424 3414
f 3414 3424 3415
f 3414 3415 3405
f 3415 3425 3426
f 3415 3426 3416
f 3416 3426 3427
f 3416 3427 3417
f 3417 3427 3428
f 3417 3428 3418
f 3418 3428 3429
f 3418 3429 3419
f 3419 3429 3430
f 3419 3430 3420
f 3420 3430 3431
f 3420 3431 3421
f 3421 3431 3432
f 3421 3432 3422
f 3422 3432 3433
f 3422 3433 3423
f 3423 3433 3434
f 3423 3434 3424
f 3424 3434 3425
f 3424 3425 3415
f 3425 3435 3436
f 3425 3436 3426
f 3426 3436 3437
f 3426 3437 3427
f 3427 3437 3438
f 3427 3438 3428
f 3428 3438 3439
f 3428 3439 3429
f 3429 3439 3440
f 3429 3440 3430
f 3430 3440 3441
f 3430 3441 3431
f 3431 3441 3442
f 3431 3442 3432
f 3432 3442 3443
f 3432 3443 3433
f 3433 3443 3444
f 3433 3444 3434
f 3434 3444 3435
f 3434 3435 3425
f 3435 3445 3446
f 3435 3446 3436
f 3436 3446 3447
f 3436 3447 3437
f 3437 3447 3448
f 3437 3448 3438
f 3438 3448 3449
f 3438 3449 3439
f 3439 3449 3450
f 3439 3450 3440
f 3440 3450 3451
f 3440 3451 3441
f 3441 3451 3452
f 3441 3452 3442
f 3442 3452 3453
f 3442 3453 3443
f 3443 3453 3454
f 3443 3454 3444
f 3444 3454 3445
f 3444 3445 3435
f 3445 3455 3456
f 3445 3456 3446
f 3446 3456 3457
f 3446 3457 3447
f 3447 3457 3458
f 3447 3458 3448
f 3448 3458 3459
f 3448 3459 3449
f 3449 3459 3460
f 3449 3460 3450
f 3450 3460 3461
f 3450 3461 3451
f 3451 3461 3462
f 3451 3462 3452
f 3452 3462 3463
f 3452 3463 3453
f 3453 3463 3464
f 3453 3464 3454
f 3454 3464 3455
f 3454 3455 3445
f 3455 3465 3466
f 3455 3466 3456
f 3456 3466 3467
f 3456 3467 3457
f 3457 3467 3468
f 3457 3468 3458
f 3458 3468 3469
f 3458 3469 3459
f 3459 3469 3470
f 3459 3470 3460
f 3460 3470 3471
f 3460 3471 3461
f 3461 3471 3472
f 3461 3472 3462
f 3462 3472 3473
f 3462 3473 3463
f 3463 3473 3474
f 3463 3474 3464
f 3464 3474 3465
f 3464 3465 3455
f 3465 3475 3476
f 3465 3476 3466
f 3466 3476 3477
f 3466 3477 3467
f 3467 3477 3478
f 3467 3478 3468
f 3468 3478 3479
f 3468 3479 3469
f 3469 3479 3480
f 3469 3480 3470
f 3470 3480 3481
f 3470 3481 3471
f 3471 3481 3482
f 3471 3482 3472
f 3472 3482 3483
f 3472 3483 3473
f 3473 3483 3484
f 3473 3484 3474
f 3474 3484 3475
f 3474 3475 3465
f 3475 3485 3486
f 3475 3486 3476
f 3476 3486 3487
f 3476 3487 3477
f 3477 3487 3488
f 3477 3488 3478
f 3478 3488 3489
f 3478 3489 3479
f 3479 3489 3490
f 3479 3490 3480
f 3480 3490 3491
f 3480 3491 3481
f 3481 3491 3492
f 3481 3492 3482
f 3482 3492 3493
f 3482 3493 3483
f 3483 3493 3494
f 3483 3494 3484
f 3484 3494 3485
f 3484 3485 3475
f 3485 3495 3496
f 3485 3496 3486
f 3486 3496 3497
f 3486 3497 3487
f 3487 3497 3498
f 3487 3498 3488
f 3488 3498 3499
f 3488 3499 3489
f 3489 3499 3500
f 3489 3500 3490
f 3490 3500 3501
f 3490 3501 3491
f 3491 3501 3502
f 3491 3502 3492
f 3492 3502 3503
f 3492 3503 3493
f 3493 3503 3504
f 3493 3504 3494
f 3494 3504 3495
f 3494 3495 3485
f 3495 3505 3506
f 3495 3506 3496
f 3496 3506 3507
f 3496 3507 3497
f 3497 3507 3508
f 3497 3508 3498
f 3498 3508 3509
f 3498 3509 3499
f 3499 3509 3510
f 3499 3510 3500
f 3500 3510 3511
f 3500 3511 3501
f 3501 3511 3512
f 3501 3512 3502
f 3502 3512 3513
f 3502 3513 3503
f 3503 3513 3514
f 3503 3514 3504
f 3504 3514 3505
f 3504 3505 3495
f 3505 3515 3516
f 3505 3516 3506
f 3506 3516 3517
f 3506 3517 3507
f 3507 3517 3518
f 3507 3518 3508
f 3508 3518 3519
f 3508 3519 3509
f 3509 3519 3520
f 3509 3520 3510
f 3510 3520 3521
f 3510 3521 3511
f 3511 3521 3522
f 3511 3522 3512
f 3512 3522 3523
f 3512 3523 3513
f 3513 3523 3524
f 3513 3524 3514
f 3514 3524 3515
f 3514 3515 3505
f 3515 3165 3166
f 3515 3166 3516
f 3516 3166 3167
f 3516 3167 3517
f 3517 3167 3168
f 3517 3168 3518
f 3518 3168 3169
f 3518 3169 3519
f 3519 3169 3170
f 3519 3170 3520
f 3520 3170 3171
f 3520 3171 3521
f 3521 3171 3172
f 3521 3172 3522
f 3522 3172 3173
f 3522 3173 3523
f 3523 3173 3174
f 3523 3174 3524
f 3524 3174 3165
f 3524 3165 3515
o bronze_bun_base
g bronze_bun_base
f 3526 3554 3553
f 3527 3555 3554
f 3528 3556 3555
f 3529 3557 3556
f 3530 3558 3557
f 3531 3559 3558
f 3532 3560 3559
f 3533 3561 3560
f 3534 3562 3561
f 3535 3563 3562
f 3536 3564 3563
f 3537 3565 3564
f 3538 3566 3565
f 3539 3567 3566
f 3540 3568 3567
f 3541 3569 3568
f 3542 3570 3569
f 3543 3571 3570
f 3544 3572 3571
f 3545 3573 3572
f 3546 3574 3573
f 3547 3575 3574
f 3548 3576 3575
f 3549 3577 3576
f 3550 3578 3577
f 3551 3579 3578
f 3552 3580 3579
f 3525 3553 3580
f 3553 3554 3581
f 3554 3582 3581
f 3554 3555 3582
f 3555 3583 3582
f 3555 3556 3583
f 3556 3584 3583
f 3556 3557 3584
f 3557 3585 3584
f 3557 3558 3585
f 3558 3586 3585
f 3558 3559 3586
f 3559 3587 3586
f 3559 3560 3587
f 3560 3588 3587
f 3560 3561 3588
f 3561 3589 3588
f 3561 3562 3589
f 3562 3590 3589
f 3562 3563 3590
f 3563 3591 3590
f 3563 3564 3591
f 3564 3592 3591
f 3564 3565 3592
f 3565 3593 3592
f 3565 3566 3593
f 3566 3594 3593
f 3566 3567 3594
f 3567 3595 3594
f 3567 3568 3595
f 3568 3596 3595
f 3568 3569 3596
f 3569 3597 3596
f 3569 3570 3597
f 3570 3598 3597
f 3570 3571 3598
f 3571 3599 3598
f 3571 3572 3599
f 3572 3600 3599
f 3572 3573 3600
f 3573 3601 3600
f 3573 3574 3601
f 3574 3602 3601
f 3574 3575 3602
f 3575 3603 3602
f 3575 3576 3603
f 3576 3604 3603
f 3576 3577 3604
f 3577 3605 3604
f 3577 3578 3605
f 3578 3606 3605
f 3578 3579 3606
f 3579 3607 3606
f 3579 3580 3607
f 3580 3608 3607
f 3580 3553 3608
f 3553 3581 3608
f 3581 3582 3609
f 3582 3610 3609
f 3582 3583 3610
f 3583 3611 3610
f 3583 3584 3611
f 3584 3612 3611
f 3584 3585 3612
f 3585 3613 3612
f 3585 3586 3613
f 3586 3614 3613
f 3586 3587 3614
f 3587 3615 3614
f 3587 3588 3615
f 3588 3616 3615
f 3588 3589 3616
f 3589 3617 3616
f 3589 3590 3617
f 3590 3618 3617
f 3590 3591 3618
f 3591 3619 3618
f 3591 3592 3619
f 3592 3620 3619
f 3592 3593 3620
f 3593 3621 3620
f 3593 3594 3621
f 3594 3622 3621
f 3594 3595 3622
f 3595 3623 3622
f 3595 3596 3623
f 3596 3624 3623
f 3596 3597 3624
f 3597 3625 3624
f 3597 3598 3625
f 3598 3626 3625
f 3598 3599 3626
f 3599 3627 3626
f 3599 3600 3627
f 3600 3628 3627
f 3600 3601 3628
f 3601 3629 3628
f 3601 3602 3629
f 3602 3630 3629
f 3602 3603 3630
f 3603 3631 3630
f 3603 3604 3631
f 3604 3632 3631
f 3604 3605 3632
f 3605 3633 3632
f 3605 3606 3633
f 3606 3634 3633
f 3606 3607 3634
f 3607 3635 3634
f 3607 3608 3635
f 3608 3636 3635
f 3608 3581 3636
f 3581 3609 3636
f 3609 3610 3637
f 3610 3638 3637
f 3610 3611 3638
f 3611 3639 3638
f 3611 3612 3639
f 3612 3640 3639
f 3612 3613 3640
f 3613 3641 3640
f 3613 3614 3641
f 3614 3642 3641
f 3614 3615 3642
f 3615 3643 3642
f 3615 3616 3643
f 3616 3644 3643
f 3616 3617 3644
f 3617 3645 3644
f 3617 3618 3645
f 3618 3646 3645
f 3618 3619 3646
f 3619 3647 3646
f 3619 3620 3647
f 3620 3648 3647
f 3620 3621 3648
f 3621 3649 3648
f 3621 3622 3649
f 3622 3650 3649
f 3622 3623 3650
f 3623 3651 3650
f 3623 3624 3651
f 3624 3652 3651
f 3624 3625 3652
f 3625 3653 3652
f 3625 3626 3653
f 3626 3654 3653
f 3626 3627 3654
f 3627 3655 3654
f 3627 3628 3655
f 3628 3656 3655
f 3628 3629 3656
f 3629 3657 3656
f 3629 3630 3657
f 3630 3658 3657
f 3630 3631 3658
f 3631 3659 3658
f 3631 3632 3659
f 3632 3660 3659
f 3632 3633 3660
f 3633 3661 3660
f 3633 3634 3661
f 3634 3662 3661
f 3634 3635 3662
f 3635 3663 3662
f 3635 3636 3663
f 3636 3664 3663
f 3636 3609 3664
f 3609 3637 3664
f 3637 3638 3665
f 3638 3666 3665
f 3638 3639 3666
f 3639 3667 3666
f 3639 3640 3667
f 3640 3668 3667
f 3640 3641 3668
f 3641 3669 3668
f 3641 3642 3669
f 3642 3670 3669
f 3642 3643 3670
f 3643 3671 3670
f 3643 3644 3671
f 3644 3672 3671
f 3644 3645 3672
f 3645 3673 3672
f 3645 3646 3673
f 3646 3674 3673
f 3646 3647 3674
f 3647 3675 3674
f 3647 3648 3675
f 3648 3676 3675
f 3648 3649 3676
f 3649 3677 3676
f 3649 3650 3677
f 3650 3678 3677
f 3650 3651 3678
f 3651 3679 3678
f 3651 3652 3679
f 3652 3680 3679
f 3652 3653 3680
f 3653 3681 3680
f 3653 3654 3681
f 3654 3682 3681
f 3654 3655 3682
f 3655 3683 3682
f 3655 3656 3683
f 3656 3684 3683
f 3656 3657 3684
f 3657 3685 3684
f 3657 3658 3685
f 3658 3686 3685
f 3658 3659 3686
f 3659 3687 3686
f 3659 3660 3687
f 3660 3688 3687
f 3660 3661 3688
f 3661 3689 3688
f 3661 3662 3689
f 3662 3690 3689
f 3662 3663 3690
f 3663 3691 3690
f 3663 3664 3691
f 3664 3692 3691
f 3664 3637 3692
f 3637 3665 3692
f 3665 3666 3693
f 3666 3694 3693
f 3666 3667 3694
f 3667 3695 3694
f 3667 3668 3695
f 3668 3696 3695
f 3668 3669 3696
f 3669 3697 3696
f 3669 3670 3697
f 3670 3698 3697
f 3670 3671 3698
f 3671 3699 3698
f 3671 3672 3699
f 3672 3700 3699
f 3672 3673 3700
f 3673 3701 3700
f 3673 3674 3701
f 3674 3702 3701
f 3674 3675 3702
f 3675 3703 3702
f 3675 3676 3703
f 3676 3704 3703
f 3676 3677 3704
f 3677 3705 3704
f 3677 3678 3705
f 3678 3706 3705
f 3678 3679 3706
f 3679 3707 3706
f 3679 3680 3707
f 3680 3708 3707
f 3680 3681 3708
f 3681 3709 3708
f 3681 3682 3709
f 3682 3710 3709
f 3682 3683 3710
f 3683 3711 3710
f 3683 3684 3711
f 3684 3712 3711
f 3684 3685 3712
f 3685 3713 3712
f 3685 3686 3713
f 3686 3714 3713
f 3686 3687 3714
f 3687 3715 3714
f 3687 3688 3715
f 3688 3716 3715
f 3688 3689 3716
f 3689 3717 3716
f 3689 3690 3717
f 3690 3718 3717
f 3690 3691 3718
f 3691 3719 3718
f 3691 3692 3719
f 3692 3720 3719
f 3692 3665 3720
f 3665 3693 3720
f 3693 3694 3721
f 3694 3722 3721
f 3694 3695 3722
f 3695 3723 3722
f 3695 3696 3723
f 3696 3724 3723
f 3696 3697 3724
f 3697 3725 3724
f 3697 3698 3725
f 3698 3726 3725
f 3698 3699 3726
f 3699 3727 3726
f 3699 3700 3727
f 3700 3728 3727
f 3700 3701 3728
f 3701 3729 3728
f 3701 3702 3729
f 3702 3730 3729
f 3702 3703 3730
f 3703 3731 3730
f 3703 3704 3731
f 3704 3732 3731
f 3704 3705 3732
f 3705 3733 3732
f 3705 3706 3733
f 3706 3734 3733
f 3706 3707 3734
f 3707 3735 3734
f 3707 3708 3735
f 3708 3736 3735
f 3708 3709 3736
f 3709 3737 3736
f 3709 3710 3737
f 3710 3738 3737
f 3710 3711 3738
f 3711 3739 3738
f 3711 3712 3739
f 3712 3740 3739
f 3712 3713 3740
f 3713 3741 3740
f 3713 3714 3741
f 3714 3742 3741
f 3714 3715 3742
f 3715 3743 3742
f 3715 3716 3743
f 3716 3744 3743
f 3716 3717 3744
f 3717 3745 3744
f 3717 3718 3745
f 3718 3746 3745
f 3718 3719 3746
f 3719 3747 3746
f 3719 3720 3747
f 3720 3748 3747
f 3720 3693 3748
f 3693 3721 3748
f 3721 3722 3749
f 3722 3750 3749
f 3722 3723 3750
f 3723 3751 3750
f 3723 3724 3751
f 3724 3752 3751
f 3724 3725 3752
f 3725 3753 3752
f 3725 3726 3753
f 3726 3754 3753
f 3726 3727 3754
f 3727 3755 3754
f 3727 3728 3755
f 3728 3756 3755
f 3728 3729 3756
f 3729 3757 3756
f 3729 3730 3757
f 3730 3758 3757
f 3730 3731 3758
f 3731 3759 3758
f 3731 3732 3759
f 3732 3760 3759
f 3732 3733 3760
f 3733 3761 3760
f 3733 3734 3761
f 3734 3762 3761
f 3734 3735 3762
f 3735 3763 3762
f 3735 3736 3763
f 3736 3764 3763
f 3736 3737 3764
f 3737 3765 3764
f 3737 3738 3765
f 3738 3766 3765
f 3738 3739 3766
f 3739 3767 3766
f 3739 3740 3767
f 3740 3768 3767
f 3740 3741 3768
f 3741 3769 3768
f 3741 3742 3769
f 3742 3770 3769
f 3742 3743 3770
f 3743 3771 3770
f 3743 3744 3771
f 3744 3772 3771
f 3744 3745 3772
f 3745 3773 3772
f 3745 3746 3773
f 3746 3774 3773
f 3746 3747 3774
f 3747 3775 3774
f 3747 3748 3775
f 3748 3776 3775
f 3748 3721 3776
f 3721 3749 3776
f 3749 3750 3777
f 3750 3778 3777
f 3750 3751 3778
f 3751 3779 3778
f 3751 3752 3779
f 3752 3780 3779
f 3752 3753 3780
f 3753 3781 3780
f 3753 3754 3781
f 3754 3782 3781
f 3754 3755 3782
f 3755 3783 3782
f 3755 3756 3783
f 3756 3784 3783
f 3756 3757 3784
f 3757 3785 3784
f 3757 3758 3785
f 3758 3786 3785
f 3758 3759 3786
f 3759 3787 3786
f 3759 3760 3787
f 3760 3788 3787
f 3760 3761 3788
f 3761 3789 3788
f 3761 3762 3789
f 3762 3790 3789
f 3762 3763 3790
f 3763 3791 3790
f 3763 3764 3791
f 3764 3792 3791
f 3764 3765 3792
f 3765 3793 3792
f 3765 3766 3793
f 3766 3794 3793
f 3766 3767 3794
f 3767 3795 3794
f 3767 3768 3795
f 3768 3796 3795
f 3768 3769 3796
f 3769 3797 3796
f 3769 3770 3797
f 3770 3798 3797
f 3770 3771 3798
f 3771 3799 3798
f 3771 3772 3799
f 3772 3800 3799
f 3772 3773 3800
f 3773 3801 3800
f 3773 3774 3801
f 3774 3802 3801
f 3774 3775 3802
f 3775 3803 3802
f 3775 3776 3803
f 3776 3804 3803
f 3776 3749 3804
f 3749 3777 3804
f 3777 3778 3805
f 3778 3806 3805
f 3778 3779 3806
f 3779 3807 3806
f 3779 3780 3807
f 3780 3808 3807
f 3780 3781 3808
f 3781 3809 3808
f 3781 3782 3809
f 3782 3810 3809
f 3782 3783 3810
f 3783 3811 3810
f 3783 3784 3811
f 3784 3812 3811
f 3784 3785 3812
f 3785 3813 3812
f 3785 3786 3813
f 3786 3814 3813
f 3786 3787 3814
f 3787 3815 3814
f 3787 3788 3815
f 3788 3816 3815
f 3788 3789 3816
f 3789 3817 3816
f 3789 3790 3817
f 3790 3818 3817
f 3790 3791 3818
f 3791 3819 3818
f 3791 3792 3819
f 3792 3820 3819
f 3792 3793 3820
f 3793 3821 3820
f 3793 3794 3821
f 3794 3822 3821
f 3794 3795 3822
f 3795 3823 3822
f 3795 3796 3823
f 3796 3824 3823
f 3796 3797 3824
f 3797 3825 3824
f 3797 3798 3825
f 3798 3826 3825
f 3798 3799 3826
f 3799 3827 3826
f 3799 3800 3827
f 3800 3828 3827
f 3800 3801 3828
f 3801 3829 3828
f 3801 3802 3829
f 3802 3830 3829
f 3802 3803 3830
f 3803 3831 3830
f 3803 3804 3831
f 3804 3832 3831
f 3804 3777 3832
f 3777 3805 3832
f 3805 3806 3833
f 3806 3834 3833
f 3806 3807 3834
f 3807 3835 3834
f 3807 3808 3835
f 3808 3836 3835
f 3808 3809 3836
f 3809 3837 3836
f 3809 3810 3837
f 3810 3838 3837
f 3810 3811 3838
f 3811 3839 3838
f 3811 3812 3839
f 3812 3840 3839
f 3812 3813 3840
f 3813 3841 3840
f 3813 3814 3841
f 3814 3842 3841
f 3814 3815 3842
f 3815 3843 3842
f 3815 3816 3843
f 3816 3844 3843
f 3816 3817 3844
f 3817 3845 3844
f 3817 3818 3845
f 3818 3846 3845
f 3818 3819 3846
f 3819 3847 3846
f 3819 3820 3847
f 3820 3848 3847
f 3820 3821 3848
f 3821 3849 3848
f 3821 3822 3849
f 3822 3850 3849
f 3822 3823 3850
f 3823 3851 3850
f 3823 3824 3851
f 3824 3852 3851
f 3824 3825 3852
f 3825 3853 3852
f 3825 3826 3853
f 3826 3854 3853
f 3826 3827 3854
f 3827 3855 3854
f 3827 3828 3855
f 3828 3856 3855
f 3828 3829 3856
f 3829 3857 3856
f 3829 3830 3857
f 3830 3858 3857
f 3830 3831 3858
f 3831 3859 3858
f 3831 3832 3859
f 3832 3860 3859
f 3832 3805 3860
f 3805 3833 3860
f 3833 3834 3861
f 3834 3835 3862
f 3835 3836 3863
f 3836 3837 3864
f 3837 3838 3865
f 3838 3839 3866
f 3839 3840 3867
f 3840 3841 3868
f 3841 3842 3869
f 3842 3843 3870
f 3843 3844 3871
f 3844 3845 3872
f 3845 3846 3873
f 3846 3847 3874
f 3847 3848 3875
f 3848 3849 3876
f 3849 3850 3877
f 3850 3851 3878
f 3851 3852 3879
f 3852 3853 3880
f 3853 3854 3881
f 3854 3855 3882
f 3855 3856 3883
f 3856 3857 3884
f 3857 3858 3885
f 3858 3859 3886
f 3859 3860 3887
f 3860 3833 3888
o bronze_bun
g bronze_bun
f 3890 3918 3917
f 3891 3919 3918
f 3892 3920 3919
f 3893 3921 3920
f 3894 3922 3921
f 3895 3923 3922
f 3896 3924 3923
f 3897 3925 3924
f 3898 3926 3925
f 3899 3927 3926
f 3900 3928 3927
f 3901 3929 3928
f 3902 3930 3929
f 3903 3931 3930
f 3904 3932 3931
f 3905 3933 3932
f 3906 3934 3933
f 3907 3935 3934
f 3908 3936 3935
f 3909 3937 3936
f 3910 3938 3937
f 3911 3939 3938
f 3912 3940 3939
f 3913 3941 3940
f 3914 3942 3941
f 3915 3943 3942
f 3916 3944 3943
f 3889 3917 3944
f 3917 3918 3945
f 3918 3946 3945
f 3918 3919 3946
f 3919 3947 3946
f 3919 3920 3947
f 3920 3948 3947
f 3920 3921 3948
f 3921 3949 3948
f 3921 3922 3949
f 3922 3950 3949
f 3922 3923 3950
f 3923 3951 3950
f 3923 3924 3951
f 3924 3952 3951
f 3924 3925 3952
f 3925 3953 3952
f 3925 3926 3953
f 3926 3954 3953
f 3926 3927 3954
f 3927 3955 3954
f 3927 3928 3955
f 3928 3956 3955
f 3928 3929 3956
f 3929 3957 3956
f 3929 3930 3957
f 3930 3958 3957
f 3930 3931 3958
f 3931 3959 3958
f 3931 3932 3959
f 3932 3960 3959
f 3932 3933 3960
f 3933 3961 3960
f 3933 3934 3961
f 3934 3962 3961
f 3934 3935 3962
f 3935 3963 3962
f 3935 3936 3963
f 3936 3964 3963
f 3936 3937 3964
f 3937 3965 3964
f 3937 3938 3965
f 3938 3966 3965
f 3938 3939 3966
f 3939 3967 3966
f 3939 3940 3967
f 3940 3968 3967
f 3940 3941 3968
f 3941 3969 3968
f 3941 3942 3969
f 3942 3970 3969
f 3942 3943 3970
f 3943 3971 3970
f 3943 3944 3971
f 3944 3972 3971
f 3944 3917 3972
f 3917 3945 3972
f 3945 3946 3973
f 3946 3974 3973
f 3946 3947 3974
f 3947 3975 3974
f 3947 3948 3975
f 3948 3976 3975
f 3948 3949 3976
f 3949 3977 3976
f 3949 3950 3977
f 3950 3978 3977
f 3950 3951 3978
f 3951 3979 3978
f 3951 3952 3979
f 3952 3980 3979
f 3952 3953 3980
f 3953 3981 3980
f 3953 3954 3981
f 3954 3982 3981
f 3954 3955 3982
f 3955 3983 3982
f 3955 3956 3983
f 3956 3984 3983
f 3956 3957 3984
f 3957 3985 3984
f 3957 3958 3985
f 3958 3986 3985
f 3958 3959 3986
f 3959 3987 3986
f 3959 3960 3987
f 3960 3988 3987
f 3960 3961 3988
f 3961 3989 3988
f 3961 3962 3989
f 3962 3990 3989
f 3962 3963 3990
f 3963 3991 3990
f 3963 3964 3991
f 3964 3992 3991
f 3964 3965 3992
f 3965 3993 3992
f 3965 3966 3993
f 3966 3994 3993
f 3966 3967 3994
f 3967 3995 3994
f 3967 3968 3995
f 3968 3996 3995
f 3968 3969 3996
f 3969 3997 3996
f 3969 3970 3997
f 3970 3998 3997
f 3970 3971 3998
f 3971 3999 3998
f 3971 3972 3999
f 3972 4000 3999
f 3972 3945 4000
f 3945 3973 4000
f 3973 3974 4001
f 3974 4002 4001
f 3974 3975 4002
f 3975 4003 4002
f 3975 3976 4003
f 3976 4004 4003
f 3976 3977 4004
f 3977 4005 4004
f 3977 3978 4005
f 3978 4006 4005
f 3978 3979 4006
f 3979 4007 4006
f 3979 3980 4007
f 3980 4008 4007
f 3980 3981 4008
f 3981 4009 4008
f 3981 3982 4009
f 3982 4010 4009
f 3982 3983 4010
f 3983 4011 4010
f 3983 3984 4011
f 3984 4012 4011
f 3984 3985 4012
f 3985 4013 4012
f 3985 3986 4013
f 3986 4014 4013
f 3986 3987 4014
f 3987 4015 4014
f 3987 3988 4015
f 3988 4016 4015
f 3988 3989 4016
f 3989 4017 4016
f 3989 3990 4017
f 3990 4018 4017
f 3990 3991 4018
f 3991 4019 4018
f 3991 3992 4019
f 3992 4020 4019
f 3992 3993 4020
f 3993 4021 4020
f 3993 3994 4021
f 3994 4022 4021
f 3994 3995 4022
f 3995 4023 4022
f 3995 3996 4023
f 3996 4024 4023
f 3996 3997 4024
f 3997 4025 4024
f 3997 3998 4025
f 3998 4026 4025
f 3998 3999 4026
f 3999 4027 4026
f 3999 4000 4027
f 4000 4028 4027
f 4000 3973 4028
f 3973 4001 4028
f 4001 4002 4029
f 4002 4030 4029
f 4002 4003 4030
f 4003 4031 4030
f 4003 4004 4031
f 4004 4032 4031
f 4004 4005 4032
f 4005 4033 4032
f 4005 4006 4033
f 4006 4034 4033
f 4006 4007 4034
f 4007 4035 4034
f 4007 4008 4035
f 4008 4036 4035
f 4008 4009 4036
f 4009 4037 4036
f 4009 4010 4037
f 4010 4038 4037
f 4010 4011 4038
f 4011 4039 4038
f 4011 4012 4039
f 4012 4040 4039
f 4012 4013 4040
f 4013 4041 4040
f 4013 4014 4041
f 4014 4042 4041
f 4014 4015 4042
f 4015 4043 4042
f 4015 4016 4043
f 4016 4044 4043
f 4016 4017 4044
f 4017 4045 4044
f 4017 4018 4045
f 4018 4046 4045
f 4018 4019 4046
f 4019 4047 4046
f 4019 4020 4047
f 4020 4048 4047
f 4020 4021 4048
f 4021 4049 4048
f 4021 4022 4049
f 4022 4050 4049
f 4022 4023 4050
f 4023 4051 4050
f 4023 4024 4051
f 4024 4052 4051
f 4024 4025 4052
f 4025 4053 4052
f 4025 4026 4053
f 4026 4054 4053
f 4026 4027 4054
f 4027 4055 4054
f 4027 4028 4055
f 4028 4056 4055
f 4028 4001 4056
f 4001 4029 4056
f 4029 4030 4057
f 4030 4058 4057
f 4030 4031 4058
f 4031 4059 4058
f 4031 4032 4059
f 4032 4060 4059
f 4032 4033 4060
f 4033 4061 4060
f 4033 4034 4061
f 4034 4062 4061
f 4034 4035 4062
f 4035 4063 4062
f 4035 4036 4063
f 4036 4064 4063
f 4036 4037 4064
f 4037 4065 4064
f 4037 4038 4065
f 4038 4066 4065
f 4038 4039 4066
f 4039 4067 4066
f 4039 4040 4067
f 4040 4068 4067
f 4040 4041 4068
f 4041 4069 4068
f 4041 4042 4069
f 4042 4070 4069
f 4042 4043 4070
f 4043 4071 4070
f 4043 4044 4071
f 4044 4072 4071
f 4044 4045 4072
f 4045 4073 4072
f 4045 4046 4073
f 4046 4074 4073
f 4046 4047 4074
f 4047 4075 4074
f 4047 4048 4075
f 4048 4076 4075
f 4048 4049 4076
f 4049 4077 4076
f 4049 4050 4077
f 4050 4078 4077
f 4050 4051 4078
f 4051 4079 4078
f 4051 4052 4079
f 4052 4080 4079
f 4052 4053 4080
f 4053 4081 4080
f 4053 4054 4081
f 4054 4082 4081
f 4054 4055 4082
f 4055 4083 4082
f 4055 4056 4083
f 4056 4084 4083
f 4056 4029 4084
f 4029 4057 4084
f 4057 4058 4085
f 4058 4086 4085
f 4058 4059 4086
f 4059 4087 4086
f 4059 4060 4087
f 4060 4088 4087
f 4060 4061 4088
f 4061 4089 4088
f 4061 4062 4089
f 4062 4090 4089
f 4062 4063 4090
f 4063 4091 4090
f 4063 4064 4091
f 4064 4092 4091
f 4064 4065 4092
f 4065 4093 4092
f 4065 4066 4093
f 4066 4094 4093
f 4066 4067 4094
f 4067 4095 4094
f 4067 4068 4095
f 4068 4096 4095
f 4068 4069 4096
f 4069 4097 4096
f 4069 4070 4097
f 4070 4098 4097
f 4070 4071 4098
f 4071 4099 4098
f 4071 4072 4099
f 4072 4100 4099
f 4072 4073 4100
f 4073 4101 4100
f 4073 4074 4101
f 4074 4102 4101
f 4074 4075 4102
f 4075 4103 4102
f 4075 4076 4103
f 4076 4104 4103
f 4076 4077 4104
f 4077 4105 4104
f 4077 4078 4105
f 4078 4106 4105
f 4078 4079 4106
f 4079 4107 4106
f 4079 4080 4107
f 4080 4108 4107
f 4080 4081 4108
f 4081 4109 4108
f 4081 4082 4109
f 4082 4110 4109
f 4082 4083 4110
f 4083 4111 4110
f 4083 4084 4111
f 4084 4112 4111
f 4084 4057 4112
f 4057 4085 4112
f 4085 4086 4113
f 4086 4114 4113
f 4086 4087 4114
f 4087 4115 4114
f 4087 4088 4115
f 4088 4116 4115
f 4088 4089 4116
f 4089 4117 4116
f 4089 4090 4117
f 4090 4118 4117
f 4090 4091 4118
f 4091 4119 4118
f 4091 4092 4119
f 4092 4120 4119
f 4092 4093 4120
f 4093 4121 4120
f 4093 4094 4121
f 4094 4122 4121
f 4094 4095 4122
f 4095 4123 4122
f 4095 4096 4123
f 4096 4124 4123
f 4096 4097 4124
f 4097 4125 4124
f 4097 4098 4125
f 4098 4126 4125
f 4098 4099 4126
f 4099 4127 4126
f 4099 4100 4127
f 4100 4128 4127
f 4100 4101 4128
f 4101 4129 4128
f 4101 4102 4129
f 4102 4130 4129
f 4102 4103 4130
f 4103 4131 4130
f 4103 4104 4131
f 4104 4132 4131
f 4104 4105 4132
f 4105 4133 4132
f 4105 4106 4133
f 4106 4134 4133
f 4106 4107 4134
f 4107 4135 4134
f 4107 4108 4135
f 4108 4136 4135
f 4108 4109 4136
f 4109 4137 4136
f 4109 4110 4137
f 4110 4138 4137
f 4110 4111 4138
f 4111 4139 4138
f 4111 4112 4139
f 4112 4140 4139
f 4112 4085 4140
f 4085 4113 4140
f 4113 4114 4141
f 4114 4142 4141
f 4114 4115 4142
f 4115 4143 4142
f 4115 4116 4143
f 4116 4144 4143
f 4116 4117 4144
f 4117 4145 4144
f 4117 4118 4145
f 4118 4146 4145
f 4118 4119 4146
f 4119 4147 4146
f 4119 4120 4147
f 4120 4148 4147
f 4120 4121 4148
f 4121 4149 4148
f 4121 4122 4149
f 4122 4150 4149
f 4122 4123 4150
f 4123 4151 4150
f 4123 4124 4151
f 4124 4152 4151
f 4124 4125 4152
f 4125 4153 4152
f 4125 4126 4153
f 4126 4154 4153
f 4126 4127 4154
f 4127 4155 4154
f 4127 4128 4155
f 4128 4156 4155
f 4128 4129 4156
f 4129 4157 4156
f 4129 4130 4157
f 4130 4158 4157
f 4130 4131 4158
f 4131 4159 4158
f 4131 4132 4159
f 4132 4160 4159
f 4132 4133 4160
f 4133 4161 4160
f 4133 4134 4161
f 4134 4162 4161
f 4134 4135 4162
f 4135 4163 4162
f 4135 4136 4163
f 4136 4164 4163
f 4136 4137 4164
f 4137 4165 4164
f 4137 4138 4165
f 4138 4166 4165
f 4138 4139 4166
f 4139 4167 4166
f 4139 4140 4167
f 4140 4168 4167
f 4140 4113 4168
f 4113 4141 4168
f 4141 4142 4169
f 4142 4170 4169
f 4142 4143 4170
f 4143 4171 4170
f 4143 4144 4171
f 4144 4172 4171
f 4144 4145 4172
f 4145 4173 4172
f 4145 4146 4173
f 4146 4174 4173
f 4146 4147 4174
f 4147 4175 4174
f 4147 4148 4175
f 4148 4176 4175
f 4148 4149 4176
f 4149 4177 4176
f 4149 4150 4177
f 4150 4178 4177
f 4150 4151 4178
f 4151 4179 4178
f 4151 4152 4179
f 4152 4180 4179
f 4152 4153 4180
f 4153 4181 4180
f 4153 4154 4181
f 4154 4182 4181
f 4154 4155 4182
f 4155 4183 4182
f 4155 4156 4183
f 4156 4184 4183
f 4156 4157 4184
f 4157 4185 4184
f 4157 4158 4185
f 4158 4186 4185
f 4158 4159 4186
f 4159 4187 4186
f 4159 4160 4187
f 4160 4188 4187
f 4160 4161 4188
f 4161 4189 4188
f 4161 4162 4189
f 4162 4190 4189
f 4162 4163 4190
f 4163 4191 4190
f 4163 4164 4191
f 4164 4192 4191
f 4164 4165 4192
f 4165 4193 4192
f 4165 4166 4193
f 4166 4194 4193
f 4166 4167 4194
f 4167 4195 4194
f 4167 4168 4195
f 4168 4196 4195
f 4168 4141 4196
f 4141 4169 4196
f 4169 4170 4197
f 4170 4198 4197
f 4170 4171 4198
f 4171 4199 4198
f 4171 4172 4199
f 4172 4200 4199
f 4172 4173 4200
f 4173 4201 4200
f 4173 4174 4201
f 4174 4202 4201
f 4174 4175 4202
f 4175 4203 4202
f 4175 4176 4203
f 4176 4204 4203
f 4176 4177 4204
f 4177 4205 4204
f 4177 4178 4205
f 4178 4206 4205
f 4178 4179 4206
f 4179 4207 4206
f 4179 4180 4207
f 4180 4208 4207
f 4180 4181 4208
f 4181 4209 4208
f 4181 4182 4209
f 4182 4210 4209
f 4182 4183 4210
f 4183 4211 4210
f 4183 4184 4211
f 4184 4212 4211
f 4184 4185 4212
f 4185 4213 4212
f 4185 4186 4213
f 4186 4214 4213
f 4186 4187 4214
f 4187 4215 4214
f 4187 4188 4215
f 4188 4216 4215
f 4188 4189 4216
f 4189 4217 4216
f 4189 4190 4217
f 4190 4218 4217
f 4190 4191 4218
f 4191 4219 4218
f 4191 4192 4219
f 4192 4220 4219
f 4192 4193 4220
f 4193 4221 4220
f 4193 4194 4221
f 4194 4222 4221
f 4194 4195 4222
f 4195 4223 4222
f 4195 4196 4223
f 4196 4224 4223
f 4196 4169 4224
f 4169 4197 4224
f 4197 4198 4225
f 4198 4226 4225
f 4198 4199 4226
f 4199 4227 4226
f 4199 4200 4227
f 4200 4228 4227
f 4200 4201 4228
f 4201 4229 4228
f 4201 4202 4229
f 4202 4230 4229
f 4202 4203 4230
f 4203 4231 4230
f 4203 4204 4231
f 4204 4232 4231
f 4204 4205 4232
f 4205 4233 4232
f 4205 4206 4233
f 4206 4234 4233
f 4206 4207 4234
f 4207 4235 4234
f 4207 4208 4235
f 4208 4236 4235
f 4208 4209 4236
f 4209 4237 4236
f 4209 4210 4237
f 4210 4238 4237
f 4210 4211 4238
f 4211 4239 4238
f 4211 4212 4239
f 4212 4240 4239
f 4212 4213 4240
f 4213 4241 4240
f 4213 4214 4241
f 4214 4242 4241
f 4214 4215 4242
f 4215 4243 4242
f 4215 4216 4243
f 4216 4244 4243
f 4216 4217 4244
f 4217 4245 4244
f 4217 4218 4245
f 4218 4246 4245
f 4218 4219 4246
f 4219 4247 4246
f 4219 4220 4247
f 4220 4248 4247
f 4220 4221 4248
f 4221 4249 4248
f 4221 4222 4249
f 4222 4250 4249
f 4222 4223 4250
f 4223 4251 4250
f 4223 4224 4251
f 4224 4252 4251
f 4224 4197 4252
f 4197 4225 4252
f 4225 4226 4253
f 4226 4254 4253
f 4226 4227 4254
f 4227 4255 4254
f 4227 4228 4255
f 4228 4256 4255
f 4228 4229 4256
f 4229 4257 4256
f 4229 4230 4257
f 4230 4258 4257
f 4230 4231 4258
f 4231 4259 4258
f 4231 4232 4259
f 4232 4260 4259
f 4232 4233 4260
f 4233 4261 4260
f 4233 4234 4261
f 4234 4262 4261
f 4234 4235 4262
f 4235 4263 4262
f 4235 4236 4263
f 4236 4264 4263
f 4236 4237 4264
f 4237 4265 4264
f 4237 4238 4265
f 4238 4266 4265
f 4238 4239 4266
f 4239 4267 4266
f 4239 4240 4267
f 4240 4268 4267
f 4240 4241 4268
f 4241 4269 4268
f 4241 4242 4269
f 4242 4270 4269
f 4242 4243 4270
f 4243 4271 4270
f 4243 4244 4271
f 4244 4272 4271
f 4244 4245 4272
f 4245 4273 4272
f 4245 4246 4273
f 4246 4274 4273
f 4246 4247 4274
f 4247 4275 4274
f 4247 4248 4275
f 4248 4276 4275
f 4248 4249 4276
f 4249 4277 4276
f 4249 4250 4277
f 4250 4278 4277
f 4250 4251 4278
f 4251 4279 4278
f 4251 4252 4279
f 4252 4280 4279
f 4252 4225 4280
f 4225 4253 4280
f 4253 4254 4281
f 4254 4282 4281
f 4254 4255 4282
f 4255 4283 4282
f 4255 4256 4283
f 4256 4284 4283
f 4256 4257 4284
f 4257 4285 4284
f 4257 4258 4285
f 4258 4286 4285
f 4258 4259 4286
f 4259 4287 4286
f 4259 4260 4287
f 4260 4288 4287
f 4260 4261 4288
f 4261 4289 4288
f 4261 4262 4289
f 4262 4290 4289
f 4262 4263 4290
f 4263 4291 4290
f 4263 4264 4291
f 4264 4292 4291
f 4264 4265 4292
f 4265 4293 4292
f 4265 4266 4293
f 4266 4294 4293
f 4266 4267 4294
f 4267 4295 4294
f 4267 4268 4295
f 4268 4296 4295
f 4268 4269 4296
f 4269 4297 4296
f 4269 4270 4297
f 4270 4298 4297
f 4270 4271 4298
f 4271 4299 4298
f 4271 4272 4299
f 4272 4300 4299
f 4272 4273 4300
f 4273 4301 4300
f 4273 4274 4301
f 4274 4302 4301
f 4274 4275 4302
f 4275 4303 4302
f 4275 4276 4303
f 4276 4304 4303
f 4276 4277 4304
f 4277 4305 4304
f 4277 4278 4305
f 4278 4306 4305
f 4278 4279 4306
f 4279 4307 4306
f 4279 4280 4307
f 4280 4308 4307
f 4280 4253 4308
f 4253 4281 4308
f 4281 4282 4309
f 4282 4310 4309
f 4282 4283 4310
f 4283 4311 4310
f 4283 4284 4311
f 4284 4312 4311
f 4284 4285 4312
f 4285 4313 4312
f 4285 4286 4313
f 4286 4314 4313
f 4286 4287 4314
f 4287 4315 4314
f 4287 4288 4315
f 4288 4316 4315
f 4288 4289 4316
f 4289 4317 4316
f 4289 4290 4317
f 4290 4318 4317
f 4290 4291 4318
f 4291 4319 4318
f 4291 4292 4319
f 4292 4320 4319
f 4292 4293 4320
f 4293 4321 4320
f 4293 4294 4321
f 4294 4322 4321
f 4294 4295 4322
f 4295 4323 4322
f 4295 4296 4323
f 4296 4324 4323
f 4296 4297 4324
f 4297 4325 4324
f 4297 4298 4325
f 4298 4326 4325
f 4298 4299 4326
f 4299 4327 4326
f 4299 4300 4327
f 4300 4328 4327
f 4300 4301 4328
f 4301 4329 4328
f 4301 4302 4329
f 4302 4330 4329
f 4302 4303 4330
f 4303 4331 4330
f 4303 4304 4331
f 4304 4332 4331
f 4304 4305 4332
f 4305 4333 4332
f 4305 4306 4333
f 4306 4334 4333
f 4306 4307 4334
f 4307 4335 4334
f 4307 4308 4335
f 4308 4336 4335
f 4308 4281 4336
f 4281 4309 4336
f 4309 4310 4337
f 4310 4311 4338
f 4311 4312 4339
f 4312 4313 4340
f 4313 4314 4341
f 4314 4315 4342
f 4315 4316 4343
f 4316 4317 4344
f 4317 4318 4345
f 4318 4319 4346
f 4319 4320 4347
f 4320 4321 4348
f 4321 4322 4349
f 4322 4323 4350
f 4323 4324 4351
f 4324 4325 4352
f 4325 4326 4353
f 4326 4327 4354
f 4327 4328 4355
f 4328 4329 4356
f 4329 4330 4357
f 4330 4331 4358
f 4331 4332 4359
f 4332 4333 4360
f 4333 4334 4361
f 4334 4335 4362
f 4335 4336 4363
f 4336 4309 4364
o patina_neck
g patina_neck
f 4365 4375 4376
f 4365 4376 4366
f 4366 4376 4377
f 4366 4377 4367
f 4367 4377 4378
f 4367 4378 4368
f 4368 4378 4379
f 4368 4379 4369
f 4369 4379 4380
f 4369 4380 4370
f 4370 4380 4381
f 4370 4381 4371
f 4371 4381 4382
f 4371 4382 4372
f 4372 4382 4383
f 4372 4383 4373
f 4373 4383 4384
f 4373 4384 4374
f 4374 4384 4375
f 4374 4375 4365
f 4375 4385 4386
f 4375 4386 4376
f 4376 4386 4387
f 4376 4387 4377
f 4377 4387 4388
f 4377 4388 4378
f 4378 4388 4389
f 4378 4389 4379
f 4379 4389 4390
f 4379 4390 4380
f 4380 4390 4391
f 4380 4391 4381
f 4381 4391 4392
f 4381 4392 4382
f 4382 4392 4393
f 4382 4393 4383
f 4383 4393 4394
f 4383 4394 4384
f 4384 4394 4385
f 4384 4385 4375
f 4385 4395 4396
f 4385 4396 4386
f 4386 4396 4397
f 4386 4397 4387
f 4387 4397 4398
f 4387 4398 4388
f 4388 4398 4399
f 4388 4399 4389
f 4389 4399 4400
f 4389 4400 4390
f 4390 4400 4401
f 4390 4401 4391
f 4391 4401 4402
f 4391 4402 4392
f 4392 4402 4403
f 4392 4403 4393
f 4393 4403 4404
f 4393 4404 4394
f 4394 4404 4395
f 4394 4395 4385
f 4395 4405 4406
f 4395 4406 4396
f 4396 4406 4407
f 4396 4407 4397
f 4397 4407 4408
f 4397 4408 4398
f 4398 4408 4409
f 4398 4409 4399
f 4399 4409 4410
f 4399 4410 4400
f 4400 4410 4411
f 4400 4411 4401
f 4401 4411 4412
f 4401 4412 4402
f 4402 4412 4413
f 4402 4413 4403
f 4403 4413 4414
f 4403 4414 4404
f 4404 4414 4405
f 4404 4405 4395
f 4405 4415 4416
f 4405 4416 4406
f 4406 4416 4417
f 4406 4417 4407
f 4407 4417 4418
f 4407 4418 4408
f 4408 4418 4419
f 4408 4419 4409
f 4409 4419 4420
f 4409 4420 4410
f 4410 4420 4421
f 4410 4421 4411
f 4411 4421 4422
f 4411 4422 4412
f 4412 4422 4423
f 4412 4423 4413
f 4413 4423 4424
f 4413 4424 4414
f 4414 4424 4415
f 4414 4415 4405
f 4415 4425 4426
f 4415 4426 4416
f 4416 4426 4427
f 4416 4427 4417
f 4417 4427 4428
f 4417 4428 4418
f 4418 4428 4429
f 4418 4429 4419
f 4419 4429 4430
f 4419 4430 4420
f 4420 4430 4431
f 4420 4431 4421
f 4421 4431 4432
f 4421 4432 4422
f 4422 4432 4433
f 4422 4433 4423
f 4423 4433 4434
f 4423 4434 4424
f 4424 4434 4425
f 4424 4425 4415
f 4425 4435 4436
f 4425 4436 4426
f 4426 4436 4437
f 4426 4437 4427
f 4427 4437 4438
f 4427 4438 4428
f 4428 4438 4439
f 4428 4439 4429
f 4429 4439 4440
f 4429 4440 4430
f 4430 4440 4441
f 4430 4441 4431
f 4431 4441 4442
f 4431 4442 4432
f 4432 4442 4443
f 4432 4443 4433
f 4433 4443 4444
f 4433 4444 4434
f 4434 4444 4435
f 4434 4435 4425
f 4435 4445 4446
f 4435 4446 4436
f 4436 4446 4447
f 4436 4447 4437
f 4437 4447 4448
f 4437 4448 4438
f 4438 4448 4449
f 4438 4449 4439
f 4439 4449 4450
f 4439 4450 4440
f 4440 4450 4451
f 4440 4451 4441
f 4441 4451 4452
f 4441 4452 4442
f 4442 4452 4453
f 4442 4453 4443
f 4443 4453 4454
f 4443 4454 4444
f 4444 4454 4445
f 4444 4445 4435
f 4445 4455 4456
f 4445 4456 4446
f 4446 4456 4457
f 4446 4457 4447
f 4447 4457 4458
f 4447 4458 4448
f 4448 4458 4459
f 4448 4459 4449
f 4449 4459 4460
f 4449 4460 4450
f 4450 4460 4461
f 4450 4461 4451
f 4451 4461 4462
f 4451 4462 4452
f 4452 4462 4463
f 4452 4463 4453
f 4453 4463 4464
f 4453 4464 4454
f 4454 4464 4455
f 4454 4455 4445
f 4455 4465 4466
f 4455 4466 4456
f 4456 4466 4467
f 4456 4467 4457
f 4457 4467 4468
f 4457 4468 4458
f 4458 4468 4469
f 4458 4469 4459
f 4459 4469 4470
f 4459 4470 4460
f 4460 4470 4471
f 4460 4471 4461
f 4461 4471 4472
f 4461 4472 4462
f 4462 4472 4473
f 4462 4473 4463
f 4463 4473 4474
f 4463 4474 4464
f 4464 4474 4465
f 4464 4465 4455
f 4465 4475 4476
f 4465 4476 4466
f 4466 4476 4477
f 4466 4477 4467
f 4467 4477 4478
f 4467 4478 4468
f 4468 4478 4479
f 4468 4479 4469
f 4469 4479 4480
f 4469 4480 4470
f 4470 4480 4481
f 4470 4481 4471
f 4471 4481 4482
f 4471 4482 4472
f 4472 4482 4483
f 4472 4483 4473
f 4473 4483 4484
f 4473 4484 4474
f 4474 4484 4475
f 4474 4475 4465
f 4475 4485 4486
f 4475 4486 4476
f 4476 4486 4487
f 4476 4487 4477
f 4477 4487 4488
f 4477 4488 4478
f 4478 4488 4489
f 4478 4489 4479
f 4479 4489 4490
f 4479 4490 4480
f 4480 4490 4491
f 4480 4491 4481
f 4481 4491 4492
f 4481 4492 4482
f 4482 4492 4493
f 4482 4493 4483
f 4483 4493 4494
f 4483 4494 4484
f 4484 4494 4485
f 4484 4485 4475
f 4485 4495 4496
f 4485 4496 4486
f 4486 4496 4497
f 4486 4497 4487
f 4487 4497 4498
f 4487 4498 4488
f 4488 4498 4499
f 4488 4499 4489
f 4489 4499 4500
f 4489 4500 4490
f 4490 4500 4501
f 4490 4501 4491
f 4491 4501 4502
f 4491 4502 4492
f 4492 4502 4503
f 4492 4503 4493
f 4493 4503 4504
f 4493 4504 4494
f 4494 4504 4495
f 4494 4495 4485
f 4495 4505 4506
f 4495 4506 4496
f 4496 4506 4507
f 4496 4507 4497
f 4497 4507 4508
f 4497 4508 4498
f 4498 4508 4509
f 4498 4509 4499
f 4499 4509 4510
f 4499 4510 4500
f 4500 4510 4511
f 4500 4511 4501
f 4501 4511 4512
f 4501 4512 4502
f 4502 4512 4513
f 4502 4513 4503
f 4503 4513 4514
f 4503 4514 4504
f 4504 4514 4505
f 4504 4505 4495
f 4505 4515 4516
f 4505 4516 4506
f 4506 4516 4517
f 4506 4517 4507
f 4507 4517 4518
f 4507 4518 4508
f 4508 4518 4519
f 4508 4519 4509
f 4509 4519 4520
f 4509 4520 4510
f 4510 4520 4521
f 4510 4521 4511
f 4511 4521 4522
f 4511 4522 4512
f 4512 4522 4523
f 4512 4523 4513
f 4513 4523 4524
f 4513 4524 4514
f 4514 4524 4515
f 4514 4515 4505
f 4515 4525 4526
f 4515 4526 4516
f 4516 4526 4527
f 4516 4527 4517
f 4517 4527 4528
f 4517 4528 4518
f 4518 4528 4529
f 4518 4529 4519
f 4519 4529 4530
f 4519 4530 4520
f 4520 4530 4531
f 4520 4531 4521
f 4521 4531 4532
f 4521 4532 4522
f 4522 4532 4533
f 4522 4533 4523
f 4523 4533 4534
f 4523 4534 4524
f 4524 4534 4525
f 4524 4525 4515
f 4525 4535 4536
f 4525 4536 4526
f 4526 4536 4537
f 4526 4537 4527
f 4527 4537 4538
f 4527 4538 4528
f 4528 4538 4539
f 4528 4539 4529
f 4529 4539 4540
f 4529 4540 4530
f 4530 4540 4541
f 4530 4541 4531
f 4531 4541 4542
f 4531 4542 4532
f 4532 4542 4543
f 4532 4543 4533
f 4533 4543 4544
f 4533 4544 4534
f 4534 4544 4535
f 4534 4535 4525
f 4535 4545 4546
f 4535 4546 4536
f 4536 4546 4547
f 4536 4547 4537
f 4537 4547 4548
f 4537 4548 4538
f 4538 4548 4549
f 4538 4549 4539
f 4539 4549 4550
f 4539 4550 4540
f 4540 4550 4551
f 4540 4551 4541
f 4541 4551 4552
f 4541 4552 4542
f 4542 4552 4553
f 4542 4553 4543
f 4543 4553 4554
f 4543 4554 4544
f 4544 4554 4545
f 4544 4545 4535
f 4545 4555 4556
f 4545 4556 4546
f 4546 4556 4557
f 4546 4557 4547
f 4547 4557 4558
f 4547 4558 4548
f 4548 4558 4559
f 4548 4559 4549
f 4549 4559 4560
f 4549 4560 4550
f 4550 4560 4561
f 4550 4561 4551
f 4551 4561 4562
f 4551 4562 4552
f 4552 4562 4563
f 4552 4563 4553
f 4553 4563 4564
f 4553 4564 4554
f 4554 4564 4555
f 4554 4555 4545
f 4555 4565 4566
f 4555 4566 4556
f 4556 4566 4567
f 4556 4567 4557
f 4557 4567 4568
f 4557 4568 4558
f 4558 4568 4569
f 4558 4569 4559
f 4559 4569 4570
f 4559 4570 4560
f 4560 4570 4571
f 4560 4571 4561
f 4561 4571 4572
f 4561 4572 4562
f 4562 4572 4573
f 4562 4573 4563
f 4563 4573 4574
f 4563 4574 4564
f 4564 4574 4565
f 4564 4565 4555
f 4565 4575 4576
f 4565 4576 4566
f 4566 4576 4577
f 4566 4577 4567
f 4567 4577 4578
f 4567 4578 4568
f 4568 4578 4579
f 4568 4579 4569
f 4569 4579 4580
f 4569 4580 4570
f 4570 4580 4581
f 4570 4581 4571
f 4571 4581 4582
f 4571 4582 4572
f 4572 4582 4583
f 4572 4583 4573
f 4573 4583 4584
f 4573 4584 4574
f 4574 4584 4575
f 4574 4575 4565
f 4575 4585 4586
f 4575 4586 4576
f 4576 4586 4587
f 4576 4587 4577
f 4577 4587 4588
f 4577 4588 4578
f 4578 4588 4589
f 4578 4589 4579
f 4579 4589 4590
f 4579 4590 4580
f 4580 4590 4591
f 4580 4591 4581
f 4581 4591 4592
f 4581 4592 4582
f 4582 4592 4593
f 4582 4593 4583
f 4583 4593 4594
f 4583 4594 4584
f 4584 4594 4585
f 4584 4585 4575
f 4585 4595 4596
f 4585 4596 4586
f 4586 4596 4597
f 4586 4597 4587
f 4587 4597 4598
f 4587 4598 4588
f 4588 4598 4599
f 4588 4599 4589
f 4589 4599 4600
f 4589 4600 4590
f 4590 4600 4601
f 4590 4601 4591
f 4591 4601 4602
f 4591 4602 4592
f 4592 4602 4603
f 4592 4603 4593
f 4593 4603 4604
f 4593 4604 4594
f 4594 4604 4595
f 4594 4595 4585
f 4595 4605 4606
f 4595 4606 4596
f 4596 4606 4607
f 4596 4607 4597
f 4597 4607 4608
f 4597 4608 4598
f 4598 4608 4609
f 4598 4609 4599
f 4599 4609 4610
f 4599 4610 4600
f 4600 4610 4611
f 4600 4611 4601
f 4601 4611 4612
f 4601 4612 4602
f 4602 4612 4613
f 4602 4613 4603
f 4603 4613 4614
f 4603 4614 4604
f 4604 4614 4605
f 4604 4605 4595
f 4605 4615 4616
f 4605 4616 4606
f 4606 4616 4617
f 4606 4617 4607
f 4607 4617 4618
f 4607 4618 4608
f 4608 4618 4619
f 4608 4619 4609
f 4609 4619 4620
f 4609 4620 4610
f 4610 4620 4621
f 4610 4621 4611
f 4611 4621 4622
f 4611 4622 4612
f 4612 4622 4623
f 4612 4623 4613
f 4613 4623 4624
f 4613 4624 4614
f 4614 4624 4615
f 4614 4615 4605
f 4615 4625 4626
f 4615 4626 4616
f 4616 4626 4627
f 4616 4627 4617
f 4617 4627 4628
f 4617 4628 4618
f 4618 4628 4629
f 4618 4629 4619
f 4619 4629 4630
f 4619 4630 4620
f 4620 4630 4631
f 4620 4631 4621
f 4621 4631 4632
f 4621 4632 4622
f 4622 4632 4633
f 4622 4633 4623
f 4623 4633 4634
f 4623 4634 4624
f 4624 4634 4625
f 4624 4625 4615
f 4625 4635 4636
f 4625 4636 4626
f 4626 4636 4637
f 4626 4637 4627
f 4627 4637 4638
f 4627 4638 4628
f 4628 4638 4639
f 4628 4639 4629
f 4629 4639 4640
f 4629 4640 4630
f 4630 4640 4641
f 4630 4641 4631
f 4631 4641 4642
f 4631 4642 4632
f 4632 4642 4643
f 4632 4643 4633
f 4633 4643 4644
f 4633 4644 4634
f 4634 4644 4635
f 4634 4635 4625
f 4635 4645 4646
f 4635 4646 4636
f 4636 4646 4647
f 4636 4647 4637
f 4637 4647 4648
f 4637 4648 4638
f 4638 4648 4649
f 4638 4649 4639
f 4639 4649 4650
f 4639 4650 4640
f 4640 4650 4651
f 4640 4651 4641
f 4641 4651 4652
f 4641 4652 4642
f 4642 4652 4653
f 4642 4653 4643
f 4643 4653 4654
f 4643 4654 4644
f 4644 4654 4645
f 4644 4645 4635
f 4645 4655 4656
f 4645 4656 4646
f 4646 4656 4657
f 4646 4657 4647
f 4647 4657 4658
f 4647 4658 4648
f 4648 4658 4659
f 4648 4659 4649
f 4649 4659 4660
f 4649 4660 4650
f 4650 4660 4661
f 4650 4661 4651
f 4651 4661 4662
f 4651 4662 4652
f 4652 4662 4663
f 4652 4663 4653
f 4653 4663 4664
f 4653 4664 4654
f 4654 4664 4655
f 4654 4655 4645
f 4655 4665 4666
f 4655 4666 4656
f 4656 4666 4667
f 4656 4667 4657
f 4657 4667 4668
f 4657 4668 4658
f 4658 4668 4669
f 4658 4669 4659
f 4659 4669 4670
f 4659 4670 4660
f 4660 4670 4671
f 4660 4671 4661
f 4661 4671 4672
f 4661 4672 4662
f 4662 4672 4673
f 4662 4673 4663
f 4663 4673 4674
f 4663 4674 4664
f 4664 4674 4665
f 4664 4665 4655
f 4665 4675 4676
f 4665 4676 4666
f 4666 4676 4677
f 4666 4677 4667
f 4667 4677 4678
f 4667 4678 4668
f 4668 4678 4679
f 4668 4679 4669
f 4669 4679 4680
f 4669 4680 4670
f 4670 4680 4681
f 4670 4681 4671
f 4671 4681 4682
f 4671 4682 4672
f 4672 4682 4683
f 4672 4683 4673
f 4673 4683 4684
f 4673 4684 4674
f 4674 4684 4675
f 4674 4675 4665
f 4675 4685 4686
f 4675 4686 4676
f 4676 4686 4687
f 4676 4687 4677
f 4677 4687 4688
f 4677 4688 4678
f 4678 4688 4689
f 4678 4689 4679
f 4679 4689 4690
f 4679 4690 4680
f 4680 4690 4691
f 4680 4691 4681
f 4681 4691 4692
f 4681 4692 4682
f 4682 4692 4693
f 4682 4693 4683
f 4683 4693 4694
f 4683 4694 4684
f 4684 4694 4685
f 4684 4685 4675
f 4685 4695 4696
f 4685 4696 4686
f 4686 4696 4697
f 4686 4697 4687
f 4687 4697 4698
f 4687 4698 4688
f 4688 4698 4699
f 4688 4699 4689
f 4689 4699 4700
f 4689 4700 4690
f 4690 4700 4701
f 4690 4701 4691
f 4691 4701 4702
f 4691 4702 4692
f 4692 4702 4703
f 4692 4703 4693
f 4693 4703 4704
f 4693 4704 4694
f 4694 4704 4695
f 4694 4695 4685
f 4695 4705 4706
f 4695 4706 4696
f 4696 4706 4707
f 4696 4707 4697
f 4697 4707 4708
f 4697 4708 4698
f 4698 4708 4709
f 4698 4709 4699
f 4699 4709 4710
f 4699 4710 4700
f 4700 4710 4711
f 4700 4711 4701
f 4701 4711 4712
f 4701 4712 4702
f 4702 4712 4713
f 4702 4713 4703
f 4703 4713 4714
f 4703 4714 4704
f 4704 4714 4705
f 4704 4705 4695
f 4705 4715 4716
f 4705 4716 4706
f 4706 4716 4717
f 4706 4717 4707
f 4707 4717 4718
f 4707 4718 4708
f 4708 4718 4719
f 4708 4719 4709
f 4709 4719 4720
f 4709 4720 4710
f 4710 4720 4721
f 4710 4721 4711
f 4711 4721 4722
f 4711 4722 4712
f 4712 4722 4723
f 4712 4723 4713
f 4713 4723 4724
f 4713 4724 4714
f 4714 4724 4715
f 4714 4715 4705
f 4715 4365 4366
f 4715 4366 4716
f 4716 4366 4367
f 4716 4367 4717
f 4717 4367 4368
f 4717 4368 4718
f 4718 4368 4369
f 4718 4369 4719
f 4719 4369 4370
f 4719 4370 4720
f 4720 4370 4371
f 4720 4371 4721
f 4721 4371 4372
f 4721 4372 4722
f 4722 4372 4373
f 4722 4373 4723
f 4723 4373 4374
f 4723 4374 4724
f 4724 4374 4365
f 4724 4365 4715
o bronze_arm_L
g bronze_arm_L
f 4725 4726 4750
f 4725 4750 4749
f 4726 4727 4751
f 4726 4751 4750
f 4727 4728 4752
f 4727 4752 4751
f 4728 4729 4753
f 4728 4753 4752
f 4729 4730 4754
f 4729 4754 4753
f 4730 4731 4755
f 4730 4755 4754
f 4731 4732 4756
f 4731 4756 4755
f 4732 4733 4757
f 4732 4757 4756
f 4733 4734 4758
f 4733 4758 4757
f 4734 4735 4759
f 4734 4759 4758
f 4735 4736 4760
f 4735 4760 4759
f 4736 4737 4761
f 4736 4761 4760
f 4737 4738 4762
f 4737 4762 4761
f 4738 4739 4763
f 4738 4763 4762
f 4739 4740 4764
f 4739 4764 4763
f 4740 4741 4765
f 4740 4765 4764
f 4741 4742 4766
f 4741 4766 4765
f 4742 4743 4767
f 4742 4767 4766
f 4743 4744 4768
f 4743 4768 4767
f 4744 4745 4769
f 4744 4769 4768
f 4745 4746 4770
f 4745 4770 4769
f 4746 4747 4771
f 4746 4771 4770
f 4747 4748 4772
f 4747 4772 4771
f 4748 4725 4749
f 4748 4749 4772
f 4749 4750 4774
f 4749 4774 4773
f 4750 4751 4775
f 4750 4775 4774
f 4751 4752 4776
f 4751 4776 4775
f 4752 4753 4777
f 4752 4777 4776
f 4753 4754 4778
f 4753 4778 4777
f 4754 4755 4779
f 4754 4779 4778
f 4755 4756 4780
f 4755 4780 4779
f 4756 4757 4781
f 4756 4781 4780
f 4757 4758 4782
f 4757 4782 4781
f 4758 4759 4783
f 4758 4783 4782
f 4759 4760 4784
f 4759 4784 4783
f 4760 4761 4785
f 4760 4785 4784
f 4761 4762 4786
f 4761 4786 4785
f 4762 4763 4787
f 4762 4787 4786
f 4763 4764 4788
f 4763 4788 4787
f 4764 4765 4789
f 4764 4789 4788
f 4765 4766 4790
f 4765 4790 4789
f 4766 4767 4791
f 4766 4791 4790
f 4767 4768 4792
f 4767 4792 4791
f 4768 4769 4793
f 4768 4793 4792
f 4769 4770 4794
f 4769 4794 4793
f 4770 4771 4795
f 4770 4795 4794
f 4771 4772 4796
f 4771 4796 4795
f 4772 4749 4773
f 4772 4773 4796
f 4773 4774 4798
f 4773 4798 4797
f 4774 4775 4799
f 4774 4799 4798
f 4775 4776 4800
f 4775 4800 4799
f 4776 4777 4801
f 4776 4801 4800
f 4777 4778 4802
f 4777 4802 4801
f 4778 4779 4803
f 4778 4803 4802
f 4779 4780 4804
f 4779 4804 4803
f 4780 4781 4805
f 4780 4805 4804
f 4781 4782 4806
f 4781 4806 4805
f 4782 4783 4807
f 4782 4807 4806
f 4783 4784 4808
f 4783 4808 4807
f 4784 4785 4809
f 4784 4809 4808
f 4785 4786 4810
f 4785 4810 4809
f 4786 4787 4811
f 4786 4811 4810
f 4787 4788 4812
f 4787 4812 4811
f 4788 4789 4813
f 4788 4813 4812
f 4789 4790 4814
f 4789 4814 4813
f 4790 4791 4815
f 4790 4815 4814
f 4791 4792 4816
f 4791 4816 4815
f 4792 4793 4817
f 4792 4817 4816
f 4793 4794 4818
f 4793 4818 4817
f 4794 4795 4819
f 4794 4819 4818
f 4795 4796 4820
f 4795 4820 4819
f 4796 4773 4797
f 4796 4797 4820
f 4797 4798 4822
f 4797 4822 4821
f 4798 4799 4823
f 4798 4823 4822
f 4799 4800 4824
f 4799 4824 4823
f 4800 4801 4825
f 4800 4825 4824
f 4801 4802 4826
f 4801 4826 4825
f 4802 4803 4827
f 4802 4827 4826
f 4803 4804 4828
f 4803 4828 4827
f 4804 4805 4829
f 4804 4829 4828
f 4805 4806 4830
f 4805 4830 4829
f 4806 4807 4831
f 4806 4831 4830
f 4807 4808 4832
f 4807 4832 4831
f 4808 4809 4833
f 4808 4833 4832
f 4809 4810 4834
f 4809 4834 4833
f 4810 4811 4835
f 4810 4835 4834
f 4811 4812 4836
f 4811 4836 4835
f 4812 4813 4837
f 4812 4837 4836
f 4813 4814 4838
f 4813 4838 4837
f 4814 4815 4839
f 4814 4839 4838
f 4815 4816 4840
f 4815 4840 4839
f 4816 4817 4841
f 4816 4841 4840
f 4817 4818 4842
f 4817 4842 4841
f 4818 4819 4843
f 4818 4843 4842
f 4819 4820 4844
f 4819 4844 4843
f 4820 4797 4821
f 4820 4821 4844
f 4821 4822 4846
f 4821 4846 4845
f 4822 4823 4847
f 4822 4847 4846
f 4823 4824 4848
f 4823 4848 4847
f 4824 4825 4849
f 4824 4849 4848
f 4825 4826 4850
f 4825 4850 4849
f 4826 4827 4851
f 4826 4851 4850
f 4827 4828 4852
f 4827 4852 4851
f 4828 4829 4853
f 4828 4853 4852
f 4829 4830 4854
f 4829 4854 4853
f 4830 4831 4855
f 4830 4855 4854
f 4831 4832 4856
f 4831 4856 4855
f 4832 4833 4857
f 4832 4857 4856
f 4833 4834 4858
f 4833 4858 4857
f 4834 4835 4859
f 4834 4859 4858
f 4835 4836 4860
f 4835 4860 4859
f 4836 4837 4861
f 4836 4861 4860
f 4837 4838 4862
f 4837 4862 4861
f 4838 4839 4863
f 4838 4863 4862
f 4839 4840 4864
f 4839 4864 4863
f 4840 4841 4865
f 4840 4865 4864
f 4841 4842 4866
f 4841 4866 4865
f 4842 4843 4867
f 4842 4867 4866
f 4843 4844 4868
f 4843 4868 4867
f 4844 4821 4845
f 4844 4845 4868
f 4845 4846 4870
f 4845 4870 4869
f 4846 4847 4871
f 4846 4871 4870
f 4847 4848 4872
f 4847 4872 4871
f 4848 4849 4873
f 4848 4873 4872
f 4849 4850 4874
f 4849 4874 4873
f 4850 4851 4875
f 4850 4875 4874
f 4851 4852 4876
f 4851 4876 4875
f 4852 4853 4877
f 4852 4877 4876
f 4853 4854 4878
f 4853 4878 4877
f 4854 4855 4879
f 4854 4879 4878
f 4855 4856 4880
f 4855 4880 4879
f 4856 4857 4881
f 4856 4881 4880
f 4857 4858 4882
f 4857 4882 4881
f 4858 4859 4883
f 4858 4883 4882
f 4859 4860 4884
f 4859 4884 4883
f 4860 4861 4885
f 4860 4885 4884
f 4861 4862 4886
f 4861 4886 4885
f 4862 4863 4887
f 4862 4887 4886
f 4863 4864 4888
f 4863 4888 4887
f 4864 4865 4889
f 4864 4889 4888
f 4865 4866 4890
f 4865 4890 4889
f 4866 4867 4891
f 4866 4891 4890
f 4867 4868 4892
f 4867 4892 4891
f 4868 4845 4869
f 4868 4869 4892
f 4869 4870 4894
f 4869 4894 4893
f 4870 4871 4895
f 4870 4895 4894
f 4871 4872 4896
f 4871 4896 4895
f 4872 4873 4897
f 4872 4897 4896
f 4873 4874 4898
f 4873 4898 4897
f 4874 4875 4899
f 4874 4899 4898
f 4875 4876 4900
f 4875 4900 4899
f 4876 4877 4901
f 4876 4901 4900
f 4877 4878 4902
f 4877 4902 4901
f 4878 4879 4903
f 4878 4903 4902
f 4879 4880 4904
f 4879 4904 4903
f 4880 4881 4905
f 4880 4905 4904
f 4881 4882 4906
f 4881 4906 4905
f 4882 4883 4907
f 4882 4907 4906
f 4883 4884 4908
f 4883 4908 4907
f 4884 4885 4909
f 4884 4909 4908
f 4885 4886 4910
f 4885 4910 4909
f 4886 4887 4911
f 4886 4911 4910
f 4887 4888 4912
f 4887 4912 4911
f 4888 4889 4913
f 4888 4913 4912
f 4889 4890 4914
f 4889 4914 4913
f 4890 4891 4915
f 4890 4915 4914
f 4891 4892 4916
f 4891 4916 4915
f 4892 4869 4893
f 4892 4893 4916
f 4893 4894 4918
f 4893 4918 4917
f 4894 4895 4919
f 4894 4919 4918
f 4895 4896 4920
f 4895 4920 4919
f 4896 4897 4921
f 4896 4921 4920
f 4897 4898 4922
f 4897 4922 4921
f 4898 4899 4923
f 4898 4923 4922
f 4899 4900 4924
f 4899 4924 4923
f 4900 4901 4925
f 4900 4925 4924
f 4901 4902 4926
f 4901 4926 4925
f 4902 4903 4927
f 4902 4927 4926
f 4903 4904 4928
f 4903 4928 4927
f 4904 4905 4929
f 4904 4929 4928
f 4905 4906 4930
f 4905 4930 4929
f 4906 4907 4931
f 4906 4931 4930
f 4907 4908 4932
f 4907 4932 4931
f 4908 4909 4933
f 4908 4933 4932
f 4909 4910 4934
f 4909 4934 4933
f 4910 4911 4935
f 4910 4935 4934
f 4911 4912 4936
f 4911 4936 4935
f 4912 4913 4937
f 4912 4937 4936
f 4913 4914 4938
f 4913 4938 4937
f 4914 4915 4939
f 4914 4939 4938
f 4915 4916 4940
f 4915 4940 4939
f 4916 4893 4917
f 4916 4917 4940
f 4917 4918 4942
f 4917 4942 4941
f 4918 4919 4943
f 4918 4943 4942
f 4919 4920 4944
f 4919 4944 4943
f 4920 4921 4945
f 4920 4945 4944
f 4921 4922 4946
f 4921 4946 4945
f 4922 4923 4947
f 4922 4947 4946
f 4923 4924 4948
f 4923 4948 4947
f 4924 4925 4949
f 4924 4949 4948
f 4925 4926 4950
f 4925 4950 4949
f 4926 4927 4951
f 4926 4951 4950
f 4927 4928 4952
f 4927 4952 4951
f 4928 4929 4953
f 4928 4953 4952
f 4929 4930 4954
f 4929 4954 4953
f 4930 4931 4955
f 4930 4955 4954
f 4931 4932 4956
f 4931 4956 4955
f 4932 4933 4957
f 4932 4957 4956
f 4933 4934 4958
f 4933 4958 4957
f 4934 4935 4959
f 4934 4959 4958
f 4935 4936 4960
f 4935 4960 4959
f 4936 4937 4961
f 4936 4961 4960
f 4937 4938 4962
f 4937 4962 4961
f 4938 4939 4963
f 4938 4963 4962
f 4939 4940 4964
f 4939 4964 4963
f 4940 4917 4941
f 4940 4941 4964
f 4941 4942 4966
f 4941 4966 4965
f 4942 4943 4967
f 4942 4967 4966
f 4943 4944 4968
f 4943 4968 4967
f 4944 4945 4969
f 4944 4969 4968
f 4945 4946 4970
f 4945 4970 4969
f 4946 4947 4971
f 4946 4971 4970
f 4947 4948 4972
f 4947 4972 4971
f 4948 4949 4973
f 4948 4973 4972
f 4949 4950 4974
f 4949 4974 4973
f 4950 4951 4975
f 4950 4975 4974
f 4951 4952 4976
f 4951 4976 4975
f 4952 4953 4977
f 4952 4977 4976
f 4953 4954 4978
f 4953 4978 4977
f 4954 4955 4979
f 4954 4979 4978
f 4955 4956 4980
f 4955 4980 4979
f 4956 4957 4981
f 4956 4981 4980
f 4957 4958 4982
f 4957 4982 4981
f 4958 4959 4983
f 4958 4983 4982
f 4959 4960 4984
f 4959 4984 4983
f 4960 4961 4985
f 4960 4985 4984
f 4961 4962 4986
f 4961 4986 4985
f 4962 4963 4987
f 4962 4987 4986
f 4963 4964 4988
f 4963 4988 4987
f 4964 4941 4965
f 4964 4965 4988
f 4965 4966 4990
f 4965 4990 4989
f 4966 4967 4991
f 4966 4991 4990
f 4967 4968 4992
f 4967 4992 4991
f 4968 4969 4993
f 4968 4993 4992
f 4969 4970 4994
f 4969 4994 4993
f 4970 4971 4995
f 4970 4995 4994
f 4971 4972 4996
f 4971 4996 4995
f 4972 4973 4997
f 4972 4997 4996
f 4973 4974 4998
f 4973 4998 4997
f 4974 4975 4999
f 4974 4999 4998
f 4975 4976 5000
f 4975 5000 4999
f 4976 4977 5001
f 4976 5001 5000
f 4977 4978 5002
f 4977 5002 5001
f 4978 4979 5003
f 4978 5003 5002
f 4979 4980 5004
f 4979 5004 5003
f 4980 4981 5005
f 4980 5005 5004
f 4981 4982 5006
f 4981 5006 5005
f 4982 4983 5007
f 4982 5007 5006
f 4983 4984 5008
f 4983 5008 5007
f 4984 4985 5009
f 4984 5009 5008
f 4985 4986 5010
f 4985 5010 5009
f 4986 4987 5011
f 4986 5011 5010
f 4987 4988 5012
f 4987 5012 5011
f 4988 4965 4989
f 4988 4989 5012
o bronze_arm_R
g bronze_arm_R
f 5013 5014 5038
f 5013 5038 5037
f 5014 5015 5039
f 5014 5039 5038
f 5015 5016 5040
f 5015 5040 5039
f 5016 5017 5041
f 5016 5041 5040
f 5017 5018 5042
f 5017 5042 5041
f 5018 5019 5043
f 5018 5043 5042
f 5019 5020 5044
f 5019 5044 5043
f 5020 5021 5045
f 5020 5045 5044
f 5021 5022 5046
f 5021 5046 5045
f 5022 5023 5047
f 5022 5047 5046
f 5023 5024 5048
f 5023 5048 5047
f 5024 5025 5049
f 5024 5049 5048
f 5025 5026 5050
f 5025 5050 5049
f 5026 5027 5051
f 5026 5051 5050
f 5027 5028 5052
f 5027 5052 5051
f 5028 5029 5053
f 5028 5053 5052
f 5029 5030 5054
f 5029 5054 5053
f 5030 5031 5055
f 5030 5055 5054
f 5031 5032 5056
f 5031 5056 5055
f 5032 5033 5057
f 5032 5057 5056
f 5033 5034 5058
f 5033 5058 5057
f 5034 5035 5059
f 5034 5059 5058
f 5035 5036 5060
f 5035 5060 5059
f 5036 5013 5037
f 5036 5037 5060
f 5037 5038 5062
f 5037 5062 5061
f 5038 5039 5063
f 5038 5063 5062
f 5039 5040 5064
f 5039 5064 5063
f 5040 5041 5065
f 5040 5065 5064
f 5041 5042 5066
f 5041 5066 5065
f 5042 5043 5067
f 5042 5067 5066
f 5043 5044 5068
f 5043 5068 5067
f 5044 5045 5069
f 5044 5069 5068
f 5045 5046 5070
f 5045 5070 5069
f 5046 5047 5071
f 5046 5071 5070
f 5047 5048 5072
f 5047 5072 5071
f 5048 5049 5073
f 5048 5073 5072
f 5049 5050 5074
f 5049 5074 5073
f 5050 5051 5075
f 5050 5075 5074
f 5051 5052 5076
f 5051 5076 5075
f 5052 5053 5077
f 5052 5077 5076
f 5053 5054 5078
f 5053 5078 5077
f 5054 5055 5079
f 5054 5079 5078
f 5055 5056 5080
f 5055 5080 5079
f 5056 5057 5081
f 5056 5081 5080
f 5057 5058 5082
f 5057 5082 5081
f 5058 5059 5083
f 5058 5083 5082
f 5059 5060 5084
f 5059 5084 5083
f 5060 5037 5061
f 5060 5061 5084
f 5061 5062 5086
f 5061 5086 5085
f 5062 5063 5087
f 5062 5087 5086
f 5063 5064 5088
f 5063 5088 5087
f 5064 5065 5089
f 5064 5089 5088
f 5065 5066 5090
f 5065 5090 5089
f 5066 5067 5091
f 5066 5091 5090
f 5067 5068 5092
f 5067 5092 5091
f 5068 5069 5093
f 5068 5093 5092
f 5069 5070 5094
f 5069 5094 5093
f 5070 5071 5095
f 5070 5095 5094
f 5071 5072 5096
f 5071 5096 5095
f 5072 5073 5097
f 5072 5097 5096
f 5073 5074 5098
f 5073 5098 5097
f 5074 5075 5099
f 5074 5099 5098
f 5075 5076 5100
f 5075 5100 5099
f 5076 5077 5101
f 5076 5101 5100
f 5077 5078 5102
f 5077 5102 5101
f 5078 5079 5103
f 5078 5103 5102
f 5079 5080 5104
f 5079 5104 5103
f 5080 5081 5105
f 5080 5105 5104
f 5081 5082 5106
f 5081 5106 5105
f 5082 5083 5107
f 5082 5107 5106
f 5083 5084 5108
f 5083 5108 5107
f 5084 5061 5085
f 5084 5085 5108
f 5085 5086 5110
f 5085 5110 5109
f 5086 5087 5111
f 5086 5111 5110
f 5087 5088 5112
f 5087 5112 5111
f 5088 5089 5113
f 5088 5113 5112
f 5089 5090 5114
f 5089 5114 5113
f 5090 5091 5115
f 5090 5115 5114
f 5091 5092 5116
f 5091 5116 5115
f 5092 5093 5117
f 5092 5117 5116
f 5093 5094 5118
f 5093 5118 5117
f 5094 5095 5119
f 5094 5119 5118
f 5095 5096 5120
f 5095 5120 5119
f 5096 5097 5121
f 5096 5121 5120
f 5097 5098 5122
f 5097 5122 5121
f 5098 5099 5123
f 5098 5123 5122
f 5099 5100 5124
f 5099 5124 5123
f 5100 5101 5125
f 5100 5125 5124
f 5101 5102 5126
f 5101 5126 5125
f 5102 5103 5127
f 5102 5127 5126
f 5103 5104 5128
f 5103 5128 5127
f 5104 5105 5129
f 5104 5129 5128
f 5105 5106 5130
f 5105 5130 5129
f 5106 5107 5131
f 5106 5131 5130
f 5107 5108 5132
f 5107 5132 5131
f 5108 5085 5109
f 5108 5109 5132
f 5109 5110 5134
f 5109 5134 5133
f 5110 5111 5135
f 5110 5135 5134
f 5111 5112 5136
f 5111 5136 5135
f 5112 5113 5137
f 5112 5137 5136
f 5113 5114 5138
f 5113 5138 5137
f 5114 5115 5139
f 5114 5139 5138
f 5115 5116 5140
f 5115 5140 5139
f 5116 5117 5141
f 5116 5141 5140
f 5117 5118 5142
f 5117 5142 5141
f 5118 5119 5143
f 5118 5143 5142
f 5119 5120 5144
f 5119 5144 5143
f 5120 5121 5145
f 5120 5145 5144
f 5121 5122 5146
f 5121 5146 5145
f 5122 5123 5147
f 5122 5147 5146
f 5123 5124 5148
f 5123 5148 5147
f 5124 5125 5149
f 5124 5149 5148
f 5125 5126 5150
f 5125 5150 5149
f 5126 5127 5151
f 5126 5151 5150
f 5127 5128 5152
f 5127 5152 5151
f 5128 5129 5153
f 5128 5153 5152
f 5129 5130 5154
f 5129 5154 5153
f 5130 5131 5155
f 5130 5155 5154
f 5131 5132 5156
f 5131 5156 5155
f 5132 5109 5133
f 5132 5133 5156
f 5133 5134 5158
f 5133 5158 5157
f 5134 5135 5159
f 5134 5159 5158
f 5135 5136 5160
f 5135 5160 5159
f 5136 5137 5161
f 5136 5161 5160
f 5137 5138 5162
f 5137 5162 5161
f 5138 5139 5163
f 5138 5163 5162
f 5139 5140 5164
f 5139 5164 5163
f 5140 5141 5165
f 5140 5165 5164
f 5141 5142 5166
f 5141 5166 5165
f 5142 5143 5167
f 5142 5167 5166
f 5143 5144 5168
f 5143 5168 5167
f 5144 5145 5169
f 5144 5169 5168
f 5145 5146 5170
f 5145 5170 5169
f 5146 5147 5171
f 5146 5171 5170
f 5147 5148 5172
f 5147 5172 5171
f 5148 5149 5173
f 5148 5173 5172
f 5149 5150 5174
f 5149 5174 5173
f 5150 5151 5175
f 5150 5175 5174
f 5151 5152 5176
f 5151 5176 5175
f 5152 5153 5177
f 5152 5177 5176
f 5153 5154 5178
f 5153 5178 5177
f 5154 5155 5179
f 5154 5179 5178
f 5155 5156 5180
f 5155 5180 5179
f 5156 5133 5157
f 5156 5157 5180
f 5157 5158 5182
f 5157 5182 5181
f 5158 5159 5183
f 5158 5183 5182
f 5159 5160 5184
f 5159 5184 5183
f 5160 5161 5185
f 5160 5185 5184
f 5161 5162 5186
f 5161 5186 5185
f 5162 5163 5187
f 5162 5187 5186
f 5163 5164 5188
f 5163 5188 5187
f 5164 5165 5189
f 5164 5189 5188
f 5165 5166 5190
f 5165 5190 5189
f 5166 5167 5191
f 5166 5191 5190
f 5167 5168 5192
f 5167 5192 5191
f 5168 5169 5193
f 5168 5193 5192
f 5169 5170 5194
f 5169 5194 5193
f 5170 5171 5195
f 5170 5195 5194
f 5171 5172 5196
f 5171 5196 5195
f 5172 5173 5197
f 5172 5197 5196
f 5173 5174 5198
f 5173 5198 5197
f 5174 5175 5199
f 5174 5199 5198
f 5175 5176 5200
f 5175 5200 5199
f 5176 5177 5201
f 5176 5201 5200
f 5177 5178 5202
f 5177 5202 5201
f 5178 5179 5203
f 5178 5203 5202
f 5179 5180 5204
f 5179 5204 5203
f 5180 5157 5181
f 5180 5181 5204
f 5181 5182 5206
f 5181 5206 5205
f 5182 5183 5207
f 5182 5207 5206
f 5183 5184 5208
f 5183 5208 5207
f 5184 5185 5209
f 5184 5209 5208
f 5185 5186 5210
f 5185 5210 5209
f 5186 5187 5211
f 5186 5211 5210
f 5187 5188 5212
f 5187 5212 5211
f 5188 5189 5213
f 5188 5213 5212
f 5189 5190 5214
f 5189 5214 5213
f 5190 5191 5215
f 5190 5215 5214
f 5191 5192 5216
f 5191 5216 5215
f 5192 5193 5217
f 5192 5217 5216
f 5193 5194 5218
f 5193 5218 5217
f 5194 5195 5219
f 5194 5219 5218
f 5195 5196 5220
f 5195 5220 5219
f 5196 5197 5221
f 5196 5221 5220
f 5197 5198 5222
f 5197 5222 5221
f 5198 5199 5223
f 5198 5223 5222
f 5199 5200 5224
f 5199 5224 5223
f 5200 5201 5225
f 5200 5225 5224
f 5201 5202 5226
f 5201 5226 5225
f 5202 5203 5227
f 5202 5227 5226
f 5203 5204 5228
f 5203 5228 5227
f 5204 5181 5205
f 5204 5205 5228
f 5205 5206 5230
f 5205 5230 5229
f 5206 5207 5231
f 5206 5231 5230
f 5207 5208 5232
f 5207 5232 5231
f 5208 5209 5233
f 5208 5233 5232
f 5209 5210 5234
f 5209 5234 5233
f 5210 5211 5235
f 5210 5235 5234
f 5211 5212 5236
f 5211 5236 5235
f 5212 5213 5237
f 5212 5237 5236
f 5213 5214 5238
f 5213 5238 5237
f 5214 5215 5239
f 5214 5239 5238
f 5215 5216 5240
f 5215 5240 5239
f 5216 5217 5241
f 5216 5241 5240
f 5217 5218 5242
f 5217 5242 5241
f 5218 5219 5243
f 5218 5243 5242
f 5219 5220 5244
f 5219 5244 5243
f 5220 5221 5245
f 5220 5245 5244
f 5221 5222 5246
f 5221 5246 5245
f 5222 5223 5247
f 5222 5247 5246
f 5223 5224 5248
f 5223 5248 5247
f 5224 5225 5249
f 5224 5249 5248
f 5225 5226 5250
f 5225 5250 5249
f 5226 5227 5251
f 5226 5251 5250
f 5227 5228 5252
f 5227 5252 5251
f 5228 5205 5229
f 5228 5229 5252
f 5229 5230 5254
f 5229 5254 5253
f 5230 5231 5255
f 5230 5255 5254
f 5231 5232 5256
f 5231 5256 5255
f 5232 5233 5257
f 5232 5257 5256
f 5233 5234 5258
f 5233 5258 5257
f 5234 5235 5259
f 5234 5259 5258
f 5235 5236 5260
f 5235 5260 5259
f 5236 5237 5261
f 5236 5261 5260
f 5237 5238 5262
f 5237 5262 5261
f 5238 5239 5263
f 5238 5263 5262
f 5239 5240 5264
f 5239 5264 5263
f 5240 5241 5265
f 5240 5265 5264
f 5241 5242 5266
f 5241 5266 5265
f 5242 5243 5267
f 5242 5267 5266
f 5243 5244 5268
f 5243 5268 5267
f 5244 5245 5269
f 5244 5269 5268
f 5245 5246 5270
f 5245 5270 5269
f 5246 5247 5271
f 5246 5271 5270
f 5247 5248 5272
f 5247 5272 5271
f 5248 5249 5273
f 5248 5273 5272
f 5249 5250 5274
f 5249 5274 5273
f 5250 5251 5275
f 5250 5275 5274
f 5251 5252 5276
f 5251 5276 5275
f 5252 5229 5253
f 5252 5253 5276
f 5253 5254 5278
f 5253 5278 5277
f 5254 5255 5279
f 5254 5279 5278
f 5255 5256 5280
f 5255 5280 5279
f 5256 5257 5281
f 5256 5281 5280
f 5257 5258 5282
f 5257 5282 5281
f 5258 5259 5283
f 5258 5283 5282
f 5259 5260 5284
f 5259 5284 5283
f 5260 5261 5285
f 5260 5285 5284
f 5261 5262 5286
f 5261 5286 5285
f 5262 5263 5287
f 5262 5287 5286
f 5263 5264 5288
f 5263 5288 5287
f 5264 5265 5289
f 5264 5289 5288
f 5265 5266 5290
f 5265 5290 5289
f 5266 5267 5291
f 5266 5291 5290
f 5267 5268 5292
f 5267 5292 5291
f 5268 5269 5293
f 5268 5293 5292
f 5269 5270 5294
f 5269 5294 5293
f 5270 5271 5295
f 5270 5295 5294
f 5271 5272 5296
f 5271 5296 5295
f 5272 5273 5297
f 5272 5297 5296
f 5273 5274 5298
f 5273 5298 5297
f 5274 5275 5299
f 5274 5299 5298
f 5275 5276 5300
f 5275 5300 5299
f 5276 5253 5277
f 5276 5277 5300
o bronze_hand_L
g bronze_hand_L
f 5302 5324 5323
f 5303 5325 5324
f 5304 5326 5325
f 5305 5327 5326
f 5306 5328 5327
f 5307 5329 5328
f 5308 5330 5329
f 5309 5331 5330
f 5310 5332 5331
f 5311 5333 5332
f 5312 5334 5333
f 5313 5335 5334
f 5314 5336 5335
f 5315 5337 5336
f 5316 5338 5337
f 5317 5339 5338
f 5318 5340 5339
f 5319 5341 5340
f 5320 5342 5341
f 5321 5343 5342
f 5322 5344 5343
f 5301 5323 5344
f 5323 5324 5345
f 5324 5346 5345
f 5324 5325 5346
f 5325 5347 5346
f 5325 5326 5347
f 5326 5348 5347
f 5326 5327 5348
f 5327 5349 5348
f 5327 5328 5349
f 5328 5350 5349
f 5328 5329 5350
f 5329 5351 5350
f 5329 5330 5351
f 5330 5352 5351
f 5330 5331 5352
f 5331 5353 5352
f 5331 5332 5353
f 5332 5354 5353
f 5332 5333 5354
f 5333 5355 5354
f 5333 5334 5355
f 5334 5356 5355
f 5334 5335 5356
f 5335 5357 5356
f 5335 5336 5357
f 5336 5358 5357
f 5336 5337 5358
f 5337 5359 5358
f 5337 5338 5359
f 5338 5360 5359
f 5338 5339 5360
f 5339 5361 5360
f 5339 5340 5361
f 5340 5362 5361
f 5340 5341 5362
f 5341 5363 5362
f 5341 5342 5363
f 5342 5364 5363
f 5342 5343 5364
f 5343 5365 5364
f 5343 5344 5365
f 5344 5366 5365
f 5344 5323 5366
f 5323 5345 5366
f 5345 5346 5367
f 5346 5368 5367
f 5346 5347 5368
f 5347 5369 5368
f 5347 5348 5369
f 5348 5370 5369
f 5348 5349 5370
f 5349 5371 5370
f 5349 5350 5371
f 5350 5372 5371
f 5350 5351 5372
f 5351 5373 5372
f 5351 5352 5373
f 5352 5374 5373
f 5352 5353 5374
f 5353 5375 5374
f 5353 5354 5375
f 5354 5376 5375
f 5354 5355 5376
f 5355 5377 5376
f 5355 5356 5377
f 5356 5378 5377
f 5356 5357 5378
f 5357 5379 5378
f 5357 5358 5379
f 5358 5380 5379
f 5358 5359 5380
f 5359 5381 5380
f 5359 5360 5381
f 5360 5382 5381
f 5360 5361 5382
f 5361 5383 5382
f 5361 5362 5383
f 5362 5384 5383
f 5362 5363 5384
f 5363 5385 5384
f 5363 5364 5385
f 5364 5386 5385
f 5364 5365 5386
f 5365 5387 5386
f 5365 5366 5387
f 5366 5388 5387
f 5366 5345 5388
f 5345 5367 5388
f 5367 5368 5389
f 5368 5390 5389
f 5368 5369 5390
f 5369 5391 5390
f 5369 5370 5391
f 5370 5392 5391
f 5370 5371 5392
f 5371 5393 5392
f 5371 5372 5393
f 5372 5394 5393
f 5372 5373 5394
f 5373 5395 5394
f 5373 5374 5395
f 5374 5396 5395
f 5374 5375 5396
f 5375 5397 5396
f 5375 5376 5397
f 5376 5398 5397
f 5376 5377 5398
f 5377 5399 5398
f 5377 5378 5399
f 5378 5400 5399
f 5378 5379 5400
f 5379 5401 5400
f 5379 5380 5401
f 5380 5402 5401
f 5380 5381 5402
f 5381 5403 5402
f 5381 5382 5403
f 5382 5404 5403
f 5382 5383 5404
f 5383 5405 5404
f 5383 5384 5405
f 5384 5406 5405
f 5384 5385 5406
f 5385 5407 5406
f 5385 5386 5407
f 5386 5408 5407
f 5386 5387 5408
f 5387 5409 5408
f 5387 5388 5409
f 5388 5410 5409
f 5388 5367 5410
f 5367 5389 5410
f 5389 5390 5411
f 5390 5412 5411
f 5390 5391 5412
f 5391 5413 5412
f 5391 5392 5413
f 5392 5414 5413
f 5392 5393 5414
f 5393 5415 5414
f 5393 5394 5415
f 5394 5416 5415
f 5394 5395 5416
f 5395 5417 5416
f 5395 5396 5417
f 5396 5418 5417
f 5396 5397 5418
f 5397 5419 5418
f 5397 5398 5419
f 5398 5420 5419
f 5398 5399 5420
f 5399 5421 5420
f 5399 5400 5421
f 5400 5422 5421
f 5400 5401 5422
f 5401 5423 5422
f 5401 5402 5423
f 5402 5424 5423
f 5402 5403 5424
f 5403 5425 5424
f 5403 5404 5425
f 5404 5426 5425
f 5404 5405 5426
f 5405 5427 5426
f 5405 5406 5427
f 5406 5428 5427
f 5406 5407 5428
f 5407 5429 5428
f 5407 5408 5429
f 5408 5430 5429
f 5408 5409 5430
f 5409 5431 5430
f 5409 5410 5431
f 5410 5432 5431
f 5410 5389 5432
f 5389 5411 5432
f 5411 5412 5433
f 5412 5434 5433
f 5412 5413 5434
f 5413 5435 5434
f 5413 5414 5435
f 5414 5436 5435
f 5414 5415 5436
f 5415 5437 5436
f 5415 5416 5437
f 5416 5438 5437
f 5416 5417 5438
f 5417 5439 5438
f 5417 5418 5439
f 5418 5440 5439
f 5418 5419 5440
f 5419 5441 5440
f 5419 5420 5441
f 5420 5442 5441
f 5420 5421 5442
f 5421 5443 5442
f 5421 5422 5443
f 5422 5444 5443
f 5422 5423 5444
f 5423 5445 5444
f 5423 5424 5445
f 5424 5446 5445
f 5424 5425 5446
f 5425 5447 5446
f 5425 5426 5447
f 5426 5448 5447
f 5426 5427 5448
f 5427 5449 5448
f 5427 5428 5449
f 5428 5450 5449
f 5428 5429 5450
f 5429 5451 5450
f 5429 5430 5451
f 5430 5452 5451
f 5430 5431 5452
f 5431 5453 5452
f 5431 5432 5453
f 5432 5454 5453
f 5432 5411 5454
f 5411 5433 5454
f 5433 5434 5455
f 5434 5456 5455
f 5434 5435 5456
f 5435 5457 5456
f 5435 5436 5457
f 5436 5458 5457
f 5436 5437 5458
f 5437 5459 5458
f 5437 5438 5459
f 5438 5460 5459
f 5438 5439 5460
f 5439 5461 5460
f 5439 5440 5461
f 5440 5462 5461
f 5440 5441 5462
f 5441 5463 5462
f 5441 5442 5463
f 5442 5464 5463
f 5442 5443 5464
f 5443 5465 5464
f 5443 5444 5465
f 5444 5466 5465
f 5444 5445 5466
f 5445 5467 5466
f 5445 5446 5467
f 5446 5468 5467
f 5446 5447 5468
f 5447 5469 5468
f 5447 5448 5469
f 5448 5470 5469
f 5448 5449 5470
f 5449 5471 5470
f 5449 5450 5471
f 5450 5472 5471
f 5450 5451 5472
f 5451 5473 5472
f 5451 5452 5473
f 5452 5474 5473
f 5452 5453 5474
f 5453 5475 5474
f 5453 5454 5475
f 5454 5476 5475
f 5454 5433 5476
f 5433 5455 5476
f 5455 5456 5477
f 5456 5478 5477
f 5456 5457 5478
f 5457 5479 5478
f 5457 5458 5479
f 5458 5480 5479
f 5458 5459 5480
f 5459 5481 5480
f 5459 5460 5481
f 5460 5482 5481
f 5460 5461 5482
f 5461 5483 5482
f 5461 5462 5483
f 5462 5484 5483
f 5462 5463 5484
f 5463 5485 5484
f 5463 5464 5485
f 5464 5486 5485
f 5464 5465 5486
f 5465 5487 5486
f 5465 5466 5487
f 5466 5488 5487
f 5466 5467 5488
f 5467 5489 5488
f 5467 5468 5489
f 5468 5490 5489
f 5468 5469 5490
f 5469 5491 5490
f 5469 5470 5491
f 5470 5492 5491
f 5470 5471 5492
f 5471 5493 5492
f 5471 5472 5493
f 5472 5494 5493
f 5472 5473 5494
f 5473 5495 5494
f 5473 5474 5495
f 5474 5496 5495
f 5474 5475 5496
f 5475 5497 5496
f 5475 5476 5497
f 5476 5498 5497
f 5476 5455 5498
f 5455 5477 5498
f 5477 5478 5499
f 5478 5500 5499
f 5478 5479 5500
f 5479 5501 5500
f 5479 5480 5501
f 5480 5502 5501
f 5480 5481 5502
f 5481 5503 5502
f 5481 5482 5503
f 5482 5504 5503
f 5482 5483 5504
f 5483 5505 5504
f 5483 5484 5505
f 5484 5506 5505
f 5484 5485 5506
f 5485 5507 5506
f 5485 5486 5507
f 5486 5508 5507
f 5486 5487 5508
f 5487 5509 5508
f 5487 5488 5509
f 5488 5510 5509
f 5488 5489 5510
f 5489 5511 5510
f 5489 5490 5511
f 5490 5512 5511
f 5490 5491 5512
f 5491 5513 5512
f 5491 5492 5513
f 5492 5514 5513
f 5492 5493 5514
f 5493 5515 5514
f 5493 5494 5515
f 5494 5516 5515
f 5494 5495 5516
f 5495 5517 5516
f 5495 5496 5517
f 5496 5518 5517
f 5496 5497 5518
f 5497 5519 5518
f 5497 5498 5519
f 5498 5520 5519
f 5498 5477 5520
f 5477 5499 5520
f 5499 5500 5521
f 5500 5522 5521
f 5500 5501 5522
f 5501 5523 5522
f 5501 5502 5523
f 5502 5524 5523
f 5502 5503 5524
f 5503 5525 5524
f 5503 5504 5525
f 5504 5526 5525
f 5504 5505 5526
f 5505 5527 5526
f 5505 5506 5527
f 5506 5528 5527
f 5506 5507 5528
f 5507 5529 5528
f 5507 5508 5529
f 5508 5530 5529
f 5508 5509 5530
f 5509 5531 5530
f 5509 5510 5531
f 5510 5532 5531
f 5510 5511 5532
f 5511 5533 5532
f 5511 5512 5533
f 5512 5534 5533
f 5512 5513 5534
f 5513 5535 5534
f 5513 5514 5535
f 5514 5536 5535
f 5514 5515 5536
f 5515 5537 5536
f 5515 5516 5537
f 5516 5538 5537
f 5516 5517 5538
f 5517 5539 5538
f 5517 5518 5539
f 5518 5540 5539
f 5518 5519 5540
f 5519 5541 5540
f 5519 5520 5541
f 5520 5542 5541
f 5520 5499 5542
f 5499 5521 5542
f 5521 5522 5543
f 5522 5544 5543
f 5522 5523 5544
f 5523 5545 5544
f 5523 5524 5545
f 5524 5546 5545
f 5524 5525 5546
f 5525 5547 5546
f 5525 5526 5547
f 5526 5548 5547
f 5526 5527 5548
f 5527 5549 5548
f 5527 5528 5549
f 5528 5550 5549
f 5528 5529 5550
f 5529 5551 5550
f 5529 5530 5551
f 5530 5552 5551
f 5530 5531 5552
f 5531 5553 5552
f 5531 5532 5553
f 5532 5554 5553
f 5532 5533 5554
f 5533 5555 5554
f 5533 5534 5555
f 5534 5556 5555
f 5534 5535 5556
f 5535 5557 5556
f 5535 5536 5557
f 5536 5558 5557
f 5536 5537 5558
f 5537 5559 5558
f 5537 5538 5559
f 5538 5560 5559
f 5538 5539 5560
f 5539 5561 5560
f 5539 5540 5561
f 5540 5562 5561
f 5540 5541 5562
f 5541 5563 5562
f 5541 5542 5563
f 5542 5564 5563
f 5542 5521 5564
f 5521 5543 5564
f 5543 5544 5565
f 5544 5566 5565
f 5544 5545 5566
f 5545 5567 5566
f 5545 5546 5567
f 5546 5568 5567
f 5546 5547 5568
f 5547 5569 5568
f 5547 5548 5569
f 5548 5570 5569
f 5548 5549 5570
f 5549 5571 5570
f 5549 5550 5571
f 5550 5572 5571
f 5550 5551 5572
f 5551 5573 5572
f 5551 5552 5573
f 5552 5574 5573
f 5552 5553 5574
f 5553 5575 5574
f 5553 5554 5575
f 5554 5576 5575
f 5554 5555 5576
f 5555 5577 5576
f 5555 5556 5577
f 5556 5578 5577
f 5556 5557 5578
f 5557 5579 5578
f 5557 5558 5579
f 5558 5580 5579
f 5558 5559 5580
f 5559 5581 5580
f 5559 5560 5581
f 5560 5582 5581
f 5560 5561 5582
f 5561 5583 5582
f 5561 5562 5583
f 5562 5584 5583
f 5562 5563 5584
f 5563 5585 5584
f 5563 5564 5585
f 5564 5586 5585
f 5564 5543 5586
f 5543 5565 5586
f 5565 5566 5587
f 5566 5588 5587
f 5566 5567 5588
f 5567 5589 5588
f 5567 5568 5589
f 5568 5590 5589
f 5568 5569 5590
f 5569 5591 5590
f 5569 5570 5591
f 5570 5592 5591
f 5570 5571 5592
f 5571 5593 5592
f 5571 5572 5593
f 5572 5594 5593
f 5572 5573 5594
f 5573 5595 5594
f 5573 5574 5595
f 5574 5596 5595
f 5574 5575 5596
f 5575 5597 5596
f 5575 5576 5597
f 5576 5598 5597
f 5576 5577 5598
f 5577 5599 5598
f 5577 5578 5599
f 5578 5600 5599
f 5578 5579 5600
f 5579 5601 5600
f 5579 5580 5601
f 5580 5602 5601
f 5580 5581 5602
f 5581 5603 5602
f 5581 5582 5603
f 5582 5604 5603
f 5582 5583 5604
f 5583 5605 5604
f 5583 5584 5605
f 5584 5606 5605
f 5584 5585 5606
f 5585 5607 5606
f 5585 5586 5607
f 5586 5608 5607
f 5586 5565 5608
f 5565 5587 5608
f 5587 5588 5609
f 5588 5589 5610
f 5589 5590 5611
f 5590 5591 5612
f 5591 5592 5613
f 5592 5593 5614
f 5593 5594 5615
f 5594 5595 5616
f 5595 5596 5617
f 5596 5597 5618
f 5597 5598 5619
f 5598 5599 5620
f 5599 5600 5621
f 5600 5601 5622
f 5601 5602 5623
f 5602 5603 5624
f 5603 5604 5625
f 5604 5605 5626
f 5605 5606 5627
f 5606 5607 5628
f 5607 5608 5629
f 5608 5587 5630
o bronze_hand_R
g bronze_hand_R
f 5632 5654 5653
f 5633 5655 5654
f 5634 5656 5655
f 5635 5657 5656
f 5636 5658 5657
f 5637 5659 5658
f 5638 5660 5659
f 5639 5661 5660
f 5640 5662 5661
f 5641 5663 5662
f 5642 5664 5663
f 5643 5665 5664
f 5644 5666 5665
f 5645 5667 5666
f 5646 5668 5667
f 5647 5669 5668
f 5648 5670 5669
f 5649 5671 5670
f 5650 5672 5671
f 5651 5673 5672
f 5652 5674 5673
f 5631 5653 5674
f 5653 5654 5675
f 5654 5676 5675
f 5654 5655 5676
f 5655 5677 5676
f 5655 5656 5677
f 5656 5678 5677
f 5656 5657 5678
f 5657 5679 5678
f 5657 5658 5679
f 5658 5680 5679
f 5658 5659 5680
f 5659 5681 5680
f 5659 5660 5681
f 5660 5682 5681
f 5660 5661 5682
f 5661 5683 5682
f 5661 5662 5683
f 5662 5684 5683
f 5662 5663 5684
f 5663 5685 5684
f 5663 5664 5685
f 5664 5686 5685
f 5664 5665 5686
f 5665 5687 5686
f 5665 5666 5687
f 5666 5688 5687
f 5666 5667 5688
f 5667 5689 5688
f 5667 5668 5689
f 5668 5690 5689
f 5668 5669 5690
f 5669 5691 5690
f 5669 5670 5691
f 5670 5692 5691
f 5670 5671 5692
f 5671 5693 5692
f 5671 5672 5693
f 5672 5694 5693
f 5672 5673 5694
f 5673 5695 5694
f 5673 5674 5695
f 5674 5696 5695
f 5674 5653 5696
f 5653 5675 5696
f 5675 5676 5697
f 5676 5698 5697
f 5676 5677 5698
f 5677 5699 5698
f 5677 5678 5699
f 5678 5700 5699
f 5678 5679 5700
f 5679 5701 5700
f 5679 5680 5701
f 5680 5702 5701
f 5680 5681 5702
f 5681 5703 5702
f 5681 5682 5703
f 5682 5704 5703
f 5682 5683 5704
f 5683 5705 5704
f 5683 5684 5705
f 5684 5706 5705
f 5684 5685 5706
f 5685 5707 5706
f 5685 5686 5707
f 5686 5708 5707
f 5686 5687 5708
f 5687 5709 5708
f 5687 5688 5709
f 5688 5710 5709
f 5688 5689 5710
f 5689 5711 5710
f 5689 5690 5711
f 5690 5712 5711
f 5690 5691 5712
f 5691 5713 5712
f 5691 5692 5713
f 5692 5714 5713
f 5692 5693 5714
f 5693 5715 5714
f 5693 5694 5715
f 5694 5716 5715
f 5694 5695 5716
f 5695 5717 5716
f 5695 5696 5717
f 5696 5718 5717
f 5696 5675 5718
f 5675 5697 5718
f 5697 5698 5719
f 5698 5720 5719
f 5698 5699 5720
f 5699 5721 5720
f 5699 5700 5721
f 5700 5722 5721
f 5700 5701 5722
f 5701 5723 5722
f 5701 5702 5723
f 5702 5724 5723
f 5702 5703 5724
f 5703 5725 5724
f 5703 5704 5725
f 5704 5726 5725
f 5704 5705 5726
f 5705 5727 5726
f 5705 5706 5727
f 5706 5728 5727
f 5706 5707 5728
f 5707 5729 5728
f 5707 5708 5729
f 5708 5730 5729
f 5708 5709 5730
f 5709 5731 5730
f 5709 5710 5731
f 5710 5732 5731
f 5710 5711 5732
f 5711 5733 5732
f 5711 5712 5733
f 5712 5734 5733
f 5712 5713 5734
f 5713 5735 5734
f 5713 5714 5735
f 5714 5736 5735
f 5714 5715 5736
f 5715 5737 5736
f 5715 5716 5737
f 5716 5738 5737
f 5716 5717 5738
f 5717 5739 5738
f 5717 5718 5739
f 5718 5740 5739
f 5718 5697 5740
f 5697 5719 5740
f 5719 5720 5741
f 5720 5742 5741
f 5720 5721 5742
f 5721 5743 5742
f 5721 5722 5743
f 5722 5744 5743
f 5722 5723 5744
f 5723 5745 5744
f 5723 5724 5745
f 5724 5746 5745
f 5724 5725 5746
f 5725 5747 5746
f 5725 5726 5747
f 5726 5748 5747
f 5726 5727 5748
f 5727 5749 5748
f 5727 5728 5749
f 5728 5750 5749
f 5728 5729 5750
f 5729 5751 5750
f 5729 5730 5751
f 5730 5752 5751
f 5730 5731 5752
f 5731 5753 5752
f 5731 5732 5753
f 5732 5754 5753
f 5732 5733 5754
f 5733 5755 5754
f 5733 5734 5755
f 5734 5756 5755
f 5734 5735 5756
f 5735 5757 5756
f 5735 5736 5757
f 5736 5758 5757
f 5736 5737 5758
f 5737 5759 5758
f 5737 5738 5759
f 5738 5760 5759
f 5738 5739 5760
f 5739 5761 5760
f 5739 5740 5761
f 5740 5762 5761
f 5740 5719 5762
f 5719 5741 5762
f 5741 5742 5763
f 5742 5764 5763
f 5742 5743 5764
f 5743 5765 5764
f 5743 5744 5765
f 5744 5766 5765
f 5744 5745 5766
f 5745 5767 5766
f 5745 5746 5767
f 5746 5768 5767
f 5746 5747 5768
f 5747 5769 5768
f 5747 5748 5769
f 5748 5770 5769
f 5748 5749 5770
f 5749 5771 5770
f 5749 5750 5771
f 5750 5772 5771
f 5750 5751 5772
f 5751 5773 5772
f 5751 5752 5773
f 5752 5774 5773
f 5752 5753 5774
f 5753 5775 5774
f 5753 5754 5775
f 5754 5776 5775
f 5754 5755 5776
f 5755 5777 5776
f 5755 5756 5777
f 5756 5778 5777
f 5756 5757 5778
f 5757 5779 5778
f 5757 5758 5779
f 5758 5780 5779
f 5758 5759 5780
f 5759 5781 5780
f 5759 5760 5781
f 5760 5782 5781
f 5760 5761 5782
f 5761 5783 5782
f 5761 5762 5783
f 5762 5784 5783
f 5762 5741 5784
f 5741 5763 5784
f 5763 5764 5785
f 5764 5786 5785
f 5764 5765 5786
f 5765 5787 5786
f 5765 5766 5787
f 5766 5788 5787
f 5766 5767 5788
f 5767 5789 5788
f 5767 5768 5789
f 5768 5790 5789
f 5768 5769 5790
f 5769 5791 5790
f 5769 5770 5791
f 5770 5792 5791
f 5770 5771 5792
f 5771 5793 5792
f 5771 5772 5793
f 5772 5794 5793
f 5772 5773 5794
f 5773 5795 5794
f 5773 5774 5795
f 5774 5796 5795
f 5774 5775 5796
f 5775 5797 5796
f 5775 5776 5797
f 5776 5798 5797
f 5776 5777 5798
f 5777 5799 5798
f 5777 5778 5799
f 5778 5800 5799
f 5778 5779 5800
f 5779 5801 5800
f 5779 5780 5801
f 5780 5802 5801
f 5780 5781 5802
f 5781 5803 5802
f 5781 5782 5803
f 5782 5804 5803
f 5782 5783 5804
f 5783 5805 5804
f 5783 5784 5805
f 5784 5806 5805
f 5784 5763 5806
f 5763 5785 5806
f 5785 5786 5807
f 5786 5808 5807
f 5786 5787 5808
f 5787 5809 5808
f 5787 5788 5809
f 5788 5810 5809
f 5788 5789 5810
f 5789 5811 5810
f 5789 5790 5811
f 5790 5812 5811
f 5790 5791 5812
f 5791 5813 5812
f 5791 5792 5813
f 5792 5814 5813
f 5792 5793 5814
f 5793 5815 5814
f 5793 5794 5815
f 5794 5816 5815
f 5794 5795 5816
f 5795 5817 5816
f 5795 5796 5817
f 5796 5818 5817
f 5796 5797 5818
f 5797 5819 5818
f 5797 5798 5819
f 5798 5820 5819
f 5798 5799 5820
f 5799 5821 5820
f 5799 5800 5821
f 5800 5822 5821
f 5800 5801 5822
f 5801 5823 5822
f 5801 5802 5823
f 5802 5824 5823
f 5802 5803 5824
f 5803 5825 5824
f 5803 5804 5825
f 5804 5826 5825
f 5804 5805 5826
f 5805 5827 5826
f 5805 5806 5827
f 5806 5828 5827
f 5806 5785 5828
f 5785 5807 5828
f 5807 5808 5829
f 5808 5830 5829
f 5808 5809 5830
f 5809 5831 5830
f 5809 5810 5831
f 5810 5832 5831
f 5810 5811 5832
f 5811 5833 5832
f 5811 5812 5833
f 5812 5834 5833
f 5812 5813 5834
f 5813 5835 5834
f 5813 5814 5835
f 5814 5836 5835
f 5814 5815 5836
f 5815 5837 5836
f 5815 5816 5837
f 5816 5838 5837
f 5816 5817 5838
f 5817 5839 5838
f 5817 5818 5839
f 5818 5840 5839
f 5818 5819 5840
f 5819 5841 5840
f 5819 5820 5841
f 5820 5842 5841
f 5820 5821 5842
f 5821 5843 5842
f 5821 5822 5843
f 5822 5844 5843
f 5822 5823 5844
f 5823 5845 5844
f 5823 5824 5845
f 5824 5846 5845
f 5824 5825 5846
f 5825 5847 5846
f 5825 5826 5847
f 5826 5848 5847
f 5826 5827 5848
f 5827 5849 5848
f 5827 5828 5849
f 5828 5850 5849
f 5828 5807 5850
f 5807 5829 5850
f 5829 5830 5851
f 5830 5852 5851
f 5830 5831 5852
f 5831 5853 5852
f 5831 5832 5853
f 5832 5854 5853
f 5832 5833 5854
f 5833 5855 5854
f 5833 5834 5855
f 5834 5856 5855
f 5834 5835 5856
f 5835 5857 5856
f 5835 5836 5857
f 5836 5858 5857
f 5836 5837 5858
f 5837 5859 5858
f 5837 5838 5859
f 5838 5860 5859
f 5838 5839 5860
f 5839 5861 5860
f 5839 5840 5861
f 5840 5862 5861
f 5840 5841 5862
f 5841 5863 5862
f 5841 5842 5863
f 5842 5864 5863
f 5842 5843 5864
f 5843 5865 5864
f 5843 5844 5865
f 5844 5866 5865
f 5844 5845 5866
f 5845 5867 5866
f 5845 5846 5867
f 5846 5868 5867
f 5846 5847 5868
f 5847 5869 5868
f 5847 5848 5869
f 5848 5870 5869
f 5848 5849 5870
f 5849 5871 5870
f 5849 5850 5871
f 5850 5872 5871
f 5850 5829 5872
f 5829 5851 5872
f 5851 5852 5873
f 5852 5874 5873
f 5852 5853 5874
f 5853 5875 5874
f 5853 5854 5875
f 5854 5876 5875
f 5854 5855 5876
f 5855 5877 5876
f 5855 5856 5877
f 5856 5878 5877
f 5856 5857 5878
f 5857 5879 5878
f 5857 5858 5879
f 5858 5880 5879
f 5858 5859 5880
f 5859 5881 5880
f 5859 5860 5881
f 5860 5882 5881
f 5860 5861 5882
f 5861 5883 5882
f 5861 5862 5883
f 5862 5884 5883
f 5862 5863 5884
f 5863 5885 5884
f 5863 5864 5885
f 5864 5886 5885
f 5864 5865 5886
f 5865 5887 5886
f 5865 5866 5887
f 5866 5888 5887
f 5866 5867 5888
f 5867 5889 5888
f 5867 5868 5889
f 5868 5890 5889
f 5868 5869 5890
f 5869 5891 5890
f 5869 5870 5891
f 5870 5892 5891
f 5870 5871 5892
f 5871 5893 5892
f 5871 5872 5893
f 5872 5894 5893
f 5872 5851 5894
f 5851 5873 5894
f 5873 5874 5895
f 5874 5896 5895
f 5874 5875 5896
f 5875 5897 5896
f 5875 5876 5897
f 5876 5898 5897
f 5876 5877 5898
f 5877 5899 5898
f 5877 5878 5899
f 5878 5900 5899
f 5878 5879 5900
f 5879 5901 5900
f 5879 5880 5901
f 5880 5902 5901
f 5880 5881 5902
f 5881 5903 5902
f 5881 5882 5903
f 5882 5904 5903
f 5882 5883 5904
f 5883 5905 5904
f 5883 5884 5905
f 5884 5906 5905
f 5884 5885 5906
f 5885 5907 5906
f 5885 5886 5907
f 5886 5908 5907
f 5886 5887 5908
f 5887 5909 5908
f 5887 5888 5909
f 5888 5910 5909
f 5888 5889 5910
f 5889 5911 5910
f 5889 5890 5911
f 5890 5912 5911
f 5890 5891 5912
f 5891 5913 5912
f 5891 5892 5913
f 5892 5914 5913
f 5892 5893 5914
f 5893 5915 5914
f 5893 5894 5915
f 5894 5916 5915
f 5894 5873 5916
f 5873 5895 5916
f 5895 5896 5917
f 5896 5918 5917
f 5896 5897 5918
f 5897 5919 5918
f 5897 5898 5919
f 5898 5920 5919
f 5898 5899 5920
f 5899 5921 5920
f 5899 5900 5921
f 5900 5922 5921
f 5900 5901 5922
f 5901 5923 5922
f 5901 5902 5923
f 5902 5924 5923
f 5902 5903 5924
f 5903 5925 5924
f 5903 5904 5925
f 5904 5926 5925
f 5904 5905 5926
f 5905 5927 5926
f 5905 5906 5927
f 5906 5928 5927
f 5906 5907 5928
f 5907 5929 5928
f 5907 5908 5929
f 5908 5930 5929
f 5908 5909 5930
f 5909 5931 5930
f 5909 5910 5931
f 5910 5932 5931
f 5910 5911 5932
f 5911 5933 5932
f 5911 5912 5933
f 5912 5934 5933
f 5912 5913 5934
f 5913 5935 5934
f 5913 5914 5935
f 5914 5936 5935
f 5914 5915 5936
f 5915 5937 5936
f 5915 5916 5937
f 5916 5938 5937
f 5916 5895 5938
f 5895 5917 5938
f 5917 5918 5939
f 5918 5919 5940
f 5919 5920 5941
f 5920 5921 5942
f 5921 5922 5943
f 5922 5923 5944
f 5923 5924 5945
f 5924 5925 5946
f 5925 5926 5947
f 5926 5927 5948
f 5927 5928 5949
f 5928 5929 5950
f 5929 5930 5951
f 5930 5931 5952
f 5931 5932 5953
f 5932 5933 5954
f 5933 5934 5955
f 5934 5935 5956
f 5935 5936 5957
f 5936 5937 5958
f 5937 5938 5959
f 5938 5917 5960
o patina_wrist_L
g patina_wrist_L
f 5961 5969 5970
f 5961 5970 5962
f 5962 5970 5971
f 5962 5971 5963
f 5963 5971 5972
f 5963 5972 5964
f 5964 5972 5973
f 5964 5973 5965
f 5965 5973 5974
f 5965 5974 5966
f 5966 5974 5975
f 5966 5975 5967
f 5967 5975 5976
f 5967 5976 5968
f 5968 5976 5969
f 5968 5969 5961
f 5969 5977 5978
f 5969 5978 5970
f 5970 5978 5979
f 5970 5979 5971
f 5971 5979 5980
f 5971 5980 5972
f 5972 5980 5981
f 5972 5981 5973
f 5973 5981 5982
f 5973 5982 5974
f 5974 5982 5983
f 5974 5983 5975
f 5975 5983 5984
f 5975 5984 5976
f 5976 5984 5977
f 5976 5977 5969
f 5977 5985 5986
f 5977 5986 5978
f 5978 5986 5987
f 5978 5987 5979
f 5979 5987 5988
f 5979 5988 5980
f 5980 5988 5989
f 5980 5989 5981
f 5981 5989 5990
f 5981 5990 5982
f 5982 5990 5991
f 5982 5991 5983
f 5983 5991 5992
f 5983 5992 5984
f 5984 5992 5985
f 5984 5985 5977
f 5985 5993 5994
f 5985 5994 5986
f 5986 5994 5995
f 5986 5995 5987
f 5987 5995 5996
f 5987 5996 5988
f 5988 5996 5997
f 5988 5997 5989
f 5989 5997 5998
f 5989 5998 5990
f 5990 5998 5999
f 5990 5999 5991
f 5991 5999 6000
f 5991 6000 5992
f 5992 6000 5993
f 5992 5993 5985
f 5993 6001 6002
f 5993 6002 5994
f 5994 6002 6003
f 5994 6003 5995
f 5995 6003 6004
f 5995 6004 5996
f 5996 6004 6005
f 5996 6005 5997
f 5997 6005 6006
f 5997 6006 5998
f 5998 6006 6007
f 5998 6007 5999
f 5999 6007 6008
f 5999 6008 6000
f 6000 6008 6001
f 6000 6001 5993
f 6001 6009 6010
f 6001 6010 6002
f 6002 6010 6011
f 6002 6011 6003
f 6003 6011 6012
f 6003 6012 6004
f 6004 6012 6013
f 6004 6013 6005
f 6005 6013 6014
f 6005 6014 6006
f 6006 6014 6015
f 6006 6015 6007
f 6007 6015 6016
f 6007 6016 6008
f 6008 6016 6009
f 6008 6009 6001
f 6009 6017 6018
f 6009 6018 6010
f 6010 6018 6019
f 6010 6019 6011
f 6011 6019 6020
f 6011 6020 6012
f 6012 6020 6021
f 6012 6021 6013
f 6013 6021 6022
f 6013 6022 6014
f 6014 6022 6023
f 6014 6023 6015
f 6015 6023 6024
f 6015 6024 6016
f 6016 6024 6017
f 6016 6017 6009
f 6017 6025 6026
f 6017 6026 6018
f 6018 6026 6027
f 6018 6027 6019
f 6019 6027 6028
f 6019 6028 6020
f 6020 6028 6029
f 6020 6029 6021
f 6021 6029 6030
f 6021 6030 6022
f 6022 6030 6031
f 6022 6031 6023
f 6023 6031 6032
f 6023 6032 6024
f 6024 6032 6025
f 6024 6025 6017
f 6025 6033 6034
f 6025 6034 6026
f 6026 6034 6035
f 6026 6035 6027
f 6027 6035 6036
f 6027 6036 6028
f 6028 6036 6037
f 6028 6037 6029
f 6029 6037 6038
f 6029 6038 6030
f 6030 6038 6039
f 6030 6039 6031
f 6031 6039 6040
f 6031 6040 6032
f 6032 6040 6033
f 6032 6033 6025
f 6033 6041 6042
f 6033 6042 6034
f 6034 6042 6043
f 6034 6043 6035
f 6035 6043 6044
f 6035 6044 6036
f 6036 6044 6045
f 6036 6045 6037
f 6037 6045 6046
f 6037 6046 6038
f 6038 6046 6047
f 6038 6047 6039
f 6039 6047 6048
f 6039 6048 6040
f 6040 6048 6041
f 6040 6041 6033
f 6041 6049 6050
f 6041 6050 6042
f 6042 6050 6051
f 6042 6051 6043
f 6043 6051 6052
f 6043 6052 6044
f 6044 6052 6053
f 6044 6053 6045
f 6045 6053 6054
f 6045 6054 6046
f 6046 6054 6055
f 6046 6055 6047
f 6047 6055 6056
f 6047 6056 6048
f 6048 6056 6049
f 6048 6049 6041
f 6049 6057 6058
f 6049 6058 6050
f 6050 6058 6059
f 6050 6059 6051
f 6051 6059 6060
f 6051 6060 6052
f 6052 6060 6061
f 6052 6061 6053
f 6053 6061 6062
f 6053 6062 6054
f 6054 6062 6063
f 6054 6063 6055
f 6055 6063 6064
f 6055 6064 6056
f 6056 6064 6057
f 6056 6057 6049
f 6057 6065 6066
f 6057 6066 6058
f 6058 6066 6067
f 6058 6067 6059
f 6059 6067 6068
f 6059 6068 6060
f 6060 6068 6069
f 6060 6069 6061
f 6061 6069 6070
f 6061 6070 6062
f 6062 6070 6071
f 6062 6071 6063
f 6063 6071 6072
f 6063 6072 6064
f 6064 6072 6065
f 6064 6065 6057
f 6065 6073 6074
f 6065 6074 6066
f 6066 6074 6075
f 6066 6075 6067
f 6067 6075 6076
f 6067 6076 6068
f 6068 6076 6077
f 6068 6077 6069
f 6069 6077 6078
f 6069 6078 6070
f 6070 6078 6079
f 6070 6079 6071
f 6071 6079 6080
f 6071 6080 6072
f 6072 6080 6073
f 6072 6073 6065
f 6073 6081 6082
f 6073 6082 6074
f 6074 6082 6083
f 6074 6083 6075
f 6075 6083 6084
f 6075 6084 6076
f 6076 6084 6085
f 6076 6085 6077
f 6077 6085 6086
f 6077 6086 6078
f 6078 6086 6087
f 6078 6087 6079
f 6079 6087 6088
f 6079 6088 6080
f 6080 6088 6081
f 6080 6081 6073
f 6081 6089 6090
f 6081 6090 6082
f 6082 6090 6091
f 6082 6091 6083
f 6083 6091 6092
f 6083 6092 6084
f 6084 6092 6093
f 6084 6093 6085
f 6085 6093 6094
f 6085 6094 6086
f 6086 6094 6095
f 6086 6095 6087
f 6087 6095 6096
f 6087 6096 6088
f 6088 6096 6089
f 6088 6089 6081
f 6089 6097 6098
f 6089 6098 6090
f 6090 6098 6099
f 6090 6099 6091
f 6091 6099 6100
f 6091 6100 6092
f 6092 6100 6101
f 6092 6101 6093
f 6093 6101 6102
f 6093 6102 6094
f 6094 6102 6103
f 6094 6103 6095
f 6095 6103 6104
f 6095 6104 6096
f 6096 6104 6097
f 6096 6097 6089
f 6097 6105 6106
f 6097 6106 6098
f 6098 6106 6107
f 6098 6107 6099
f 6099 6107 6108
f 6099 6108 6100
f 6100 6108 6109
f 6100 6109 6101
f 6101 6109 6110
f 6101 6110 6102
f 6102 6110 6111
f 6102 6111 6103
f 6103 6111 6112
f 6103 6112 6104
f 6104 6112 6105
f 6104 6105 6097
f 6105 6113 6114
f 6105 6114 6106
f 6106 6114 6115
f 6106 6115 6107
f 6107 6115 6116
f 6107 6116 6108
f 6108 6116 6117
f 6108 6117 6109
f 6109 6117 6118
f 6109 6118 6110
f 6110 6118 6119
f 6110 6119 6111
f 6111 6119 6120
f 6111 6120 6112
f 6112 6120 6113
f 6112 6113 6105
f 6113 6121 6122
f 6113 6122 6114
f 6114 6122 6123
f 6114 6123 6115
f 6115 6123 6124
f 6115 6124 6116
f 6116 6124 6125
f 6116 6125 6117
f 6117 6125 6126
f 6117 6126 6118
f 6118 6126 6127
f 6118 6127 6119
f 6119 6127 6128
f 6119 6128 6120
f 6120 6128 6121
f 6120 6121 6113
f 6121 6129 6130
f 6121 6130 6122
f 6122 6130 6131
f 6122 6131 6123
f 6123 6131 6132
f 6123 6132 6124
f 6124 6132 6133
f 6124 6133 6125
f 6125 6133 6134
f 6125 6134 6126
f 6126 6134 6135
f 6126 6135 6127
f 6127 6135 6136
f 6127 6136 6128
f 6128 6136 6129
f 6128 6129 6121
f 6129 6137 6138
f 6129 6138 6130
f 6130 6138 6139
f 6130 6139 6131
f 6131 6139 6140
f 6131 6140 6132
f 6132 6140 6141
f 6132 6141 6133
f 6133 6141 6142
f 6133 6142 6134
f 6134 6142 6143
f 6134 6143 6135
f 6135 6143 6144
f 6135 6144 6136
f 6136 6144 6137
f 6136 6137 6129
f 6137 6145 6146
f 6137 6146 6138
f 6138 6146 6147
f 6138 6147 6139
f 6139 6147 6148
f 6139 6148 6140
f 6140 6148 6149
f 6140 6149 6141
f 6141 6149 6150
f 6141 6150 6142
f 6142 6150 6151
f 6142 6151 6143
f 6143 6151 6152
f 6143 6152 6144
f 6144 6152 6145
f 6144 6145 6137
f 6145 5961 5962
f 6145 5962 6146
f 6146 5962 5963
f 6146 5963 6147
f 6147 5963 5964
f 6147 5964 6148
f 6148 5964 5965
f 6148 5965 6149
f 6149 5965 5966
f 6149 5966 6150
f 6150 5966 5967
f 6150 5967 6151
f 6151 5967 5968
f 6151 5968 6152
f 6152 5968 5961
f 6152 5961 6145
o patina_wrist_R
g patina_wrist_R
f 6153 6161 6162
f 6153 6162 6154
f 6154 6162 6163
f 6154 6163 6155
f 6155 6163 6164
f 6155 6164 6156
f 6156 6164 6165
f 6156 6165 6157
f 6157 6165 6166
f 6157 6166 6158
f 6158 6166 6167
f 6158 6167 6159
f 6159 6167 6168
f 6159 6168 6160
f 6160 6168 6161
f 6160 6161 6153
f 6161 6169 6170
f 6161 6170 6162
f 6162 6170 6171
f 6162 6171 6163
f 6163 6171 6172
f 6163 6172 6164
f 6164 6172 6173
f 6164 6173 6165
f 6165 6173 6174
f 6165 6174 6166
f 6166 6174 6175
f 6166 6175 6167
f 6167 6175 6176
f 6167 6176 6168
f 6168 6176 6169
f 6168 6169 6161
f 6169 6177 6178
f 6169 6178 6170
f 6170 6178 6179
f 6170 6179 6171
f 6171 6179 6180
f 6171 6180 6172
f 6172 6180 6181
f 6172 6181 6173
f 6173 6181 6182
f 6173 6182 6174
f 6174 6182 6183
f 6174 6183 6175
f 6175 6183 6184
f 6175 6184 6176
f 6176 6184 6177
f 6176 6177 6169
f 6177 6185 6186
f 6177 6186 6178
f 6178 6186 6187
f 6178 6187 6179
f 6179 6187 6188
f 6179 6188 6180
f 6180 6188 6189
f 6180 6189 6181
f 6181 6189 6190
f 6181 6190 6182
f 6182 6190 6191
f 6182 6191 6183
f 6183 6191 6192
f 6183 6192 6184
f 6184 6192 6185
f 6184 6185 6177
f 6185 6193 6194
f 6185 6194 6186
f 6186 6194 6195
f 6186 6195 6187
f 6187 6195 6196
f 6187 6196 6188
f 6188 6196 6197
f 6188 6197 6189
f 6189 6197 6198
f 6189 6198 6190
f 6190 6198 6199
f 6190 6199 6191
f 6191 6199 6200
f 6191 6200 6192
f 6192 6200 6193
f 6192 6193 6185
f 6193 6201 6202
f 6193 6202 6194
f 6194 6202 6203
f 6194 6203 6195
f 6195 6203 6204
f 6195 6204 6196
f 6196 6204 6205
f 6196 6205 6197
f 6197 6205 6206
f 6197 6206 6198
f 6198 6206 6207
f 6198 6207 6199
f 6199 6207 6208
f 6199 6208 6200
f 6200 6208 6201
f 6200 6201 6193
f 6201 6209 6210
f 6201 6210 6202
f 6202 6210 6211
f 6202 6211 6203
f 6203 6211 6212
f 6203 6212 6204
f 6204 6212 6213
f 6204 6213 6205
f 6205 6213 6214
f 6205 6214 6206
f 6206 6214 6215
f 6206 6215 6207
f 6207 6215 6216
f 6207 6216 6208
f 6208 6216 6209
f 6208 6209 6201
f 6209 6217 6218
f 6209 6218 6210
f 6210 6218 6219
f 6210 6219 6211
f 6211 6219 6220
f 6211 6220 6212
f 6212 6220 6221
f 6212 6221 6213
f 6213 6221 6222
f 6213 6222 6214
f 6214 6222 6223
f 6214 6223 6215
f 6215 6223 6224
f 6215 6224 6216
f 6216 6224 6217
f 6216 6217 6209
f 6217 6225 6226
f 6217 6226 6218
f 6218 6226 6227
f 6218 6227 6219
f 6219 6227 6228
f 6219 6228 6220
f 6220 6228 6229
f 6220 6229 6221
f 6221 6229 6230
f 6221 6230 6222
f 6222 6230 6231
f 6222 6231 6223
f 6223 6231 6232
f 6223 6232 6224
f 6224 6232 6225
f 6224 6225 6217
f 6225 6233 6234
f 6225 6234 6226
f 6226 6234 6235
f 6226 6235 6227
f 6227 6235 6236
f 6227 6236 6228
f 6228 6236 6237
f 6228 6237 6229
f 6229 6237 6238
f 6229 6238 6230
f 6230 6238 6239
f 6230 6239 6231
f 6231 6239 6240
f 6231 6240 6232
f 6232 6240 6233
f 6232 6233 6225
f 6233 6241 6242
f 6233 6242 6234
f 6234 6242 6243
f 6234 6243 6235
f 6235 6243 6244
f 6235 6244 6236
f 6236 6244 6245
f 6236 6245 6237
f 6237 6245 6246
f 6237 6246 6238
f 6238 6246 6247
f 6238 6247 6239
f 6239 6247 6248
f 6239 6248 6240
f 6240 6248 6241
f 6240 6241 6233
f 6241 6249 6250
f 6241 6250 6242
f 6242 6250 6251
f 6242 6251 6243
f 6243 6251 6252
f 6243 6252 6244
f 6244 6252 6253
f 6244 6253 6245
f 6245 6253 6254
f 6245 6254 6246
f 6246 6254 6255
f 6246 6255 6247
f 6247 6255 6256
f 6247 6256 6248
f 6248 6256 6249
f 6248 6249 6241
f 6249 6257 6258
f 6249 6258 6250
f 6250 6258 6259
f 6250 6259 6251
f 6251 6259 6260
f 6251 6260 6252
f 6252 6260 6261
f 6252 6261 6253
f 6253 6261 6262
f 6253 6262 6254
f 6254 6262 6263
f 6254 6263 6255
f 6255 6263 6264
f 6255 6264 6256
f 6256 6264 6257
f 6256 6257 6249
f 6257 6265 6266
f 6257 6266 6258
f 6258 6266 6267
f 6258 6267 6259
f 6259 6267 6268
f 6259 6268 6260
f 6260 6268 6269
f 6260 6269 6261
f 6261 6269 6270
f 6261 6270 6262
f 6262 6270 6271
f 6262 6271 6263
f 6263 6271 6272
f 6263 6272 6264
f 6264 6272 6265
f 6264 6265 6257
f 6265 6273 6274
f 6265 6274 6266
f 6266 6274 6275
f 6266 6275 6267
f 6267 6275 6276
f 6267 6276 6268
f 6268 6276 6277
f 6268 6277 6269
f 6269 6277 6278
f 6269 6278 6270
f 6270 6278 6279
f 6270 6279 6271
f 6271 6279 6280
f 6271 6280 6272
f 6272 6280 6273
f 6272 6273 6265
f 6273 6281 6282
f 6273 6282 6274
f 6274 6282 6283
f 6274 6283 6275
f 6275 6283 6284
f 6275 6284 6276
f 6276 6284 6285
f 6276 6285 6277
f 6277 6285 6286
f 6277 6286 6278
f 6278 6286 6287
f 6278 6287 6279
f 6279 6287 6288
f 6279 6288 6280
f 6280 6288 6281
f 6280 6281 6273
f 6281 6289 6290
f 6281 6290 6282
f 6282 6290 6291
f 6282 6291 6283
f 6283 6291 6292
f 6283 6292 6284
f 6284 6292 6293
f 6284 6293 6285
f 6285 6293 6294
f 6285 6294 6286
f 6286 6294 6295
f 6286 6295 6287
f 6287 6295 6296
f 6287 6296 6288
f 6288 6296 6289
f 6288 6289 6281
f 6289 6297 6298
f 6289 6298 6290
f 6290 6298 6299
f 6290 6299 6291
f 6291 6299 6300
f 6291 6300 6292
f 6292 6300 6301
f 6292 6301 6293
f 6293 6301 6302
f 6293 6302 6294
f 6294 6302 6303
f 6294 6303 6295
f 6295 6303 6304
f 6295 6304 6296
f 6296 6304 6297
f 6296 6297 6289
f 6297 6305 6306
f 6297 6306 6298
f 6298 6306 6307
f 6298 6307 6299
f 6299 6307 6308
f 6299 6308 6300
f 6300 6308 6309
f 6300 6309 6301
f 6301 6309 6310
f 6301 6310 6302
f 6302 6310 6311
f 6302 6311 6303
f 6303 6311 6312
f 6303 6312 6304
f 6304 6312 6305
f 6304 6305 6297
f 6305 6313 6314
f 6305 6314 6306
f 6306 6314 6315
f 6306 6315 6307
f 6307 6315 6316
f 6307 6316 6308
f 6308 6316 6317
f 6308 6317 6309
f 6309 6317 6318
f 6309 6318 6310
f 6310 6318 6319
f 6310 6319 6311
f 6311 6319 6320
f 6311 6320 6312
f 6312 6320 6313
f 6312 6313 6305
f 6313 6321 6322
f 6313 6322 6314
f 6314 6322 6323
f 6314 6323 6315
f 6315 6323 6324
f 6315 6324 6316
f 6316 6324 6325
f 6316 6325 6317
f 6317 6325 6326
f 6317 6326 6318
f 6318 6326 6327
f 6318 6327 6319
f 6319 6327 6328
f 6319 6328 6320
f 6320 6328 6321
f 6320 6321 6313
f 6321 6329 6330
f 6321 6330 6322
f 6322 6330 6331
f 6322 6331 6323
f 6323 6331 6332
f 6323 6332 6324
f 6324 6332 6333
f 6324 6333 6325
f 6325 6333 6334
f 6325 6334 6326
f 6326 6334 6335
f 6326 6335 6327
f 6327 6335 6336
f 6327 6336 6328
f 6328 6336 6329
f 6328 6329 6321
f 6329 6337 6338
f 6329 6338 6330
f 6330 6338 6339
f 6330 6339 6331
f 6331 6339 6340
f 6331 6340 6332
f 6332 6340 6341
f 6332 6341 6333
f 6333 6341 6342
f 6333 6342 6334
f 6334 6342 6343
f 6334 6343 6335
f 6335 6343 6344
f 6335 6344 6336
f 6336 6344 6337
f 6336 6337 6329
f 6337 6153 6154
f 6337 6154 6338
f 6338 6154 6155
f 6338 6155 6339
f 6339 6155 6156
f 6339 6156 6340
f 6340 6156 6157
f 6340 6157 6341
f 6341 6157 6158
f 6341 6158 6342
f 6342 6158 6159
f 6342 6159 6343
f 6343 6159 6160
f 6343 6160 6344
f 6344 6160 6153
f 6344 6153 6337
o bronze_finger_L_0
g bronze_finger_L_0
f 6345 6346 6358
f 6345 6358 6357
f 6346 6347 6359
f 6346 6359 6358
f 6347 6348 6360
f 6347 6360 6359
f 6348 6349 6361
f 6348 6361 6360
f 6349 6350 6362
f 6349 6362 6361
f 6350 6351 6363
f 6350 6363 6362
f 6351 6352 6364
f 6351 6364 6363
f 6352 6353 6365
f 6352 6365 6364
f 6353 6354 6366
f 6353 6366 6365
f 6354 6355 6367
f 6354 6367 6366
f 6355 6356 6368
f 6355 6368 6367
f 6356 6345 6357
f 6356 6357 6368
f 6357 6358 6370
f 6357 6370 6369
f 6358 6359 6371
f 6358 6371 6370
f 6359 6360 6372
f 6359 6372 6371
f 6360 6361 6373
f 6360 6373 6372
f 6361 6362 6374
f 6361 6374 6373
f 6362 6363 6375
f 6362 6375 6374
f 6363 6364 6376
f 6363 6376 6375
f 6364 6365 6377
f 6364 6377 6376
f 6365 6366 6378
f 6365 6378 6377
f 6366 6367 6379
f 6366 6379 6378
f 6367 6368 6380
f 6367 6380 6379
f 6368 6357 6369
f 6368 6369 6380
f 6369 6370 6382
f 6369 6382 6381
f 6370 6371 6383
f 6370 6383 6382
f 6371 6372 6384
f 6371 6384 6383
f 6372 6373 6385
f 6372 6385 6384
f 6373 6374 6386
f 6373 6386 6385
f 6374 6375 6387
f 6374 6387 6386
f 6375 6376 6388
f 6375 6388 6387
f 6376 6377 6389
f 6376 6389 6388
f 6377 6378 6390
f 6377 6390 6389
f 6378 6379 6391
f 6378 6391 6390
f 6379 6380 6392
f 6379 6392 6391
f 6380 6369 6381
f 6380 6381 6392
f 6381 6382 6394
f 6381 6394 6393
f 6382 6383 6395
f 6382 6395 6394
f 6383 6384 6396
f 6383 6396 6395
f 6384 6385 6397
f 6384 6397 6396
f 6385 6386 6398
f 6385 6398 6397
f 6386 6387 6399
f 6386 6399 6398
f 6387 6388 6400
f 6387 6400 6399
f 6388 6389 6401
f 6388 6401 6400
f 6389 6390 6402
f 6389 6402 6401
f 6390 6391 6403
f 6390 6403 6402
f 6391 6392 6404
f 6391 6404 6403
f 6392 6381 6393
f 6392 6393 6404
f 6393 6394 6406
f 6393 6406 6405
f 6394 6395 6407
f 6394 6407 6406
f 6395 6396 6408
f 6395 6408 6407
f 6396 6397 6409
f 6396 6409 6408
f 6397 6398 6410
f 6397 6410 6409
f 6398 6399 6411
f 6398 6411 6410
f 6399 6400 6412
f 6399 6412 6411
f 6400 6401 6413
f 6400 6413 6412
f 6401 6402 6414
f 6401 6414 6413
f 6402 6403 6415
f 6402 6415 6414
f 6403 6404 6416
f 6403 6416 6415
f 6404 6393 6405
f 6404 6405 6416
f 6405 6406 6418
f 6405 6418 6417
f 6406 6407 6419
f 6406 6419 6418
f 6407 6408 6420
f 6407 6420 6419
f 6408 6409 6421
f 6408 6421 6420
f 6409 6410 6422
f 6409 6422 6421
f 6410 6411 6423
f 6410 6423 6422
f 6411 6412 6424
f 6411 6424 6423
f 6412 6413 6425
f 6412 6425 6424
f 6413 6414 6426
f 6413 6426 6425
f 6414 6415 6427
f 6414 6427 6426
f 6415 6416 6428
f 6415 6428 6427
f 6416 6405 6417
f 6416 6417 6428
f 6417 6418 6430
f 6417 6430 6429
f 6418 6419 6431
f 6418 6431 6430
f 6419 6420 6432
f 6419 6432 6431
f 6420 6421 6433
f 6420 6433 6432
f 6421 6422 6434
f 6421 6434 6433
f 6422 6423 6435
f 6422 6435 6434
f 6423 6424 6436
f 6423 6436 6435
f 6424 6425 6437
f 6424 6437 6436
f 6425 6426 6438
f 6425 6438 6437
f 6426 6427 6439
f 6426 6439 6438
f 6427 6428 6440
f 6427 6440 6439
f 6428 6417 6429
f 6428 6429 6440
f 6429 6430 6442
f 6429 6442 6441
f 6430 6431 6443
f 6430 6443 6442
f 6431 6432 6444
f 6431 6444 6443
f 6432 6433 6445
f 6432 6445 6444
f 6433 6434 6446
f 6433 6446 6445
f 6434 6435 6447
f 6434 6447 6446
f 6435 6436 6448
f 6435 6448 6447
f 6436 6437 6449
f 6436 6449 6448
f 6437 6438 6450
f 6437 6450 6449
f 6438 6439 6451
f 6438 6451 6450
f 6439 6440 6452
f 6439 6452 6451
f 6440 6429 6441
f 6440 6441 6452
f 6441 6442 6454
f 6441 6454 6453
f 6442 6443 6455
f 6442 6455 6454
f 6443 6444 6456
f 6443 6456 6455
f 6444 6445 6457
f 6444 6457 6456
f 6445 6446 6458
f 6445 6458 6457
f 6446 6447 6459
f 6446 6459 6458
f 6447 6448 6460
f 6447 6460 6459
f 6448 6449 6461
f 6448 6461 6460
f 6449 6450 6462
f 6449 6462 6461
f 6450 6451 6463
f 6450 6463 6462
f 6451 6452 6464
f 6451 6464 6463
f 6452 6441 6453
f 6452 6453 6464
f 6453 6454 6466
f 6453 6466 6465
f 6454 6455 6467
f 6454 6467 6466
f 6455 6456 6468
f 6455 6468 6467
f 6456 6457 6469
f 6456 6469 6468
f 6457 6458 6470
f 6457 6470 6469
f 6458 6459 6471
f 6458 6471 6470
f 6459 6460 6472
f 6459 6472 6471
f 6460 6461 6473
f 6460 6473 6472
f 6461 6462 6474
f 6461 6474 6473
f 6462 6463 6475
f 6462 6475 6474
f 6463 6464 6476
f 6463 6476 6475
f 6464 6453 6465
f 6464 6465 6476
f 6465 6466 6478
f 6465 6478 6477
f 6466 6467 6479
f 6466 6479 6478
f 6467 6468 6480
f 6467 6480 6479
f 6468 6469 6481
f 6468 6481 6480
f 6469 6470 6482
f 6469 6482 6481
f 6470 6471 6483
f 6470 6483 6482
f 6471 6472 6484
f 6471 6484 6483
f 6472 6473 6485
f 6472 6485 6484
f 6473 6474 6486
f 6473 6486 6485
f 6474 6475 6487
f 6474 6487 6486
f 6475 6476 6488
f 6475 6488 6487
f 6476 6465 6477
f 6476 6477 6488
o bronze_finger_L_1
g bronze_finger_L_1
f 6489 6490 6502
f 6489 6502 6501
f 6490 6491 6503
f 6490 6503 6502
f 6491 6492 6504
f 6491 6504 6503
f 6492 6493 6505
f 6492 6505 6504
f 6493 6494 6506
f 6493 6506 6505
f 6494 6495 6507
f 6494 6507 6506
f 6495 6496 6508
f 6495 6508 6507
f 6496 6497 6509
f 6496 6509 6508
f 6497 6498 6510
f 6497 6510 6509
f 6498 6499 6511
f 6498 6511 6510
f 6499 6500 6512
f 6499 6512 6511
f 6500 6489 6501
f 6500 6501 6512
f 6501 6502 6514
f 6501 6514 6513
f 6502 6503 6515
f 6502 6515 6514
f 6503 6504 6516
f 6503 6516 6515
f 6504 6505 6517
f 6504 6517 6516
f 6505 6506 6518
f 6505 6518 6517
f 6506 6507 6519
f 6506 6519 6518
f 6507 6508 6520
f 6507 6520 6519
f 6508 6509 6521
f 6508 6521 6520
f 6509 6510 6522
f 6509 6522 6521
f 6510 6511 6523
f 6510 6523 6522
f 6511 6512 6524
f 6511 6524 6523
f 6512 6501 6513
f 6512 6513 6524
f 6513 6514 6526
f 6513 6526 6525
f 6514 6515 6527
f 6514 6527 6526
f 6515 6516 6528
f 6515 6528 6527
f 6516 6517 6529
f 6516 6529 6528
f 6517 6518 6530
f 6517 6530 6529
f 6518 6519 6531
f 6518 6531 6530
f 6519 6520 6532
f 6519 6532 6531
f 6520 6521 6533
f 6520 6533 6532
f 6521 6522 6534
f 6521 6534 6533
f 6522 6523 6535
f 6522 6535 6534
f 6523 6524 6536
f 6523 6536 6535
f 6524 6513 6525
f 6524 6525 6536
f 6525 6526 6538
f 6525 6538 6537
f 6526 6527 6539
f 6526 6539 6538
f 6527 6528 6540
f 6527 6540 6539
f 6528 6529 6541
f 6528 6541 6540
f 6529 6530 6542
f 6529 6542 6541
f 6530 6531 6543
f 6530 6543 6542
f 6531 6532 6544
f 6531 6544 6543
f 6532 6533 6545
f 6532 6545 6544
f 6533 6534 6546
f 6533 6546 6545
f 6534 6535 6547
f 6534 6547 6546
f 6535 6536 6548
f 6535 6548 6547
f 6536 6525 6537
f 6536 6537 6548
f 6537 6538 6550
f 6537 6550 6549
f 6538 6539 6551
f 6538 6551 6550
f 6539 6540 6552
f 6539 6552 6551
f 6540 6541 6553
f 6540 6553 6552
f 6541 6542 6554
f 6541 6554 6553
f 6542 6543 6555
f 6542 6555 6554
f 6543 6544 6556
f 6543 6556 6555
f 6544 6545 6557
f 6544 6557 6556
f 6545 6546 6558
f 6545 6558 6557
f 6546 6547 6559
f 6546 6559 6558
f 6547 6548 6560
f 6547 6560 6559
f 6548 6537 6549
f 6548 6549 6560
f 6549 6550 6562
f 6549 6562 6561
f 6550 6551 6563
f 6550 6563 6562
f 6551 6552 6564
f 6551 6564 6563
f 6552 6553 6565
f 6552 6565 6564
f 6553 6554 6566
f 6553 6566 6565
f 6554 6555 6567
f 6554 6567 6566
f 6555 6556 6568
f 6555 6568 6567
f 6556 6557 6569
f 6556 6569 6568
f 6557 6558 6570
f 6557 6570 6569
f 6558 6559 6571
f 6558 6571 6570
f 6559 6560 6572
f 6559 6572 6571
f 6560 6549 6561
f 6560 6561 6572
f 6561 6562 6574
f 6561 6574 6573
f 6562 6563 6575
f 6562 6575 6574
f 6563 6564 6576
f 6563 6576 6575
f 6564 6565 6577
f 6564 6577 6576
f 6565 6566 6578
f 6565 6578 6577
f 6566 6567 6579
f 6566 6579 6578
f 6567 6568 6580
f 6567 6580 6579
f 6568 6569 6581
f 6568 6581 6580
f 6569 6570 6582
f 6569 6582 6581
f 6570 6571 6583
f 6570 6583 6582
f 6571 6572 6584
f 6571 6584 6583
f 6572 6561 6573
f 6572 6573 6584
f 6573 6574 6586
f 6573 6586 6585
f 6574 6575 6587
f 6574 6587 6586
f 6575 6576 6588
f 6575 6588 6587
f 6576 6577 6589
f 6576 6589 6588
f 6577 6578 6590
f 6577 6590 6589
f 6578 6579 6591
f 6578 6591 6590
f 6579 6580 6592
f 6579 6592 6591
f 6580 6581 6593
f 6580 6593 6592
f 6581 6582 6594
f 6581 6594 6593
f 6582 6583 6595
f 6582 6595 6594
f 6583 6584 6596
f 6583 6596 6595
f 6584 6573 6585
f 6584 6585 6596
f 6585 6586 6598
f 6585 6598 6597
f 6586 6587 6599
f 6586 6599 6598
f 6587 6588 6600
f 6587 6600 6599
f 6588 6589 6601
f 6588 6601 6600
f 6589 6590 6602
f 6589 6602 6601
f 6590 6591 6603
f 6590 6603 6602
f 6591 6592 6604
f 6591 6604 6603
f 6592 6593 6605
f 6592 6605 6604
f 6593 6594 6606
f 6593 6606 6605
f 6594 6595 6607
f 6594 6607 6606
f 6595 6596 6608
f 6595 6608 6607
f 6596 6585 6597
f 6596 6597 6608
f 6597 6598 6610
f 6597 6610 6609
f 6598 6599 6611
f 6598 6611 6610
f 6599 6600 6612
f 6599 6612 6611
f 6600 6601 6613
f 6600 6613 6612
f 6601 6602 6614
f 6601 6614 6613
f 6602 6603 6615
f 6602 6615 6614
f 6603 6604 6616
f 6603 6616 6615
f 6604 6605 6617
f 6604 6617 6616
f 6605 6606 6618
f 6605 6618 6617
f 6606 6607 6619
f 6606 6619 6618
f 6607 6608 6620
f 6607 6620 6619
f 6608 6597 6609
f 6608 6609 6620
f 6609 6610 6622
f 6609 6622 6621
f 6610 6611 6623
f 6610 6623 6622
f 6611 6612 6624
f 6611 6624 6623
f 6612 6613 6625
f 6612 6625 6624
f 6613 6614 6626
f 6613 6626 6625
f 6614 6615 6627
f 6614 6627 6626
f 6615 6616 6628
f 6615 6628 6627
f 6616 6617 6629
f 6616 6629 6628
f 6617 6618 6630
f 6617 6630 6629
f 6618 6619 6631
f 6618 6631 6630
f 6619 6620 6632
f 6619 6632 6631
f 6620 6609 6621
f 6620 6621 6632
o bronze_finger_L_2
g bronze_finger_L_2
f 6633 6634 6646
f 6633 6646 6645
f 6634 6635 6647
f 6634 6647 6646
f 6635 6636 6648
f 6635 6648 6647
f 6636 6637 6649
f 6636 6649 6648
f 6637 6638 6650
f 6637 6650 6649
f 6638 6639 6651
f 6638 6651 6650
f 6639 6640 6652
f 6639 6652 6651
f 6640 6641 6653
f 6640 6653 6652
f 6641 6642 6654
f 6641 6654 6653
f 6642 6643 6655
f 6642 6655 6654
f 6643 6644 6656
f 6643 6656 6655
f 6644 6633 6645
f 6644 6645 6656
f 6645 6646 6658
f 6645 6658 6657
f 6646 6647 6659
f 6646 6659 6658
f 6647 6648 6660
f 6647 6660 6659
f 6648 6649 6661
f 6648 6661 6660
f 6649 6650 6662
f 6649 6662 6661
f 6650 6651 6663
f 6650 6663 6662
f 6651 6652 6664
f 6651 6664 6663
f 6652 6653 6665
f 6652 6665 6664
f 6653 6654 6666
f 6653 6666 6665
f 6654 6655 6667
f 6654 6667 6666
f 6655 6656 6668
f 6655 6668 6667
f 6656 6645 6657
f 6656 6657 6668
f 6657 6658 6670
f 6657 6670 6669
f 6658 6659 6671
f 6658 6671 6670
f 6659 6660 6672
f 6659 6672 6671
f 6660 6661 6673
f 6660 6673 6672
f 6661 6662 6674
f 6661 6674 6673
f 6662 6663 6675
f 6662 6675 6674
f 6663 6664 6676
f 6663 6676 6675
f 6664 6665 6677
f 6664 6677 6676
f 6665 6666 6678
f 6665 6678 6677
f 6666 6667 6679
f 6666 6679 6678
f 6667 6668 6680
f 6667 6680 6679
f 6668 6657 6669
f 6668 6669 6680
f 6669 6670 6682
f 6669 6682 6681
f 6670 6671 6683
f 6670 6683 6682
f 6671 6672 6684
f 6671 6684 6683
f 6672 6673 6685
f 6672 6685 6684
f 6673 6674 6686
f 6673 6686 6685
f 6674 6675 6687
f 6674 6687 6686
f 6675 6676 6688
f 6675 6688 6687
f 6676 6677 6689
f 6676 6689 6688
f 6677 6678 6690
f 6677 6690 6689
f 6678 6679 6691
f 6678 6691 6690
f 6679 6680 6692
f 6679 6692 6691
f 6680 6669 6681
f 6680 6681 6692
f 6681 6682 6694
f 6681 6694 6693
f 6682 6683 6695
f 6682 6695 6694
f 6683 6684 6696
f 6683 6696 6695
f 6684 6685 6697
f 6684 6697 6696
f 6685 6686 6698
f 6685 6698 6697
f 6686 6687 6699
f 6686 6699 6698
f 6687 6688 6700
f 6687 6700 6699
f 6688 6689 6701
f 6688 6701 6700
f 6689 6690 6702
f 6689 6702 6701
f 6690 6691 6703
f 6690 6703 6702
f 6691 6692 6704
f 6691 6704 6703
f 6692 6681 6693
f 6692 6693 6704
f 6693 6694 6706
f 6693 6706 6705
f 6694 6695 6707
f 6694 6707 6706
f 6695 6696 6708
f 6695 6708 6707
f 6696 6697 6709
f 6696 6709 6708
f 6697 6698 6710
f 6697 6710 6709
f 6698 6699 6711
f 6698 6711 6710
f 6699 6700 6712
f 6699 6712 6711
f 6700 6701 6713
f 6700 6713 6712
f 6701 6702 6714
f 6701 6714 6713
f 6702 6703 6715
f 6702 6715 6714
f 6703 6704 6716
f 6703 6716 6715
f 6704 6693 6705
f 6704 6705 6716
f 6705 6706 6718
f 6705 6718 6717
f 6706 6707 6719
f 6706 6719 6718
f 6707 6708 6720
f 6707 6720 6719
f 6708 6709 6721
f 6708 6721 6720
f 6709 6710 6722
f 6709 6722 6721
f 6710 6711 6723
f 6710 6723 6722
f 6711 6712 6724
f 6711 6724 6723
f 6712 6713 6725
f 6712 6725 6724
f 6713 6714 6726
f 6713 6726 6725
f 6714 6715 6727
f 6714 6727 6726
f 6715 6716 6728
f 6715 6728 6727
f 6716 6705 6717
f 6716 6717 6728
f 6717 6718 6730
f 6717 6730 6729
f 6718 6719 6731
f 6718 6731 6730
f 6719 6720 6732
f 6719 6732 6731
f 6720 6721 6733
f 6720 6733 6732
f 6721 6722 6734
f 6721 6734 6733
f 6722 6723 6735
f 6722 6735 6734
f 6723 6724 6736
f 6723 6736 6735
f 6724 6725 6737
f 6724 6737 6736
f 6725 6726 6738
f 6725 6738 6737
f 6726 6727 6739
f 6726 6739 6738
f 6727 6728 6740
f 6727 6740 6739
f 6728 6717 6729
f 6728 6729 6740
f 6729 6730 6742
f 6729 6742 6741
f 6730 6731 6743
f 6730 6743 6742
f 6731 6732 6744
f 6731 6744 6743
f 6732 6733 6745
f 6732 6745 6744
f 6733 6734 6746
f 6733 6746 6745
f 6734 6735 6747
f 6734 6747 6746
f 6735 6736 6748
f 6735 6748 6747
f 6736 6737 6749
f 6736 6749 6748
f 6737 6738 6750
f 6737 6750 6749
f 6738 6739 6751
f 6738 6751 6750
f 6739 6740 6752
f 6739 6752 6751
f 6740 6729 6741
f 6740 6741 6752
f 6741 6742 6754
f 6741 6754 6753
f 6742 6743 6755
f 6742 6755 6754
f 6743 6744 6756
f 6743 6756 6755
f 6744 6745 6757
f 6744 6757 6756
f 6745 6746 6758
f 6745 6758 6757
f 6746 6747 6759
f 6746 6759 6758
f 6747 6748 6760
f 6747 6760 6759
f 6748 6749 6761
f 6748 6761 6760
f 6749 6750 6762
f 6749 6762 6761
f 6750 6751 6763
f 6750 6763 6762
f 6751 6752 6764
f 6751 6764 6763
f 6752 6741 6753
f 6752 6753 6764
f 6753 6754 6766
f 6753 6766 6765
f 6754 6755 6767
f 6754 6767 6766
f 6755 6756 6768
f 6755 6768 6767
f 6756 6757 6769
f 6756 6769 6768
f 6757 6758 6770
f 6757 6770 6769
f 6758 6759 6771
f 6758 6771 6770
f 6759 6760 6772
f 6759 6772 6771
f 6760 6761 6773
f 6760 6773 6772
f 6761 6762 6774
f 6761 6774 6773
f 6762 6763 6775
f 6762 6775 6774
f 6763 6764 6776
f 6763 6776 6775
f 6764 6753 6765
f 6764 6765 6776
o bronze_finger_R_0
g bronze_finger_R_0
f 6777 6778 6790
f 6777 6790 6789
f 6778 6779 6791
f 6778 6791 6790
f 6779 6780 6792
f 6779 6792 6791
f 6780 6781 6793
f 6780 6793 6792
f 6781 6782 6794
f 6781 6794 6793
f 6782 6783 6795
f 6782 6795 6794
f 6783 6784 6796
f 6783 6796 6795
f 6784 6785 6797
f 6784 6797 6796
f 6785 6786 6798
f 6785 6798 6797
f 6786 6787 6799
f 6786 6799 6798
f 6787 6788 6800
f 6787 6800 6799
f 6788 6777 6789
f 6788 6789 6800
f 6789 6790 6802
f 6789 6802 6801
f 6790 6791 6803
f 6790 6803 6802
f 6791 6792 6804
f 6791 6804 6803
f 6792 6793 6805
f 6792 6805 6804
f 6793 6794 6806
f 6793 6806 6805
f 6794 6795 6807
f 6794 6807 6806
f 6795 6796 6808
f 6795 6808 6807
f 6796 6797 6809
f 6796 6809 6808
f 6797 6798 6810
f 6797 6810 6809
f 6798 6799 6811
f 6798 6811 6810
f 6799 6800 6812
f 6799 6812 6811
f 6800 6789 6801
f 6800 6801 6812
f 6801 6802 6814
f 6801 6814 6813
f 6802 6803 6815
f 6802 6815 6814
f 6803 6804 6816
f 6803 6816 6815
f 6804 6805 6817
f 6804 6817 6816
f 6805 6806 6818
f 6805 6818 6817
f 6806 6807 6819
f 6806 6819 6818
f 6807 6808 6820
f 6807 6820 6819
f 6808 6809 6821
f 6808 6821 6820
f 6809 6810 6822
f 6809 6822 6821
f 6810 6811 6823
f 6810 6823 6822
f 6811 6812 6824
f 6811 6824 6823
f 6812 6801 6813
f 6812 6813 6824
f 6813 6814 6826
f 6813 6826 6825
f 6814 6815 6827
f 6814 6827 6826
f 6815 6816 6828
f 6815 6828 6827
f 6816 6817 6829
f 6816 6829 6828
f 6817 6818 6830
f 6817 6830 6829
f 6818 6819 6831
f 6818 6831 6830
f 6819 6820 6832
f 6819 6832 6831
f 6820 6821 6833
f 6820 6833 6832
f 6821 6822 6834
f 6821 6834 6833
f 6822 6823 6835
f 6822 6835 6834
f 6823 6824 6836
f 6823 6836 6835
f 6824 6813 6825
f 6824 6825 6836
f 6825 6826 6838
f 6825 6838 6837
f 6826 6827 6839
f 6826 6839 6838
f 6827 6828 6840
f 6827 6840 6839
f 6828 6829 6841
f 6828 6841 6840
f 6829 6830 6842
f 6829 6842 6841
f 6830 6831 6843
f 6830 6843 6842
f 6831 6832 6844
f 6831 6844 6843
f 6832 6833 6845
f 6832 6845 6844
f 6833 6834 6846
f 6833 6846 6845
f 6834 6835 6847
f 6834 6847 6846
f 6835 6836 6848
f 6835 6848 6847
f 6836 6825 6837
f 6836 6837 6848
f 6837 6838 6850
f 6837 6850 6849
f 6838 6839 6851
f 6838 6851 6850
f 6839 6840 6852
f 6839 6852 6851
f 6840 6841 6853
f 6840 6853 6852
f 6841 6842 6854
f 6841 6854 6853
f 6842 6843 6855
f 6842 6855 6854
f 6843 6844 6856
f 6843 6856 6855
f 6844 6845 6857
f 6844 6857 6856
f 6845 6846 6858
f 6845 6858 6857
f 6846 6847 6859
f 6846 6859 6858
f 6847 6848 6860
f 6847 6860 6859
f 6848 6837 6849
f 6848 6849 6860
f 6849 6850 6862
f 6849 6862 6861
f 6850 6851 6863
f 6850 6863 6862
f 6851 6852 6864
f 6851 6864 6863
f 6852 6853 6865
f 6852 6865 6864
f 6853 6854 6866
f 6853 6866 6865
f 6854 6855 6867
f 6854 6867 6866
f 6855 6856 6868
f 6855 6868 6867
f 6856 6857 6869
f 6856 6869 6868
f 6857 6858 6870
f 6857 6870 6869
f 6858 6859 6871
f 6858 6871 6870
f 6859 6860 6872
f 6859 6872 6871
f 6860 6849 6861
f 6860 6861 6872
f 6861 6862 6874
f 6861 6874 6873
f 6862 6863 6875
f 6862 6875 6874
f 6863 6864 6876
f 6863 6876 6875
f 6864 6865 6877
f 6864 6877 6876
f 6865 6866 6878
f 6865 6878 6877
f 6866 6867 6879
f 6866 6879 6878
f 6867 6868 6880
f 6867 6880 6879
f 6868 6869 6881
f 6868 6881 6880
f 6869 6870 6882
f 6869 6882 6881
f 6870 6871 6883
f 6870 6883 6882
f 6871 6872 6884
f 6871 6884 6883
f 6872 6861 6873
f 6872 6873 6884
f 6873 6874 6886
f 6873 6886 6885
f 6874 6875 6887
f 6874 6887 6886
f 6875 6876 6888
f 6875 6888 6887
f 6876 6877 6889
f 6876 6889 6888
f 6877 6878 6890
f 6877 6890 6889
f 6878 6879 6891
f 6878 6891 6890
f 6879 6880 6892
f 6879 6892 6891
f 6880 6881 6893
f 6880 6893 6892
f 6881 6882 6894
f 6881 6894 6893
f 6882 6883 6895
f 6882 6895 6894
f 6883 6884 6896
f 6883 6896 6895
f 6884 6873 6885
f 6884 6885 6896
f 6885 6886 6898
f 6885 6898 6897
f 6886 6887 6899
f 6886 6899 6898
f 6887 6888 6900
f 6887 6900 6899
f 6888 6889 6901
f 6888 6901 6900
f 6889 6890 6902
f 6889 6902 6901
f 6890 6891 6903
f 6890 6903 6902
f 6891 6892 6904
f 6891 6904 6903
f 6892 6893 6905
f 6892 6905 6904
f 6893 6894 6906
f 6893 6906 6905
f 6894 6895 6907
f 6894 6907 6906
f 6895 6896 6908
f 6895 6908 6907
f 6896 6885 6897
f 6896 6897 6908
f 6897 6898 6910
f 6897 6910 6909
f 6898 6899 6911
f 6898 6911 6910
f 6899 6900 6912
f 6899 6912 6911
f 6900 6901 6913
f 6900 6913 6912
f 6901 6902 6914
f 6901 6914 6913
f 6902 6903 6915
f 6902 6915 6914
f 6903 6904 6916
f 6903 6916 6915
f 6904 6905 6917
f 6904 6917 6916
f 6905 6906 6918
f 6905 6918 6917
f 6906 6907 6919
f 6906 6919 6918
f 6907 6908 6920
f 6907 6920 6919
f 6908 6897 6909
f 6908 6909 6920
o bronze_finger_R_1
g bronze_finger_R_1
f 6921 6922 6934
f 6921 6934 6933
f 6922 6923 6935
f 6922 6935 6934
f 6923 6924 6936
f 6923 6936 6935
f 6924 6925 6937
f 6924 6937 6936
f 6925 6926 6938
f 6925 6938 6937
f 6926 6927 6939
f 6926 6939 6938
f 6927 6928 6940
f 6927 6940 6939
f 6928 6929 6941
f 6928 6941 6940
f 6929 6930 6942
f 6929 6942 6941
f 6930 6931 6943
f 6930 6943 6942
f 6931 6932 6944
f 6931 6944 6943
f 6932 6921 6933
f 6932 6933 6944
f 6933 6934 6946
f 6933 6946 6945
f 6934 6935 6947
f 6934 6947 6946
f 6935 6936 6948
f 6935 6948 6947
f 6936 6937 6949
f 6936 6949 6948
f 6937 6938 6950
f 6937 6950 6949
f 6938 6939 6951
f 6938 6951 6950
f 6939 6940 6952
f 6939 6952 6951
f 6940 6941 6953
f 6940 6953 6952
f 6941 6942 6954
f 6941 6954 6953
f 6942 6943 6955
f 6942 6955 6954
f 6943 6944 6956
f 6943 6956 6955
f 6944 6933 6945
f 6944 6945 6956
f 6945 6946 6958
f 6945 6958 6957
f 6946 6947 6959
f 6946 6959 6958
f 6947 6948 6960
f 6947 6960 6959
f 6948 6949 6961
f 6948 6961 6960
f 6949 6950 6962
f 6949 6962 6961
f 6950 6951 6963
f 6950 6963 6962
f 6951 6952 6964
f 6951 6964 6963
f 6952 6953 6965
f 6952 6965 6964
f 6953 6954 6966
f 6953 6966 6965
f 6954 6955 6967
f 6954 6967 6966
f 6955 6956 6968
f 6955 6968 6967
f 6956 6945 6957
f 6956 6957 6968
f 6957 6958 6970
f 6957 6970 6969
f 6958 6959 6971
f 6958 6971 6970
f 6959 6960 6972
f 6959 6972 6971
f 6960 6961 6973
f 6960 6973 6972
f 6961 6962 6974
f 6961 6974 6973
f 6962 6963 6975
f 6962 6975 6974
f 6963 6964 6976
f 6963 6976 6975
f 6964 6965 6977
f 6964 6977 6976
f 6965 6966 6978
f 6965 6978 6977
f 6966 6967 6979
f 6966 6979 6978
f 6967 6968 6980
f 6967 6980 6979
f 6968 6957 6969
f 6968 6969 6980
f 6969 6970 6982
f 6969 6982 6981
f 6970 6971 6983
f 6970 6983 6982
f 6971 6972 6984
f 6971 6984 6983
f 6972 6973 6985
f 6972 6985 6984
f 6973 6974 6986
f 6973 6986 6985
f 6974 6975 6987
f 6974 6987 6986
f 6975 6976 6988
f 6975 6988 6987
f 6976 6977 6989
f 6976 6989 6988
f 6977 6978 6990
f 6977 6990 6989
f 6978 6979 6991
f 6978 6991 6990
f 6979 6980 6992
f 6979 6992 6991
f 6980 6969 6981
f 6980 6981 6992
f 6981 6982 6994
f 6981 6994 6993
f 6982 6983 6995
f 6982 6995 6994
f 6983 6984 6996
f 6983 6996 6995
f 6984 6985 6997
f 6984 6997 6996
f 6985 6986 6998
f 6985 6998 6997
f 6986 6987 6999
f 6986 6999 6998
f 6987 6988 7000
f 6987 7000 6999
f 6988 6989 7001
f 6988 7001 7000
f 6989 6990 7002
f 6989 7002 7001
f 6990 6991 7003
f 6990 7003 7002
f 6991 6992 7004
f 6991 7004 7003
f 6992 6981 6993
f 6992 6993 7004
f 6993 6994 7006
f 6993 7006 7005
f 6994 6995 7007
f 6994 7007 7006
f 6995 6996 7008
f 6995 7008 7007
f 6996 6997 7009
f 6996 7009 7008
f 6997 6998 7010
f 6997 7010 7009
f 6998 6999 7011
f 6998 7011 7010
f 6999 7000 7012
f 6999 7012 7011
f 7000 7001 7013
f 7000 7013 7012
f 7001 7002 7014
f 7001 7014 7013
f 7002 7003 7015
f 7002 7015 7014
f 7003 7004 7016
f 7003 7016 7015
f 7004 6993 7005
f 7004 7005 7016
f 7005 7006 7018
f 7005 7018 7017
f 7006 7007 7019
f 7006 7019 7018
f 7007 7008 7020
f 7007 7020 7019
f 7008 7009 7021
f 7008 7021 7020
f 7009 7010 7022
f 7009 7022 7021
f 7010 7011 7023
f 7010 7023 7022
f 7011 7012 7024
f 7011 7024 7023
f 7012 7013 7025
f 7012 7025 7024
f 7013 7014 7026
f 7013 7026 7025
f 7014 7015 7027
f 7014 7027 7026
f 7015 7016 7028
f 7015 7028 7027
f 7016 7005 7017
f 7016 7017 7028
f 7017 7018 7030
f 7017 7030 7029
f 7018 7019 7031
f 7018 7031 7030
f 7019 7020 7032
f 7019 7032 7031
f 7020 7021 7033
f 7020 7033 7032
f 7021 7022 7034
f 7021 7034 7033
f 7022 7023 7035
f 7022 7035 7034
f 7023 7024 7036
f 7023 7036 7035
f 7024 7025 7037
f 7024 7037 7036
f 7025 7026 7038
f 7025 7038 7037
f 7026 7027 7039
f 7026 7039 7038
f 7027 7028 7040
f 7027 7040 7039
f 7028 7017 7029
f 7028 7029 7040
f 7029 7030 7042
f 7029 7042 7041
f 7030 7031 7043
f 7030 7043 7042
f 7031 7032 7044
f 7031 7044 7043
f 7032 7033 7045
f 7032 7045 7044
f 7033 7034 7046
f 7033 7046 7045
f 7034 7035 7047
f 7034 7047 7046
f 7035 7036 7048
f 7035 7048 7047
f 7036 7037 7049
f 7036 7049 7048
f 7037 7038 7050
f 7037 7050 7049
f 7038 7039 7051
f 7038 7051 7050
f 7039 7040 7052
f 7039 7052 7051
f 7040 7029 7041
f 7040 7041 7052
f 7041 7042 7054
f 7041 7054 7053
f 7042 7043 7055
f 7042 7055 7054
f 7043 7044 7056
f 7043 7056 7055
f 7044 7045 7057
f 7044 7057 7056
f 7045 7046 7058
f 7045 7058 7057
f 7046 7047 7059
f 7046 7059 7058
f 7047 7048 7060
f 7047 7060 7059
f 7048 7049 7061
f 7048 7061 7060
f 7049 7050 7062
f 7049 7062 7061
f 7050 7051 7063
f 7050 7063 7062
f 7051 7052 7064
f 7051 7064 7063
f 7052 7041 7053
f 7052 7053 7064
o bronze_finger_R_2
g bronze_finger_R_2
f 7065 7066 7078
f 7065 7078 7077
f 7066 7067 7079
f 7066 7079 7078
f 7067 7068 7080
f 7067 7080 7079
f 7068 7069 7081
f 7068 7081 7080
f 7069 7070 7082
f 7069 7082 7081
f 7070 7071 7083
f 7070 7083 7082
f 7071 7072 7084
f 7071 7084 7083
f 7072 7073 7085
f 7072 7085 7084
f 7073 7074 7086
f 7073 7086 7085
f 7074 7075 7087
f 7074 7087 7086
f 7075 7076 7088
f 7075 7088 7087
f 7076 7065 7077
f 7076 7077 7088
f 7077 7078 7090
f 7077 7090 7089
f 7078 7079 7091
f 7078 7091 7090
f 7079 7080 7092
f 7079 7092 7091
f 7080 7081 7093
f 7080 7093 7092
f 7081 7082 7094
f 7081 7094 7093
f 7082 7083 7095
f 7082 7095 7094
f 7083 7084 7096
f 7083 7096 7095
f 7084 7085 7097
f 7084 7097 7096
f 7085 7086 7098
f 7085 7098 7097
f 7086 7087 7099
f 7086 7099 7098
f 7087 7088 7100
f 7087 7100 7099
f 7088 7077 7089
f 7088 7089 7100
f 7089 7090 7102
f 7089 7102 7101
f 7090 7091 7103
f 7090 7103 7102
f 7091 7092 7104
f 7091 7104 7103
f 7092 7093 7105
f 7092 7105 7104
f 7093 7094 7106
f 7093 7106 7105
f 7094 7095 7107
f 7094 7107 7106
f 7095 7096 7108
f 7095 7108 7107
f 7096 7097 7109
f 7096 7109 7108
f 7097 7098 7110
f 7097 7110 7109
f 7098 7099 7111
f 7098 7111 7110
f 7099 7100 7112
f 7099 7112 7111
f 7100 7089 7101
f 7100 7101 7112
f 7101 7102 7114
f 7101 7114 7113
f 7102 7103 7115
f 7102 7115 7114
f 7103 7104 7116
f 7103 7116 7115
f 7104 7105 7117
f 7104 7117 7116
f 7105 7106 7118
f 7105 7118 7117
f 7106 7107 7119
f 7106 7119 7118
f 7107 7108 7120
f 7107 7120 7119
f 7108 7109 7121
f 7108 7121 7120
f 7109 7110 7122
f 7109 7122 7121
f 7110 7111 7123
f 7110 7123 7122
f 7111 7112 7124
f 7111 7124 7123
f 7112 7101 7113
f 7112 7113 7124
f 7113 7114 7126
f 7113 7126 7125
f 7114 7115 7127
f 7114 7127 7126
f 7115 7116 7128
f 7115 7128 7127
f 7116 7117 7129
f 7116 7129 7128
f 7117 7118 7130
f 7117 7130 7129
f 7118 7119 7131
f 7118 7131 7130
f 7119 7120 7132
f 7119 7132 7131
f 7120 7121 7133
f 7120 7133 7132
f 7121 7122 7134
f 7121 7134 7133
f 7122 7123 7135
f 7122 7135 7134
f 7123 7124 7136
f 7123 7136 7135
f 7124 7113 7125
f 7124 7125 7136
f 7125 7126 7138
f 7125 7138 7137
f 7126 7127 7139
f 7126 7139 7138
f 7127 7128 7140
f 7127 7140 7139
f 7128 7129 7141
f 7128 7141 7140
f 7129 7130 7142
f 7129 7142 7141
f 7130 7131 7143
f 7130 7143 7142
f 7131 7132 7144
f 7131 7144 7143
f 7132 7133 7145
f 7132 7145 7144
f 7133 7134 7146
f 7133 7146 7145
f 7134 7135 7147
f 7134 7147 7146
f 7135 7136 7148
f 7135 7148 7147
f 7136 7125 7137
f 7136 7137 7148
f 7137 7138 7150
f 7137 7150 7149
f 7138 7139 7151
f 7138 7151 7150
f 7139 7140 7152
f 7139 7152 7151
f 7140 7141 7153
f 7140 7153 7152
f 7141 7142 7154
f 7141 7154 7153
f 7142 7143 7155
f 7142 7155 7154
f 7143 7144 7156
f 7143 7156 7155
f 7144 7145 7157
f 7144 7157 7156
f 7145 7146 7158
f 7145 7158 7157
f 7146 7147 7159
f 7146 7159 7158
f 7147 7148 7160
f 7147 7160 7159
f 7148 7137 7149
f 7148 7149 7160
f 7149 7150 7162
f 7149 7162 7161
f 7150 7151 7163
f 7150 7163 7162
f 7151 7152 7164
f 7151 7164 7163
f 7152 7153 7165
f 7152 7165 7164
f 7153 7154 7166
f 7153 7166 7165
f 7154 7155 7167
f 7154 7167 7166
f 7155 7156 7168
f 7155 7168 7167
f 7156 7157 7169
f 7156 7169 7168
f 7157 7158 7170
f 7157 7170 7169
f 7158 7159 7171
f 7158 7171 7170
f 7159 7160 7172
f 7159 7172 7171
f 7160 7149 7161
f 7160 7161 7172
f 7161 7162 7174
f 7161 7174 7173
f 7162 7163 7175
f 7162 7175 7174
f 7163 7164 7176
f 7163 7176 7175
f 7164 7165 7177
f 7164 7177 7176
f 7165 7166 7178
f 7165 7178 7177
f 7166 7167 7179
f 7166 7179 7178
f 7167 7168 7180
f 7167 7180 7179
f 7168 7169 7181
f 7168 7181 7180
f 7169 7170 7182
f 7169 7182 7181
f 7170 7171 7183
f 7170 7183 7182
f 7171 7172 7184
f 7171 7184 7183
f 7172 7161 7173
f 7172 7173 7184
f 7173 7174 7186
f 7173 7186 7185
f 7174 7175 7187
f 7174 7187 7186
f 7175 7176 7188
f 7175 7188 7187
f 7176 7177 7189
f 7176 7189 7188
f 7177 7178 7190
f 7177 7190 7189
f 7178 7179 7191
f 7178 7191 7190
f 7179 7180 7192
f 7179 7192 7191
f 7180 7181 7193
f 7180 7193 7192
f 7181 7182 7194
f 7181 7194 7193
f 7182 7183 7195
f 7182 7195 7194
f 7183 7184 7196
f 7183 7196 7195
f 7184 7173 7185
f 7184 7185 7196
f 7185 7186 7198
f 7185 7198 7197
f 7186 7187 7199
f 7186 7199 7198
f 7187 7188 7200
f 7187 7200 7199
f 7188 7189 7201
f 7188 7201 7200
f 7189 7190 7202
f 7189 7202 7201
f 7190 7191 7203
f 7190 7203 7202
f 7191 7192 7204
f 7191 7204 7203
f 7192 7193 7205
f 7192 7205 7204
f 7193 7194 7206
f 7193 7206 7205
f 7194 7195 7207
f 7194 7207 7206
f 7195 7196 7208
f 7195 7208 7207
f 7196 7185 7197
f 7196 7197 7208
o bronze_leg_L
g bronze_leg_L
f 7209 7210 7234
f 7209 7234 7233
f 7210 7211 7235
f 7210 7235 7234
f 7211 7212 7236
f 7211 7236 7235
f 7212 7213 7237
f 7212 7237 7236
f 7213 7214 7238
f 7213 7238 7237
f 7214 7215 7239
f 7214 7239 7238
f 7215 7216 7240
f 7215 7240 7239
f 7216 7217 7241
f 7216 7241 7240
f 7217 7218 7242
f 7217 7242 7241
f 7218 7219 7243
f 7218 7243 7242
f 7219 7220 7244
f 7219 7244 7243
f 7220 7221 7245
f 7220 7245 7244
f 7221 7222 7246
f 7221 7246 7245
f 7222 7223 7247
f 7222 7247 7246
f 7223 7224 7248
f 7223 7248 7247
f 7224 7225 7249
f 7224 7249 7248
f 7225 7226 7250
f 7225 7250 7249
f 7226 7227 7251
f 7226 7251 7250
f 7227 7228 7252
f 7227 7252 7251
f 7228 7229 7253
f 7228 7253 7252
f 7229 7230 7254
f 7229 7254 7253
f 7230 7231 7255
f 7230 7255 7254
f 7231 7232 7256
f 7231 7256 7255
f 7232 7209 7233
f 7232 7233 7256
f 7233 7234 7258
f 7233 7258 7257
f 7234 7235 7259
f 7234 7259 7258
f 7235 7236 7260
f 7235 7260 7259
f 7236 7237 7261
f 7236 7261 7260
f 7237 7238 7262
f 7237 7262 7261
f 7238 7239 7263
f 7238 7263 7262
f 7239 7240 7264
f 7239 7264 7263
f 7240 7241 7265
f 7240 7265 7264
f 7241 7242 7266
f 7241 7266 7265
f 7242 7243 7267
f 7242 7267 7266
f 7243 7244 7268
f 7243 7268 7267
f 7244 7245 7269
f 7244 7269 7268
f 7245 7246 7270
f 7245 7270 7269
f 7246 7247 7271
f 7246 7271 7270
f 7247 7248 7272
f 7247 7272 7271
f 7248 7249 7273
f 7248 7273 7272
f 7249 7250 7274
f 7249 7274 7273
f 7250 7251 7275
f 7250 7275 7274
f 7251 7252 7276
f 7251 7276 7275
f 7252 7253 7277
f 7252 7277 7276
f 7253 7254 7278
f 7253 7278 7277
f 7254 7255 7279
f 7254 7279 7278
f 7255 7256 7280
f 7255 7280 7279
f 7256 7233 7257
f 7256 7257 7280
f 7257 7258 7282
f 7257 7282 7281
f 7258 7259 7283
f 7258 7283 7282
f 7259 7260 7284
f 7259 7284 7283
f 7260 7261 7285
f 7260 7285 7284
f 7261 7262 7286
f 7261 7286 7285
f 7262 7263 7287
f 7262 7287 7286
f 7263 7264 7288
f 7263 7288 7287
f 7264 7265 7289
f 7264 7289 7288
f 7265 7266 7290
f 7265 7290 7289
f 7266 7267 7291
f 7266 7291 7290
f 7267 7268 7292
f 7267 7292 7291
f 7268 7269 7293
f 7268 7293 7292
f 7269 7270 7294
f 7269 7294 7293
f 7270 7271 7295
f 7270 7295 7294
f 7271 7272 7296
f 7271 7296 7295
f 7272 7273 7297
f 7272 7297 7296
f 7273 7274 7298
f 7273 7298 7297
f 7274 7275 7299
f 7274 7299 7298
f 7275 7276 7300
f 7275 7300 7299
f 7276 7277 7301
f 7276 7301 7300
f 7277 7278 7302
f 7277 7302 7301
f 7278 7279 7303
f 7278 7303 7302
f 7279 7280 7304
f 7279 7304 7303
f 7280 7257 7281
f 7280 7281 7304
f 7281 7282 7306
f 7281 7306 7305
f 7282 7283 7307
f 7282 7307 7306
f 7283 7284 7308
f 7283 7308 7307
f 7284 7285 7309
f 7284 7309 7308
f 7285 7286 7310
f 7285 7310 7309
f 7286 7287 7311
f 7286 7311 7310
f 7287 7288 7312
f 7287 7312 7311
f 7288 7289 7313
f 7288 7313 7312
f 7289 7290 7314
f 7289 7314 7313
f 7290 7291 7315
f 7290 7315 7314
f 7291 7292 7316
f 7291 7316 7315
f 7292 7293 7317
f 7292 7317 7316
f 7293 7294 7318
f 7293 7318 7317
f 7294 7295 7319
f 7294 7319 7318
f 7295 7296 7320
f 7295 7320 7319
f 7296 7297 7321
f 7296 7321 7320
f 7297 7298 7322
f 7297 7322 7321
f 7298 7299 7323
f 7298 7323 7322
f 7299 7300 7324
f 7299 7324 7323
f 7300 7301 7325
f 7300 7325 7324
f 7301 7302 7326
f 7301 7326 7325
f 7302 7303 7327
f 7302 7327 7326
f 7303 7304 7328
f 7303 7328 7327
f 7304 7281 7305
f 7304 7305 7328
f 7305 7306 7330
f 7305 7330 7329
f 7306 7307 7331
f 7306 7331 7330
f 7307 7308 7332
f 7307 7332 7331
f 7308 7309 7333
f 7308 7333 7332
f 7309 7310 7334
f 7309 7334 7333
f 7310 7311 7335
f 7310 7335 7334
f 7311 7312 7336
f 7311 7336 7335
f 7312 7313 7337
f 7312 7337 7336
f 7313 7314 7338
f 7313 7338 7337
f 7314 7315 7339
f 7314 7339 7338
f 7315 7316 7340
f 7315 7340 7339
f 7316 7317 7341
f 7316 7341 7340
f 7317 7318 7342
f 7317 7342 7341
f 7318 7319 7343
f 7318 7343 7342
f 7319 7320 7344
f 7319 7344 7343
f 7320 7321 7345
f 7320 7345 7344
f 7321 7322 7346
f 7321 7346 7345
f 7322 7323 7347
f 7322 7347 7346
f 7323 7324 7348
f 7323 7348 7347
f 7324 7325 7349
f 7324 7349 7348
f 7325 7326 7350
f 7325 7350 7349
f 7326 7327 7351
f 7326 7351 7350
f 7327 7328 7352
f 7327 7352 7351
f 7328 7305 7329
f 7328 7329 7352
f 7329 7330 7354
f 7329 7354 7353
f 7330 7331 7355
f 7330 7355 7354
f 7331 7332 7356
f 7331 7356 7355
f 7332 7333 7357
f 7332 7357 7356
f 7333 7334 7358
f 7333 7358 7357
f 7334 7335 7359
f 7334 7359 7358
f 7335 7336 7360
f 7335 7360 7359
f 7336 7337 7361
f 7336 7361 7360
f 7337 7338 7362
f 7337 7362 7361
f 7338 7339 7363
f 7338 7363 7362
f 7339 7340 7364
f 7339 7364 7363
f 7340 7341 7365
f 7340 7365 7364
f 7341 7342 7366
f 7341 7366 7365
f 7342 7343 7367
f 7342 7367 7366
f 7343 7344 7368
f 7343 7368 7367
f 7344 7345 7369
f 7344 7369 7368
f 7345 7346 7370
f 7345 7370 7369
f 7346 7347 7371
f 7346 7371 7370
f 7347 7348 7372
f 7347 7372 7371
f 7348 7349 7373
f 7348 7373 7372
f 7349 7350 7374
f 7349 7374 7373
f 7350 7351 7375
f 7350 7375 7374
f 7351 7352 7376
f 7351 7376 7375
f 7352 7329 7353
f 7352 7353 7376
f 7353 7354 7378
f 7353 7378 7377
f 7354 7355 7379
f 7354 7379 7378
f 7355 7356 7380
f 7355 7380 7379
f 7356 7357 7381
f 7356 7381 7380
f 7357 7358 7382
f 7357 7382 7381
f 7358 7359 7383
f 7358 7383 7382
f 7359 7360 7384
f 7359 7384 7383
f 7360 7361 7385
f 7360 7385 7384
f 7361 7362 7386
f 7361 7386 7385
f 7362 7363 7387
f 7362 7387 7386
f 7363 7364 7388
f 7363 7388 7387
f 7364 7365 7389
f 7364 7389 7388
f 7365 7366 7390
f 7365 7390 7389
f 7366 7367 7391
f 7366 7391 7390
f 7367 7368 7392
f 7367 7392 7391
f 7368 7369 7393
f 7368 7393 7392
f 7369 7370 7394
f 7369 7394 7393
f 7370 7371 7395
f 7370 7395 7394
f 7371 7372 7396
f 7371 7396 7395
f 7372 7373 7397
f 7372 7397 7396
f 7373 7374 7398
f 7373 7398 7397
f 7374 7375 7399
f 7374 7399 7398
f 7375 7376 7400
f 7375 7400 7399
f 7376 7353 7377
f 7376 7377 7400
f 7377 7378 7402
f 7377 7402 7401
f 7378 7379 7403
f 7378 7403 7402
f 7379 7380 7404
f 7379 7404 7403
f 7380 7381 7405
f 7380 7405 7404
f 7381 7382 7406
f 7381 7406 7405
f 7382 7383 7407
f 7382 7407 7406
f 7383 7384 7408
f 7383 7408 7407
f 7384 7385 7409
f 7384 7409 7408
f 7385 7386 7410
f 7385 7410 7409
f 7386 7387 7411
f 7386 7411 7410
f 7387 7388 7412
f 7387 7412 7411
f 7388 7389 7413
f 7388 7413 7412
f 7389 7390 7414
f 7389 7414 7413
f 7390 7391 7415
f 7390 7415 7414
f 7391 7392 7416
f 7391 7416 7415
f 7392 7393 7417
f 7392 7417 7416
f 7393 7394 7418
f 7393 7418 7417
f 7394 7395 7419
f 7394 7419 7418
f 7395 7396 7420
f 7395 7420 7419
f 7396 7397 7421
f 7396 7421 7420
f 7397 7398 7422
f 7397 7422 7421
f 7398 7399 7423
f 7398 7423 7422
f 7399 7400 7424
f 7399 7424 7423
f 7400 7377 7401
f 7400 7401 7424
f 7401 7402 7426
f 7401 7426 7425
f 7402 7403 7427
f 7402 7427 7426
f 7403 7404 7428
f 7403 7428 7427
f 7404 7405 7429
f 7404 7429 7428
f 7405 7406 7430
f 7405 7430 7429
f 7406 7407 7431
f 7406 7431 7430
f 7407 7408 7432
f 7407 7432 7431
f 7408 7409 7433
f 7408 7433 7432
f 7409 7410 7434
f 7409 7434 7433
f 7410 7411 7435
f 7410 7435 7434
f 7411 7412 7436
f 7411 7436 7435
f 7412 7413 7437
f 7412 7437 7436
f 7413 7414 7438
f 7413 7438 7437
f 7414 7415 7439
f 7414 7439 7438
f 7415 7416 7440
f 7415 7440 7439
f 7416 7417 7441
f 7416 7441 7440
f 7417 7418 7442
f 7417 7442 7441
f 7418 7419 7443
f 7418 7443 7442
f 7419 7420 7444
f 7419 7444 7443
f 7420 7421 7445
f 7420 7445 7444
f 7421 7422 7446
f 7421 7446 7445
f 7422 7423 7447
f 7422 7447 7446
f 7423 7424 7448
f 7423 7448 7447
f 7424 7401 7425
f 7424 7425 7448
f 7425 7426 7450
f 7425 7450 7449
f 7426 7427 7451
f 7426 7451 7450
f 7427 7428 7452
f 7427 7452 7451
f 7428 7429 7453
f 7428 7453 7452
f 7429 7430 7454
f 7429 7454 7453
f 7430 7431 7455
f 7430 7455 7454
f 7431 7432 7456
f 7431 7456 7455
f 7432 7433 7457
f 7432 7457 7456
f 7433 7434 7458
f 7433 7458 7457
f 7434 7435 7459
f 7434 7459 7458
f 7435 7436 7460
f 7435 7460 7459
f 7436 7437 7461
f 7436 7461 7460
f 7437 7438 7462
f 7437 7462 7461
f 7438 7439 7463
f 7438 7463 7462
f 7439 7440 7464
f 7439 7464 7463
f 7440 7441 7465
f 7440 7465 7464
f 7441 7442 7466
f 7441 7466 7465
f 7442 7443 7467
f 7442 7467 7466
f 7443 7444 7468
f 7443 7468 7467
f 7444 7445 7469
f 7444 7469 7468
f 7445 7446 7470
f 7445 7470 7469
f 7446 7447 7471
f 7446 7471 7470
f 7447 7448 7472
f 7447 7472 7471
f 7448 7425 7449
f 7448 7449 7472
f 7449 7450 7474
f 7449 7474 7473
f 7450 7451 7475
f 7450 7475 7474
f 7451 7452 7476
f 7451 7476 7475
f 7452 7453 7477
f 7452 7477 7476
f 7453 7454 7478
f 7453 7478 7477
f 7454 7455 7479
f 7454 7479 7478
f 7455 7456 7480
f 7455 7480 7479
f 7456 7457 7481
f 7456 7481 7480
f 7457 7458 7482
f 7457 7482 7481
f 7458 7459 7483
f 7458 7483 7482
f 7459 7460 7484
f 7459 7484 7483
f 7460 7461 7485
f 7460 7485 7484
f 7461 7462 7486
f 7461 7486 7485
f 7462 7463 7487
f 7462 7487 7486
f 7463 7464 7488
f 7463 7488 7487
f 7464 7465 7489
f 7464 7489 7488
f 7465 7466 7490
f 7465 7490 7489
f 7466 7467 7491
f 7466 7491 7490
f 7467 7468 7492
f 7467 7492 7491
f 7468 7469 7493
f 7468 7493 7492
f 7469 7470 7494
f 7469 7494 7493
f 7470 7471 7495
f 7470 7495 7494
f 7471 7472 7496
f 7471 7496 7495
f 7472 7449 7473
f 7472 7473 7496
o bronze_leg_R
g bronze_leg_R
f 7497 7498 7522
f 7497 7522 7521
f 7498 7499 7523
f 7498 7523 7522
f 7499 7500 7524
f 7499 7524 7523
f 7500 7501 7525
f 7500 7525 7524
f 7501 7502 7526
f 7501 7526 7525
f 7502 7503 7527
f 7502 7527 7526
f 7503 7504 7528
f 7503 7528 7527
f 7504 7505 7529
f 7504 7529 7528
f 7505 7506 7530
f 7505 7530 7529
f 7506 7507 7531
f 7506 7531 7530
f 7507 7508 7532
f 7507 7532 7531
f 7508 7509 7533
f 7508 7533 7532
f 7509 7510 7534
f 7509 7534 7533
f 7510 7511 7535
f 7510 7535 7534
f 7511 7512 7536
f 7511 7536 7535
f 7512 7513 7537
f 7512 7537 7536
f 7513 7514 7538
f 7513 7538 7537
f 7514 7515 7539
f 7514 7539 7538
f 7515 7516 7540
f 7515 7540 7539
f 7516 7517 7541
f 7516 7541 7540
f 7517 7518 7542
f 7517 7542 7541
f 7518 7519 7543
f 7518 7543 7542
f 7519 7520 7544
f 7519 7544 7543
f 7520 7497 7521
f 7520 7521 7544
f 7521 7522 7546
f 7521 7546 7545
f 7522 7523 7547
f 7522 7547 7546
f 7523 7524 7548
f 7523 7548 7547
f 7524 7525 7549
f 7524 7549 7548
f 7525 7526 7550
f 7525 7550 7549
f 7526 7527 7551
f 7526 7551 7550
f 7527 7528 7552
f 7527 7552 7551
f 7528 7529 7553
f 7528 7553 7552
f 7529 7530 7554
f 7529 7554 7553
f 7530 7531 7555
f 7530 7555 7554
f 7531 7532 7556
f 7531 7556 7555
f 7532 7533 7557
f 7532 7557 7556
f 7533 7534 7558
f 7533 7558 7557
f 7534 7535 7559
f 7534 7559 7558
f 7535 7536 7560
f 7535 7560 7559
f 7536 7537 7561
f 7536 7561 7560
f 7537 7538 7562
f 7537 7562 7561
f 7538 7539 7563
f 7538 7563 7562
f 7539 7540 7564
f 7539 7564 7563
f 7540 7541 7565
f 7540 7565 7564
f 7541 7542 7566
f 7541 7566 7565
f 7542 7543 7567
f 7542 7567 7566
f 7543 7544 7568
f 7543 7568 7567
f 7544 7521 7545
f 7544 7545 7568
f 7545 7546 7570
f 7545 7570 7569
f 7546 7547 7571
f 7546 7571 7570
f 7547 7548 7572
f 7547 7572 7571
f 7548 7549 7573
f 7548 7573 7572
f 7549 7550 7574
f 7549 7574 7573
f 7550 7551 7575
f 7550 7575 7574
f 7551 7552 7576
f 7551 7576 7575
f 7552 7553 7577
f 7552 7577 7576
f 7553 7554 7578
f 7553 7578 7577
f 7554 7555 7579
f 7554 7579 7578
f 7555 7556 7580
f 7555 7580 7579
f 7556 7557 7581
f 7556 7581 7580
f 7557 7558 7582
f 7557 7582 7581
f 7558 7559 7583
f 7558 7583 7582
f 7559 7560 7584
f 7559 7584 7583
f 7560 7561 7585
f 7560 7585 7584
f 7561 7562 7586
f 7561 7586 7585
f 7562 7563 7587
f 7562 7587 7586
f 7563 7564 7588
f 7563 7588 7587
f 7564 7565 7589
f 7564 7589 7588
f 7565 7566 7590
f 7565 7590 7589
f 7566 7567 7591
f 7566 7591 7590
f 7567 7568 7592
f 7567 7592 7591
f 7568 7545 7569
f 7568 7569 7592
f 7569 7570 7594
f 7569 7594 7593
f 7570 7571 7595
f 7570 7595 7594
f 7571 7572 7596
f 7571 7596 7595
f 7572 7573 7597
f 7572 7597 7596
f 7573 7574 7598
f 7573 7598 7597
f 7574 7575 7599
f 7574 7599 7598
f 7575 7576 7600
f 7575 7600 7599
f 7576 7577 7601
f 7576 7601 7600
f 7577 7578 7602
f 7577 7602 7601
f 7578 7579 7603
f 7578 7603 7602
f 7579 7580 7604
f 7579 7604 7603
f 7580 7581 7605
f 7580 7605 7604
f 7581 7582 7606
f 7581 7606 7605
f 7582 7583 7607
f 7582 7607 7606
f 7583 7584 7608
f 7583 7608 7607
f 7584 7585 7609
f 7584 7609 7608
f 7585 7586 7610
f 7585 7610 7609
f 7586 7587 7611
f 7586 7611 7610
f 7587 7588 7612
f 7587 7612 7611
f 7588 7589 7613
f 7588 7613 7612
f 7589 7590 7614
f 7589 7614 7613
f 7590 7591 7615
f 7590 7615 7614
f 7591 7592 7616
f 7591 7616 7615
f 7592 7569 7593
f 7592 7593 7616
f 7593 7594 7618
f 7593 7618 7617
f 7594 7595 7619
f 7594 7619 7618
f 7595 7596 7620
f 7595 7620 7619
f 7596 7597 7621
f 7596 7621 7620
f 7597 7598 7622
f 7597 7622 7621
f 7598 7599 7623
f 7598 7623 7622
f 7599 7600 7624
f 7599 7624 7623
f 7600 7601 7625
f 7600 7625 7624
f 7601 7602 7626
f 7601 7626 7625
f 7602 7603 7627
f 7602 7627 7626
f 7603 7604 7628
f 7603 7628 7627
f 7604 7605 7629
f 7604 7629 7628
f 7605 7606 7630
f 7605 7630 7629
f 7606 7607 7631
f 7606 7631 7630
f 7607 7608 7632
f 7607 7632 7631
f 7608 7609 7633
f 7608 7633 7632
f 7609 7610 7634
f 7609 7634 7633
f 7610 7611 7635
f 7610 7635 7634
f 7611 7612 7636
f 7611 7636 7635
f 7612 7613 7637
f 7612 7637 7636
f 7613 7614 7638
f 7613 7638 7637
f 7614 7615 7639
f 7614 7639 7638
f 7615 7616 7640
f 7615 7640 7639
f 7616 7593 7617
f 7616 7617 7640
f 7617 7618 7642
f 7617 7642 7641
f 7618 7619 7643
f 7618 7643 7642
f 7619 7620 7644
f 7619 7644 7643
f 7620 7621 7645
f 7620 7645 7644
f 7621 7622 7646
f 7621 7646 7645
f 7622 7623 7647
f 7622 7647 7646
f 7623 7624 7648
f 7623 7648 7647
f 7624 7625 7649
f 7624 7649 7648
f 7625 7626 7650
f 7625 7650 7649
f 7626 7627 7651
f 7626 7651 7650
f 7627 7628 7652
f 7627 7652 7651
f 7628 7629 7653
f 7628 7653 7652
f 7629 7630 7654
f 7629 7654 7653
f 7630 7631 7655
f 7630 7655 7654
f 7631 7632 7656
f 7631 7656 7655
f 7632 7633 7657
f 7632 7657 7656
f 7633 7634 7658
f 7633 7658 7657
f 7634 7635 7659
f 7634 7659 7658
f 7635 7636 7660
f 7635 7660 7659
f 7636 7637 7661
f 7636 7661 7660
f 7637 7638 7662
f 7637 7662 7661
f 7638 7639 7663
f 7638 7663 7662
f 7639 7640 7664
f 7639 7664 7663
f 7640 7617 7641
f 7640 7641 7664
f 7641 7642 7666
f 7641 7666 7665
f 7642 7643 7667
f 7642 7667 7666
f 7643 7644 7668
f 7643 7668 7667
f 7644 7645 7669
f 7644 7669 7668
f 7645 7646 7670
f 7645 7670 7669
f 7646 7647 7671
f 7646 7671 7670
f 7647 7648 7672
f 7647 7672 7671
f 7648 7649 7673
f 7648 7673 7672
f 7649 7650 7674
f 7649 7674 7673
f 7650 7651 7675
f 7650 7675 7674
f 7651 7652 7676
f 7651 7676 7675
f 7652 7653 7677
f 7652 7677 7676
f 7653 7654 7678
f 7653 7678 7677
f 7654 7655 7679
f 7654 7679 7678
f 7655 7656 7680
f 7655 7680 7679
f 7656 7657 7681
f 7656 7681 7680
f 7657 7658 7682
f 7657 7682 7681
f 7658 7659 7683
f 7658 7683 7682
f 7659 7660 7684
f 7659 7684 7683
f 7660 7661 7685
f 7660 7685 7684
f 7661 7662 7686
f 7661 7686 7685
f 7662 7663 7687
f 7662 7687 7686
f 7663 7664 7688
f 7663 7688 7687
f 7664 7641 7665
f 7664 7665 7688
f 7665 7666 7690
f 7665 7690 7689
f 7666 7667 7691
f 7666 7691 7690
f 7667 7668 7692
f 7667 7692 7691
f 7668 7669 7693
f 7668 7693 7692
f 7669 7670 7694
f 7669 7694 7693
f 7670 7671 7695
f 7670 7695 7694
f 7671 7672 7696
f 7671 7696 7695
f 7672 7673 7697
f 7672 7697 7696
f 7673 7674 7698
f 7673 7698 7697
f 7674 7675 7699
f 7674 7699 7698
f 7675 7676 7700
f 7675 7700 7699
f 7676 7677 7701
f 7676 7701 7700
f 7677 7678 7702
f 7677 7702 7701
f 7678 7679 7703
f 7678 7703 7702
f 7679 7680 7704
f 7679 7704 7703
f 7680 7681 7705
f 7680 7705 7704
f 7681 7682 7706
f 7681 7706 7705
f 7682 7683 7707
f 7682 7707 7706
f 7683 7684 7708
f 7683 7708 7707
f 7684 7685 7709
f 7684 7709 7708
f 7685 7686 7710
f 7685 7710 7709
f 7686 7687 7711
f 7686 7711 7710
f 7687 7688 7712
f 7687 7712 7711
f 7688 7665 7689
f 7688 7689 7712
f 7689 7690 7714
f 7689 7714 7713
f 7690 7691 7715
f 7690 7715 7714
f 7691 7692 7716
f 7691 7716 7715
f 7692 7693 7717
f 7692 7717 7716
f 7693 7694 7718
f 7693 7718 7717
f 7694 7695 7719
f 7694 7719 7718
f 7695 7696 7720
f 7695 7720 7719
f 7696 7697 7721
f 7696 7721 7720
f 7697 7698 7722
f 7697 7722 7721
f 7698 7699 7723
f 7698 7723 7722
f 7699 7700 7724
f 7699 7724 7723
f 7700 7701 7725
f 7700 7725 7724
f 7701 7702 7726
f 7701 7726 7725
f 7702 7703 7727
f 7702 7727 7726
f 7703 7704 7728
f 7703 7728 7727
f 7704 7705 7729
f 7704 7729 7728
f 7705 7706 7730
f 7705 7730 7729
f 7706 7707 7731
f 7706 7731 7730
f 7707 7708 7732
f 7707 7732 7731
f 7708 7709 7733
f 7708 7733 7732
f 7709 7710 7734
f 7709 7734 7733
f 7710 7711 7735
f 7710 7735 7734
f 7711 7712 7736
f 7711 7736 7735
f 7712 7689 7713
f 7712 7713 7736
f 7713 7714 7738
f 7713 7738 7737
f 7714 7715 7739
f 7714 7739 7738
f 7715 7716 7740
f 7715 7740 7739
f 7716 7717 7741
f 7716 7741 7740
f 7717 7718 7742
f 7717 7742 7741
f 7718 7719 7743
f 7718 7743 7742
f 7719 7720 7744
f 7719 7744 7743
f 7720 7721 7745
f 7720 7745 7744
f 7721 7722 7746
f 7721 7746 7745
f 7722 7723 7747
f 7722 7747 7746
f 7723 7724 7748
f 7723 7748 7747
f 7724 7725 7749
f 7724 7749 7748
f 7725 7726 7750
f 7725 7750 7749
f 7726 7727 7751
f 7726 7751 7750
f 7727 7728 7752
f 7727 7752 7751
f 7728 7729 7753
f 7728 7753 7752
f 7729 7730 7754
f 7729 7754 7753
f 7730 7731 7755
f 7730 7755 7754
f 7731 7732 7756
f 7731 7756 7755
f 7732 7733 7757
f 7732 7757 7756
f 7733 7734 7758
f 7733 7758 7757
f 7734 7735 7759
f 7734 7759 7758
f 7735 7736 7760
f 7735 7760 7759
f 7736 7713 7737
f 7736 7737 7760
f 7737 7738 7762
f 7737 7762 7761
f 7738 7739 7763
f 7738 7763 7762
f 7739 7740 7764
f 7739 7764 7763
f 7740 7741 7765
f 7740 7765 7764
f 7741 7742 7766
f 7741 7766 7765
f 7742 7743 7767
f 7742 7767 7766
f 7743 7744 7768
f 7743 7768 7767
f 7744 7745 7769
f 7744 7769 7768
f 7745 7746 7770
f 7745 7770 7769
f 7746 7747 7771
f 7746 7771 7770
f 7747 7748 7772
f 7747 7772 7771
f 7748 7749 7773
f 7748 7773 7772
f 7749 7750 7774
f 7749 7774 7773
f 7750 7751 7775
f 7750 7775 7774
f 7751 7752 7776
f 7751 7776 7775
f 7752 7753 7777
f 7752 7777 7776
f 7753 7754 7778
f 7753 7778 7777
f 7754 7755 7779
f 7754 7779 7778
f 7755 7756 7780
f 7755 7780 7779
f 7756 7757 7781
f 7756 7781 7780
f 7757 7758 7782
f 7757 7782 7781
f 7758 7759 7783
f 7758 7783 7782
f 7759 7760 7784
f 7759 7784 7783
f 7760 7737 7761
f 7760 7761 7784
o bronze_foot_L
g bronze_foot_L
f 7786 7814 7813
f 7787 7815 7814
f 7788 7816 7815
f 7789 7817 7816
f 7790 7818 7817
f 7791 7819 7818
f 7792 7820 7819
f 7793 7821 7820
f 7794 7822 7821
f 7795 7823 7822
f 7796 7824 7823
f 7797 7825 7824
f 7798 7826 7825
f 7799 7827 7826
f 7800 7828 7827
f 7801 7829 7828
f 7802 7830 7829
f 7803 7831 7830
f 7804 7832 7831
f 7805 7833 7832
f 7806 7834 7833
f 7807 7835 7834
f 7808 7836 7835
f 7809 7837 7836
f 7810 7838 7837
f 7811 7839 7838
f 7812 7840 7839
f 7785 7813 7840
f 7813 7814 7841
f 7814 7842 7841
f 7814 7815 7842
f 7815 7843 7842
f 7815 7816 7843
f 7816 7844 7843
f 7816 7817 7844
f 7817 7845 7844
f 7817 7818 7845
f 7818 7846 7845
f 7818 7819 7846
f 7819 7847 7846
f 7819 7820 7847
f 7820 7848 7847
f 7820 7821 7848
f 7821 7849 7848
f 7821 7822 7849
f 7822 7850 7849
f 7822 7823 7850
f 7823 7851 7850
f 7823 7824 7851
f 7824 7852 7851
f 7824 7825 7852
f 7825 7853 7852
f 7825 7826 7853
f 7826 7854 7853
f 7826 7827 7854
f 7827 7855 7854
f 7827 7828 7855
f 7828 7856 7855
f 7828 7829 7856
f 7829 7857 7856
f 7829 7830 7857
f 7830 7858 7857
f 7830 7831 7858
f 7831 7859 7858
f 7831 7832 7859
f 7832 7860 7859
f 7832 7833 7860
f 7833 7861 7860
f 7833 7834 7861
f 7834 7862 7861
f 7834 7835 7862
f 7835 7863 7862
f 7835 7836 7863
f 7836 7864 7863
f 7836 7837 7864
f 7837 7865 7864
f 7837 7838 7865
f 7838 7866 7865
f 7838 7839 7866
f 7839 7867 7866
f 7839 7840 7867
f 7840 7868 7867
f 7840 7813 7868
f 7813 7841 7868
f 7841 7842 7869
f 7842 7870 7869
f 7842 7843 7870
f 7843 7871 7870
f 7843 7844 7871
f 7844 7872 7871
f 7844 7845 7872
f 7845 7873 7872
f 7845 7846 7873
f 7846 7874 7873
f 7846 7847 7874
f 7847 7875 7874
f 7847 7848 7875
f 7848 7876 7875
f 7848 7849 7876
f 7849 7877 7876
f 7849 7850 7877
f 7850 7878 7877
f 7850 7851 7878
f 7851 7879 7878
f 7851 7852 7879
f 7852 7880 7879
f 7852 7853 7880
f 7853 7881 7880
f 7853 7854 7881
f 7854 7882 7881
f 7854 7855 7882
f 7855 7883 7882
f 7855 7856 7883
f 7856 7884 7883
f 7856 7857 7884
f 7857 7885 7884
f 7857 7858 7885
f 7858 7886 7885
f 7858 7859 7886
f 7859 7887 7886
f 7859 7860 7887
f 7860 7888 7887
f 7860 7861 7888
f 7861 7889 7888
f 7861 7862 7889
f 7862 7890 7889
f 7862 7863 7890
f 7863 7891 7890
f 7863 7864 7891
f 7864 7892 7891
f 7864 7865 7892
f 7865 7893 7892
f 7865 7866 7893
f 7866 7894 7893
f 7866 7867 7894
f 7867 7895 7894
f 7867 7868 7895
f 7868 7896 7895
f 7868 7841 7896
f 7841 7869 7896
f 7869 7870 7897
f 7870 7898 7897
f 7870 7871 7898
f 7871 7899 7898
f 7871 7872 7899
f 7872 7900 7899
f 7872 7873 7900
f 7873 7901 7900
f 7873 7874 7901
f 7874 7902 7901
f 7874 7875 7902
f 7875 7903 7902
f 7875 7876 7903
f 7876 7904 7903
f 7876 7877 7904
f 7877 7905 7904
f 7877 7878 7905
f 7878 7906 7905
f 7878 7879 7906
f 7879 7907 7906
f 7879 7880 7907
f 7880 7908 7907
f 7880 7881 7908
f 7881 7909 7908
f 7881 7882 7909
f 7882 7910 7909
f 7882 7883 7910
f 7883 7911 7910
f 7883 7884 7911
f 7884 7912 7911
f 7884 7885 7912
f 7885 7913 7912
f 7885 7886 7913
f 7886 7914 7913
f 7886 7887 7914
f 7887 7915 7914
f 7887 7888 7915
f 7888 7916 7915
f 7888 7889 7916
f 7889 7917 7916
f 7889 7890 7917
f 7890 7918 7917
f 7890 7891 7918
f 7891 7919 7918
f 7891 7892 7919
f 7892 7920 7919
f 7892 7893 7920
f 7893 7921 7920
f 7893 7894 7921
f 7894 7922 7921
f 7894 7895 7922
f 7895 7923 7922
f 7895 7896 7923
f 7896 7924 7923
f 7896 7869 7924
f 7869 7897 7924
f 7897 7898 7925
f 7898 7926 7925
f 7898 7899 7926
f 7899 7927 7926
f 7899 7900 7927
f 7900 7928 7927
f 7900 7901 7928
f 7901 7929 7928
f 7901 7902 7929
f 7902 7930 7929
f 7902 7903 7930
f 7903 7931 7930
f 7903 7904 7931
f 7904 7932 7931
f 7904 7905 7932
f 7905 7933 7932
f 7905 7906 7933
f 7906 7934 7933
f 7906 7907 7934
f 7907 7935 7934
f 7907 7908 7935
f 7908 7936 7935
f 7908 7909 7936
f 7909 7937 7936
f 7909 7910 7937
f 7910 7938 7937
f 7910 7911 7938
f 7911 7939 7938
f 7911 7912 7939
f 7912 7940 7939
f 7912 7913 7940
f 7913 7941 7940
f 7913 7914 7941
f 7914 7942 7941
f 7914 7915 7942
f 7915 7943 7942
f 7915 7916 7943
f 7916 7944 7943
f 7916 7917 7944
f 7917 7945 7944
f 7917 7918 7945
f 7918 7946 7945
f 7918 7919 7946
f 7919 7947 7946
f 7919 7920 7947
f 7920 7948 7947
f 7920 7921 7948
f 7921 7949 7948
f 7921 7922 7949
f 7922 7950 7949
f 7922 7923 7950
f 7923 7951 7950
f 7923 7924 7951
f 7924 7952 7951
f 7924 7897 7952
f 7897 7925 7952
f 7925 7926 7953
f 7926 7954 7953
f 7926 7927 7954
f 7927 7955 7954
f 7927 7928 7955
f 7928 7956 7955
f 7928 7929 7956
f 7929 7957 7956
f 7929 7930 7957
f 7930 7958 7957
f 7930 7931 7958
f 7931 7959 7958
f 7931 7932 7959
f 7932 7960 7959
f 7932 7933 7960
f 7933 7961 7960
f 7933 7934 7961
f 7934 7962 7961
f 7934 7935 7962
f 7935 7963 7962
f 7935 7936 7963
f 7936 7964 7963
f 7936 7937 7964
f 7937 7965 7964
f 7937 7938 7965
f 7938 7966 7965
f 7938 7939 7966
f 7939 7967 7966
f 7939 7940 7967
f 7940 7968 7967
f 7940 7941 7968
f 7941 7969 7968
f 7941 7942 7969
f 7942 7970 7969
f 7942 7943 7970
f 7943 7971 7970
f 7943 7944 7971
f 7944 7972 7971
f 7944 7945 7972
f 7945 7973 7972
f 7945 7946 7973
f 7946 7974 7973
f 7946 7947 7974
f 7947 7975 7974
f 7947 7948 7975
f 7948 7976 7975
f 7948 7949 7976
f 7949 7977 7976
f 7949 7950 7977
f 7950 7978 7977
f 7950 7951 7978
f 7951 7979 7978
f 7951 7952 7979
f 7952 7980 7979
f 7952 7925 7980
f 7925 7953 7980
f 7953 7954 7981
f 7954 7982 7981
f 7954 7955 7982
f 7955 7983 7982
f 7955 7956 7983
f 7956 7984 7983
f 7956 7957 7984
f 7957 7985 7984
f 7957 7958 7985
f 7958 7986 7985
f 7958 7959 7986
f 7959 7987 7986
f 7959 7960 7987
f 7960 7988 7987
f 7960 7961 7988
f 7961 7989 7988
f 7961 7962 7989
f 7962 7990 7989
f 7962 7963 7990
f 7963 7991 7990
f 7963 7964 7991
f 7964 7992 7991
f 7964 7965 7992
f 7965 7993 7992
f 7965 7966 7993
f 7966 7994 7993
f 7966 7967 7994
f 7967 7995 7994
f 7967 7968 7995
f 7968 7996 7995
f 7968 7969 7996
f 7969 7997 7996
f 7969 7970 7997
f 7970 7998 7997
f 7970 7971 7998
f 7971 7999 7998
f 7971 7972 7999
f 7972 8000 7999
f 7972 7973 8000
f 7973 8001 8000
f 7973 7974 8001
f 7974 8002 8001
f 7974 7975 8002
f 7975 8003 8002
f 7975 7976 8003
f 7976 8004 8003
f 7976 7977 8004
f 7977 8005 8004
f 7977 7978 8005
f 7978 8006 8005
f 7978 7979 8006
f 7979 8007 8006
f 7979 7980 8007
f 7980 8008 8007
f 7980 7953 8008
f 7953 7981 8008
f 7981 7982 8009
f 7982 8010 8009
f 7982 7983 8010
f 7983 8011 8010
f 7983 7984 8011
f 7984 8012 8011
f 7984 7985 8012
f 7985 8013 8012
f 7985 7986 8013
f 7986 8014 8013
f 7986 7987 8014
f 7987 8015 8014
f 7987 7988 8015
f 7988 8016 8015
f 7988 7989 8016
f 7989 8017 8016
f 7989 7990 8017
f 7990 8018 8017
f 7990 7991 8018
f 7991 8019 8018
f 7991 7992 8019
f 7992 8020 8019
f 7992 7993 8020
f 7993 8021 8020
f 7993 7994 8021
f 7994 8022 8021
f 7994 7995 8022
f 7995 8023 8022
f 7995 7996 8023
f 7996 8024 8023
f 7996 7997 8024
f 7997 8025 8024
f 7997 7998 8025
f 7998 8026 8025
f 7998 7999 8026
f 7999 8027 8026
f 7999 8000 8027
f 8000 8028 8027
f 8000 8001 8028
f 8001 8029 8028
f 8001 8002 8029
f 8002 8030 8029
f 8002 8003 8030
f 8003 8031 8030
f 8003 8004 8031
f 8004 8032 8031
f 8004 8005 8032
f 8005 8033 8032
f 8005 8006 8033
f 8006 8034 8033
f 8006 8007 8034
f 8007 8035 8034
f 8007 8008 8035
f 8008 8036 8035
f 8008 7981 8036
f 7981 8009 8036
f 8009 8010 8037
f 8010 8038 8037
f 8010 8011 8038
f 8011 8039 8038
f 8011 8012 8039
f 8012 8040 8039
f 8012 8013 8040
f 8013 8041 8040
f 8013 8014 8041
f 8014 8042 8041
f 8014 8015 8042
f 8015 8043 8042
f 8015 8016 8043
f 8016 8044 8043
f 8016 8017 8044
f 8017 8045 8044
f 8017 8018 8045
f 8018 8046 8045
f 8018 8019 8046
f 8019 8047 8046
f 8019 8020 8047
f 8020 8048 8047
f 8020 8021 8048
f 8021 8049 8048
f 8021 8022 8049
f 8022 8050 8049
f 8022 8023 8050
f 8023 8051 8050
f 8023 8024 8051
f 8024 8052 8051
f 8024 8025 8052
f 8025 8053 8052
f 8025 8026 8053
f 8026 8054 8053
f 8026 8027 8054
f 8027 8055 8054
f 8027 8028 8055
f 8028 8056 8055
f 8028 8029 8056
f 8029 8057 8056
f 8029 8030 8057
f 8030 8058 8057
f 8030 8031 8058
f 8031 8059 8058
f 8031 8032 8059
f 8032 8060 8059
f 8032 8033 8060
f 8033 8061 8060
f 8033 8034 8061
f 8034 8062 8061
f 8034 8035 8062
f 8035 8063 8062
f 8035 8036 8063
f 8036 8064 8063
f 8036 8009 8064
f 8009 8037 8064
f 8037 8038 8065
f 8038 8066 8065
f 8038 8039 8066
f 8039 8067 8066
f 8039 8040 8067
f 8040 8068 8067
f 8040 8041 8068
f 8041 8069 8068
f 8041 8042 8069
f 8042 8070 8069
f 8042 8043 8070
f 8043 8071 8070
f 8043 8044 8071
f 8044 8072 8071
f 8044 8045 8072
f 8045 8073 8072
f 8045 8046 8073
f 8046 8074 8073
f 8046 8047 8074
f 8047 8075 8074
f 8047 8048 8075
f 8048 8076 8075
f 8048 8049 8076
f 8049 8077 8076
f 8049 8050 8077
f 8050 8078 8077
f 8050 8051 8078
f 8051 8079 8078
f 8051 8052 8079
f 8052 8080 8079
f 8052 8053 8080
f 8053 8081 8080
f 8053 8054 8081
f 8054 8082 8081
f 8054 8055 8082
f 8055 8083 8082
f 8055 8056 8083
f 8056 8084 8083
f 8056 8057 8084
f 8057 8085 8084
f 8057 8058 8085
f 8058 8086 8085
f 8058 8059 8086
f 8059 8087 8086
f 8059 8060 8087
f 8060 8088 8087
f 8060 8061 8088
f 8061 8089 8088
f 8061 8062 8089
f 8062 8090 8089
f 8062 8063 8090
f 8063 8091 8090
f 8063 8064 8091
f 8064 8092 8091
f 8064 8037 8092
f 8037 8065 8092
f 8065 8066 8093
f 8066 8094 8093
f 8066 8067 8094
f 8067 8095 8094
f 8067 8068 8095
f 8068 8096 8095
f 8068 8069 8096
f 8069 8097 8096
f 8069 8070 8097
f 8070 8098 8097
f 8070 8071 8098
f 8071 8099 8098
f 8071 8072 8099
f 8072 8100 8099
f 8072 8073 8100
f 8073 8101 8100
f 8073 8074 8101
f 8074 8102 8101
f 8074 8075 8102
f 8075 8103 8102
f 8075 8076 8103
f 8076 8104 8103
f 8076 8077 8104
f 8077 8105 8104
f 8077 8078 8105
f 8078 8106 8105
f 8078 8079 8106
f 8079 8107 8106
f 8079 8080 8107
f 8080 8108 8107
f 8080 8081 8108
f 8081 8109 8108
f 8081 8082 8109
f 8082 8110 8109
f 8082 8083 8110
f 8083 8111 8110
f 8083 8084 8111
f 8084 8112 8111
f 8084 8085 8112
f 8085 8113 8112
f 8085 8086 8113
f 8086 8114 8113
f 8086 8087 8114
f 8087 8115 8114
f 8087 8088 8115
f 8088 8116 8115
f 8088 8089 8116
f 8089 8117 8116
f 8089 8090 8117
f 8090 8118 8117
f 8090 8091 8118
f 8091 8119 8118
f 8091 8092 8119
f 8092 8120 8119
f 8092 8065 8120
f 8065 8093 8120
f 8093 8094 8121
f 8094 8122 8121
f 8094 8095 8122
f 8095 8123 8122
f 8095 8096 8123
f 8096 8124 8123
f 8096 8097 8124
f 8097 8125 8124
f 8097 8098 8125
f 8098 8126 8125
f 8098 8099 8126
f 8099 8127 8126
f 8099 8100 8127
f 8100 8128 8127
f 8100 8101 8128
f 8101 8129 8128
f 8101 8102 8129
f 8102 8130 8129
f 8102 8103 8130
f 8103 8131 8130
f 8103 8104 8131
f 8104 8132 8131
f 8104 8105 8132
f 8105 8133 8132
f 8105 8106 8133
f 8106 8134 8133
f 8106 8107 8134
f 8107 8135 8134
f 8107 8108 8135
f 8108 8136 8135
f 8108 8109 8136
f 8109 8137 8136
f 8109 8110 8137
f 8110 8138 8137
f 8110 8111 8138
f 8111 8139 8138
f 8111 8112 8139
f 8112 8140 8139
f 8112 8113 8140
f 8113 8141 8140
f 8113 8114 8141
f 8114 8142 8141
f 8114 8115 8142
f 8115 8143 8142
f 8115 8116 8143
f 8116 8144 8143
f 8116 8117 8144
f 8117 8145 8144
f 8117 8118 8145
f 8118 8146 8145
f 8118 8119 8146
f 8119 8147 8146
f 8119 8120 8147
f 8120 8148 8147
f 8120 8093 8148
f 8093 8121 8148
f 8121 8122 8149
f 8122 8150 8149
f 8122 8123 8150
f 8123 8151 8150
f 8123 8124 8151
f 8124 8152 8151
f 8124 8125 8152
f 8125 8153 8152
f 8125 8126 8153
f 8126 8154 8153
f 8126 8127 8154
f 8127 8155 8154
f 8127 8128 8155
f 8128 8156 8155
f 8128 8129 8156
f 8129 8157 8156
f 8129 8130 8157
f 8130 8158 8157
f 8130 8131 8158
f 8131 8159 8158
f 8131 8132 8159
f 8132 8160 8159
f 8132 8133 8160
f 8133 8161 8160
f 8133 8134 8161
f 8134 8162 8161
f 8134 8135 8162
f 8135 8163 8162
f 8135 8136 8163
f 8136 8164 8163
f 8136 8137 8164
f 8137 8165 8164
f 8137 8138 8165
f 8138 8166 8165
f 8138 8139 8166
f 8139 8167 8166
f 8139 8140 8167
f 8140 8168 8167
f 8140 8141 8168
f 8141 8169 8168
f 8141 8142 8169
f 8142 8170 8169
f 8142 8143 8170
f 8143 8171 8170
f 8143 8144 8171
f 8144 8172 8171
f 8144 8145 8172
f 8145 8173 8172
f 8145 8146 8173
f 8146 8174 8173
f 8146 8147 8174
f 8147 8175 8174
f 8147 8148 8175
f 8148 8176 8175
f 8148 8121 8176
f 8121 8149 8176
f 8149 8150 8177
f 8150 8178 8177
f 8150 8151 8178
f 8151 8179 8178
f 8151 8152 8179
f 8152 8180 8179
f 8152 8153 8180
f 8153 8181 8180
f 8153 8154 8181
f 8154 8182 8181
f 8154 8155 8182
f 8155 8183 8182
f 8155 8156 8183
f 8156 8184 8183
f 8156 8157 8184
f 8157 8185 8184
f 8157 8158 8185
f 8158 8186 8185
f 8158 8159 8186
f 8159 8187 8186
f 8159 8160 8187
f 8160 8188 8187
f 8160 8161 8188
f 8161 8189 8188
f 8161 8162 8189
f 8162 8190 8189
f 8162 8163 8190
f 8163 8191 8190
f 8163 8164 8191
f 8164 8192 8191
f 8164 8165 8192
f 8165 8193 8192
f 8165 8166 8193
f 8166 8194 8193
f 8166 8167 8194
f 8167 8195 8194
f 8167 8168 8195
f 8168 8196 8195
f 8168 8169 8196
f 8169 8197 8196
f 8169 8170 8197
f 8170 8198 8197
f 8170 8171 8198
f 8171 8199 8198
f 8171 8172 8199
f 8172 8200 8199
f 8172 8173 8200
f 8173 8201 8200
f 8173 8174 8201
f 8174 8202 8201
f 8174 8175 8202
f 8175 8203 8202
f 8175 8176 8203
f 8176 8204 8203
f 8176 8149 8204
f 8149 8177 8204
f 8177 8178 8205
f 8178 8206 8205
f 8178 8179 8206
f 8179 8207 8206
f 8179 8180 8207
f 8180 8208 8207
f 8180 8181 8208
f 8181 8209 8208
f 8181 8182 8209
f 8182 8210 8209
f 8182 8183 8210
f 8183 8211 8210
f 8183 8184 8211
f 8184 8212 8211
f 8184 8185 8212
f 8185 8213 8212
f 8185 8186 8213
f 8186 8214 8213
f 8186 8187 8214
f 8187 8215 8214
f 8187 8188 8215
f 8188 8216 8215
f 8188 8189 8216
f 8189 8217 8216
f 8189 8190 8217
f 8190 8218 8217
f 8190 8191 8218
f 8191 8219 8218
f 8191 8192 8219
f 8192 8220 8219
f 8192 8193 8220
f 8193 8221 8220
f 8193 8194 8221
f 8194 8222 8221
f 8194 8195 8222
f 8195 8223 8222
f 8195 8196 8223
f 8196 8224 8223
f 8196 8197 8224
f 8197 8225 8224
f 8197 8198 8225
f 8198 8226 8225
f 8198 8199 8226
f 8199 8227 8226
f 8199 8200 8227
f 8200 8228 8227
f 8200 8201 8228
f 8201 8229 8228
f 8201 8202 8229
f 8202 8230 8229
f 8202 8203 8230
f 8203 8231 8230
f 8203 8204 8231
f 8204 8232 8231
f 8204 8177 8232
f 8177 8205 8232
f 8205 8206 8233
f 8206 8207 8234
f 8207 8208 8235
f 8208 8209 8236
f 8209 8210 8237
f 8210 8211 8238
f 8211 8212 8239
f 8212 8213 8240
f 8213 8214 8241
f 8214 8215 8242
f 8215 8216 8243
f 8216 8217 8244
f 8217 8218 8245
f 8218 8219 8246
f 8219 8220 8247
f 8220 8221 8248
f 8221 8222 8249
f 8222 8223 8250
f 8223 8224 8251
f 8224 8225 8252
f 8225 8226 8253
f 8226 8227 8254
f 8227 8228 8255
f 8228 8229 8256
f 8229 8230 8257
f 8230 8231 8258
f 8231 8232 8259
f 8232 8205 8260
o bronze_foot_R
g bronze_foot_R
f 8262 8290 8289
f 8263 8291 8290
f 8264 8292 8291
f 8265 8293 8292
f 8266 8294 8293
f 8267 8295 8294
f 8268 8296 8295
f 8269 8297 8296
f 8270 8298 8297
f 8271 8299 8298
f 8272 8300 8299
f 8273 8301 8300
f 8274 8302 8301
f 8275 8303 8302
f 8276 8304 8303
f 8277 8305 8304
f 8278 8306 8305
f 8279 8307 8306
f 8280 8308 8307
f 8281 8309 8308
f 8282 8310 8309
f 8283 8311 8310
f 8284 8312 8311
f 8285 8313 8312
f 8286 8314 8313
f 8287 8315 8314
f 8288 8316 8315
f 8261 8289 8316
f 8289 8290 8317
f 8290 8318 8317
f 8290 8291 8318
f 8291 8319 8318
f 8291 8292 8319
f 8292 8320 8319
f 8292 8293 8320
f 8293 8321 8320
f 8293 8294 8321
f 8294 8322 8321
f 8294 8295 8322
f 8295 8323 8322
f 8295 8296 8323
f 8296 8324 8323
f 8296 8297 8324
f 8297 8325 8324
f 8297 8298 8325
f 8298 8326 8325
f 8298 8299 8326
f 8299 8327 8326
f 8299 8300 8327
f 8300 8328 8327
f 8300 8301 8328
f 8301 8329 8328
f 8301 8302 8329
f 8302 8330 8329
f 8302 8303 8330
f 8303 8331 8330
f 8303 8304 8331
f 8304 8332 8331
f 8304 8305 8332
f 8305 8333 8332
f 8305 8306 8333
f 8306 8334 8333
f 8306 8307 8334
f 8307 8335 8334
f 8307 8308 8335
f 8308 8336 8335
f 8308 8309 8336
f 8309 8337 8336
f 8309 8310 8337
f 8310 8338 8337
f 8310 8311 8338
f 8311 8339 8338
f 8311 8312 8339
f 8312 8340 8339
f 8312 8313 8340
f 8313 8341 8340
f 8313 8314 8341
f 8314 8342 8341
f 8314 8315 8342
f 8315 8343 8342
f 8315 8316 8343
f 8316 8344 8343
f 8316 8289 8344
f 8289 8317 8344
f 8317 8318 8345
f 8318 8346 8345
f 8318 8319 8346
f 8319 8347 8346
f 8319 8320 8347
f 8320 8348 8347
f 8320 8321 8348
f 8321 8349 8348
f 8321 8322 8349
f 8322 8350 8349
f 8322 8323 8350
f 8323 8351 8350
f 8323 8324 8351
f 8324 8352 8351
f 8324 8325 8352
f 8325 8353 8352
f 8325 8326 8353
f 8326 8354 8353
f 8326 8327 8354
f 8327 8355 8354
f 8327 8328 8355
f 8328 8356 8355
f 8328 8329 8356
f 8329 8357 8356
f 8329 8330 8357
f 8330 8358 8357
f 8330 8331 8358
f 8331 8359 8358
f 8331 8332 8359
f 8332 8360 8359
f 8332 8333 8360
f 8333 8361 8360
f 8333 8334 8361
f 8334 8362 8361
f 8334 8335 8362
f 8335 8363 8362
f 8335 8336 8363
f 8336 8364 8363
f 8336 8337 8364
f 8337 8365 8364
f 8337 8338 8365
f 8338 8366 8365
f 8338 8339 8366
f 8339 8367 8366
f 8339 8340 8367
f 8340 8368 8367
f 8340 8341 8368
f 8341 8369 8368
f 8341 8342 8369
f 8342 8370 8369
f 8342 8343 8370
f 8343 8371 8370
f 8343 8344 8371
f 8344 8372 8371
f 8344 8317 8372
f 8317 8345 8372
f 8345 8346 8373
f 8346 8374 8373
f 8346 8347 8374
f 8347 8375 8374
f 8347 8348 8375
f 8348 8376 8375
f 8348 8349 8376
f 8349 8377 8376
f 8349 8350 8377
f 8350 8378 8377
f 8350 8351 8378
f 8351 8379 8378
f 8351 8352 8379
f 8352 8380 8379
f 8352 8353 8380
f 8353 8381 8380
f 8353 8354 8381
f 8354 8382 8381
f 8354 8355 8382
f 8355 8383 8382
f 8355 8356 8383
f 8356 8384 8383
f 8356 8357 8384
f 8357 8385 8384
f 8357 8358 8385
f 8358 8386 8385
f 8358 8359 8386
f 8359 8387 8386
f 8359 8360 8387
f 8360 8388 8387
f 8360 8361 8388
f 8361 8389 8388
f 8361 8362 8389
f 8362 8390 8389
f 8362 8363 8390
f 8363 8391 8390
f 8363 8364 8391
f 8364 8392 8391
f 8364 8365 8392
f 8365 8393 8392
f 8365 8366 8393
f 8366 8394 8393
f 8366 8367 8394
f 8367 8395 8394
f 8367 8368 8395
f 8368 8396 8395
f 8368 8369 8396
f 8369 8397 8396
f 8369 8370 8397
f 8370 8398 8397
f 8370 8371 8398
f 8371 8399 8398
f 8371 8372 8399
f 8372 8400 8399
f 8372 8345 8400
f 8345 8373 8400
f 8373 8374 8401
f 8374 8402 8401
f 8374 8375 8402
f 8375 8403 8402
f 8375 8376 8403
f 8376 8404 8403
f 8376 8377 8404
f 8377 8405 8404
f 8377 8378 8405
f 8378 8406 8405
f 8378 8379 8406
f 8379 8407 8406
f 8379 8380 8407
f 8380 8408 8407
f 8380 8381 8408
f 8381 8409 8408
f 8381 8382 8409
f 8382 8410 8409
f 8382 8383 8410
f 8383 8411 8410
f 8383 8384 8411
f 8384 8412 8411
f 8384 8385 8412
f 8385 8413 8412
f 8385 8386 8413
f 8386 8414 8413
f 8386 8387 8414
f 8387 8415 8414
f 8387 8388 8415
f 8388 8416 8415
f 8388 8389 8416
f 8389 8417 8416
f 8389 8390 8417
f 8390 8418 8417
f 8390 8391 8418
f 8391 8419 8418
f 8391 8392 8419
f 8392 8420 8419
f 8392 8393 8420
f 8393 8421 8420
f 8393 8394 8421
f 8394 8422 8421
f 8394 8395 8422
f 8395 8423 8422
f 8395 8396 8423
f 8396 8424 8423
f 8396 8397 8424
f 8397 8425 8424
f 8397 8398 8425
f 8398 8426 8425
f 8398 8399 8426
f 8399 8427 8426
f 8399 8400 8427
f 8400 8428 8427
f 8400 8373 8428
f 8373 8401 8428
f 8401 8402 8429
f 8402 8430 8429
f 8402 8403 8430
f 8403 8431 8430
f 8403 8404 8431
f 8404 8432 8431
f 8404 8405 8432
f 8405 8433 8432
f 8405 8406 8433
f 8406 8434 8433
f 8406 8407 8434
f 8407 8435 8434
f 8407 8408 8435
f 8408 8436 8435
f 8408 8409 8436
f 8409 8437 8436
f 8409 8410 8437
f 8410 8438 8437
f 8410 8411 8438
f 8411 8439 8438
f 8411 8412 8439
f 8412 8440 8439
f 8412 8413 8440
f 8413 8441 8440
f 8413 8414 8441
f 8414 8442 8441
f 8414 8415 8442
f 8415 8443 8442
f 8415 8416 8443
f 8416 8444 8443
f 8416 8417 8444
f 8417 8445 8444
f 8417 8418 8445
f 8418 8446 8445
f 8418 8419 8446
f 8419 8447 8446
f 8419 8420 8447
f 8420 8448 8447
f 8420 8421 8448
f 8421 8449 8448
f 8421 8422 8449
f 8422 8450 8449
f 8422 8423 8450
f 8423 8451 8450
f 8423 8424 8451
f 8424 8452 8451
f 8424 8425 8452
f 8425 8453 8452
f 8425 8426 8453
f 8426 8454 8453
f 8426 8427 8454
f 8427 8455 8454
f 8427 8428 8455
f 8428 8456 8455
f 8428 8401 8456
f 8401 8429 8456
f 8429 8430 8457
f 8430 8458 8457
f 8430 8431 8458
f 8431 8459 8458
f 8431 8432 8459
f 8432 8460 8459
f 8432 8433 8460
f 8433 8461 8460
f 8433 8434 8461
f 8434 8462 8461
f 8434 8435 8462
f 8435 8463 8462
f 8435 8436 8463
f 8436 8464 8463
f 8436 8437 8464
f 8437 8465 8464
f 8437 8438 8465
f 8438 8466 8465
f 8438 8439 8466
f 8439 8467 8466
f 8439 8440 8467
f 8440 8468 8467
f 8440 8441 8468
f 8441 8469 8468
f 8441 8442 8469
f 8442 8470 8469
f 8442 8443 8470
f 8443 8471 8470
f 8443 8444 8471
f 8444 8472 8471
f 8444 8445 8472
f 8445 8473 8472
f 8445 8446 8473
f 8446 8474 8473
f 8446 8447 8474
f 8447 8475 8474
f 8447 8448 8475
f 8448 8476 8475
f 8448 8449 8476
f 8449 8477 8476
f 8449 8450 8477
f 8450 8478 8477
f 8450 8451 8478
f 8451 8479 8478
f 8451 8452 8479
f 8452 8480 8479
f 8452 8453 8480
f 8453 8481 8480
f 8453 8454 8481
f 8454 8482 8481
f 8454 8455 8482
f 8455 8483 8482
f 8455 8456 8483
f 8456 8484 8483
f 8456 8429 8484
f 8429 8457 8484
f 8457 8458 8485
f 8458 8486 8485
f 8458 8459 8486
f 8459 8487 8486
f 8459 8460 8487
f 8460 8488 8487
f 8460 8461 8488
f 8461 8489 8488
f 8461 8462 8489
f 8462 8490 8489
f 8462 8463 8490
f 8463 8491 8490
f 8463 8464 8491
f 8464 8492 8491
f 8464 8465 8492
f 8465 8493 8492
f 8465 8466 8493
f 8466 8494 8493
f 8466 8467 8494
f 8467 8495 8494
f 8467 8468 8495
f 8468 8496 8495
f 8468 8469 8496
f 8469 8497 8496
f 8469 8470 8497
f 8470 8498 8497
f 8470 8471 8498
f 8471 8499 8498
f 8471 8472 8499
f 8472 8500 8499
f 8472 8473 8500
f 8473 8501 8500
f 8473 8474 8501
f 8474 8502 8501
f 8474 8475 8502
f 8475 8503 8502
f 8475 8476 8503
f 8476 8504 8503
f 8476 8477 8504
f 8477 8505 8504
f 8477 8478 8505
f 8478 8506 8505
f 8478 8479 8506
f 8479 8507 8506
f 8479 8480 8507
f 8480 8508 8507
f 8480 8481 8508
f 8481 8509 8508
f 8481 8482 8509
f 8482 8510 8509
f 8482 8483 8510
f 8483 8511 8510
f 8483 8484 8511
f 8484 8512 8511
f 8484 8457 8512
f 8457 8485 8512
f 8485 8486 8513
f 8486 8514 8513
f 8486 8487 8514
f 8487 8515 8514
f 8487 8488 8515
f 8488 8516 8515
f 8488 8489 8516
f 8489 8517 8516
f 8489 8490 8517
f 8490 8518 8517
f 8490 8491 8518
f 8491 8519 8518
f 8491 8492 8519
f 8492 8520 8519
f 8492 8493 8520
f 8493 8521 8520
f 8493 8494 8521
f 8494 8522 8521
f 8494 8495 8522
f 8495 8523 8522
f 8495 8496 8523
f 8496 8524 8523
f 8496 8497 8524
f 8497 8525 8524
f 8497 8498 8525
f 8498 8526 8525
f 8498 8499 8526
f 8499 8527 8526
f 8499 8500 8527
f 8500 8528 8527
f 8500 8501 8528
f 8501 8529 8528
f 8501 8502 8529
f 8502 8530 8529
f 8502 8503 8530
f 8503 8531 8530
f 8503 8504 8531
f 8504 8532 8531
f 8504 8505 8532
f 8505 8533 8532
f 8505 8506 8533
f 8506 8534 8533
f 8506 8507 8534
f 8507 8535 8534
f 8507 8508 8535
f 8508 8536 8535
f 8508 8509 8536
f 8509 8537 8536
f 8509 8510 8537
f 8510 8538 8537
f 8510 8511 8538
f 8511 8539 8538
f 8511 8512 8539
f 8512 8540 8539
f 8512 8485 8540
f 8485 8513 8540
f 8513 8514 8541
f 8514 8542 8541
f 8514 8515 8542
f 8515 8543 8542
f 8515 8516 8543
f 8516 8544 8543
f 8516 8517 8544
f 8517 8545 8544
f 8517 8518 8545
f 8518 8546 8545
f 8518 8519 8546
f 8519 8547 8546
f 8519 8520 8547
f 8520 8548 8547
f 8520 8521 8548
f 8521 8549 8548
f 8521 8522 8549
f 8522 8550 8549
f 8522 8523 8550
f 8523 8551 8550
f 8523 8524 8551
f 8524 8552 8551
f 8524 8525 8552
f 8525 8553 8552
f 8525 8526 8553
f 8526 8554 8553
f 8526 8527 8554
f 8527 8555 8554
f 8527 8528 8555
f 8528 8556 8555
f 8528 8529 8556
f 8529 8557 8556
f 8529 8530 8557
f 8530 8558 8557
f 8530 8531 8558
f 8531 8559 8558
f 8531 8532 8559
f 8532 8560 8559
f 8532 8533 8560
f 8533 8561 8560
f 8533 8534 8561
f 8534 8562 8561
f 8534 8535 8562
f 8535 8563 8562
f 8535 8536 8563
f 8536 8564 8563
f 8536 8537 8564
f 8537 8565 8564
f 8537 8538 8565
f 8538 8566 8565
f 8538 8539 8566
f 8539 8567 8566
f 8539 8540 8567
f 8540 8568 8567
f 8540 8513 8568
f 8513 8541 8568
f 8541 8542 8569
f 8542 8570 8569
f 8542 8543 8570
f 8543 8571 8570
f 8543 8544 8571
f 8544 8572 8571
f 8544 8545 8572
f 8545 8573 8572
f 8545 8546 8573
f 8546 8574 8573
f 8546 8547 8574
f 8547 8575 8574
f 8547 8548 8575
f 8548 8576 8575
f 8548 8549 8576
f 8549 8577 8576
f 8549 8550 8577
f 8550 8578 8577
f 8550 8551 8578
f 8551 8579 8578
f 8551 8552 8579
f 8552 8580 8579
f 8552 8553 8580
f 8553 8581 8580
f 8553 8554 8581
f 8554 8582 8581
f 8554 8555 8582
f 8555 8583 8582
f 8555 8556 8583
f 8556 8584 8583
f 8556 8557 8584
f 8557 8585 8584
f 8557 8558 8585
f 8558 8586 8585
f 8558 8559 8586
f 8559 8587 8586
f 8559 8560 8587
f 8560 8588 8587
f 8560 8561 8588
f 8561 8589 8588
f 8561 8562 8589
f 8562 8590 8589
f 8562 8563 8590
f 8563 8591 8590
f 8563 8564 8591
f 8564 8592 8591
f 8564 8565 8592
f 8565 8593 8592
f 8565 8566 8593
f 8566 8594 8593
f 8566 8567 8594
f 8567 8595 8594
f 8567 8568 8595
f 8568 8596 8595
f 8568 8541 8596
f 8541 8569 8596
f 8569 8570 8597
f 8570 8598 8597
f 8570 8571 8598
f 8571 8599 8598
f 8571 8572 8599
f 8572 8600 8599
f 8572 8573 8600
f 8573 8601 8600
f 8573 8574 8601
f 8574 8602 8601
f 8574 8575 8602
f 8575 8603 8602
f 8575 8576 8603
f 8576 8604 8603
f 8576 8577 8604
f 8577 8605 8604
f 8577 8578 8605
f 8578 8606 8605
f 8578 8579 8606
f 8579 8607 8606
f 8579 8580 8607
f 8580 8608 8607
f 8580 8581 8608
f 8581 8609 8608
f 8581 8582 8609
f 8582 8610 8609
f 8582 8583 8610
f 8583 8611 8610
f 8583 8584 8611
f 8584 8612 8611
f 8584 8585 8612
f 8585 8613 8612
f 8585 8586 8613
f 8586 8614 8613
f 8586 8587 8614
f 8587 8615 8614
f 8587 8588 8615
f 8588 8616 8615
f 8588 8589 8616
f 8589 8617 8616
f 8589 8590 8617
f 8590 8618 8617
f 8590 8591 8618
f 8591 8619 8618
f 8591 8592 8619
f 8592 8620 8619
f 8592 8593 8620
f 8593 8621 8620
f 8593 8594 8621
f 8594 8622 8621
f 8594 8595 8622
f 8595 8623 8622
f 8595 8596 8623
f 8596 8624 8623
f 8596 8569 8624
f 8569 8597 8624
f 8597 8598 8625
f 8598 8626 8625
f 8598 8599 8626
f 8599 8627 8626
f 8599 8600 8627
f 8600 8628 8627
f 8600 8601 8628
f 8601 8629 8628
f 8601 8602 8629
f 8602 8630 8629
f 8602 8603 8630
f 8603 8631 8630
f 8603 8604 8631
f 8604 8632 8631
f 8604 8605 8632
f 8605 8633 8632
f 8605 8606 8633
f 8606 8634 8633
f 8606 8607 8634
f 8607 8635 8634
f 8607 8608 8635
f 8608 8636 8635
f 8608 8609 8636
f 8609 8637 8636
f 8609 8610 8637
f 8610 8638 8637
f 8610 8611 8638
f 8611 8639 8638
f 8611 8612 8639
f 8612 8640 8639
f 8612 8613 8640
f 8613 8641 8640
f 8613 8614 8641
f 8614 8642 8641
f 8614 8615 8642
f 8615 8643 8642
f 8615 8616 8643
f 8616 8644 8643
f 8616 8617 8644
f 8617 8645 8644
f 8617 8618 8645
f 8618 8646 8645
f 8618 8619 8646
f 8619 8647 8646
f 8619 8620 8647
f 8620 8648 8647
f 8620 8621 8648
f 8621 8649 8648
f 8621 8622 8649
f 8622 8650 8649
f 8622 8623 8650
f 8623 8651 8650
f 8623 8624 8651
f 8624 8652 8651
f 8624 8597 8652
f 8597 8625 8652
f 8625 8626 8653
f 8626 8654 8653
f 8626 8627 8654
f 8627 8655 8654
f 8627 8628 8655
f 8628 8656 8655
f 8628 8629 8656
f 8629 8657 8656
f 8629 8630 8657
f 8630 8658 8657
f 8630 8631 8658
f 8631 8659 8658
f 8631 8632 8659
f 8632 8660 8659
f 8632 8633 8660
f 8633 8661 8660
f 8633 8634 8661
f 8634 8662 8661
f 8634 8635 8662
f 8635 8663 8662
f 8635 8636 8663
f 8636 8664 8663
f 8636 8637 8664
f 8637 8665 8664
f 8637 8638 8665
f 8638 8666 8665
f 8638 8639 8666
f 8639 8667 8666
f 8639 8640 8667
f 8640 8668 8667
f 8640 8641 8668
f 8641 8669 8668
f 8641 8642 8669
f 8642 8670 8669
f 8642 8643 8670
f 8643 8671 8670
f 8643 8644 8671
f 8644 8672 8671
f 8644 8645 8672
f 8645 8673 8672
f 8645 8646 8673
f 8646 8674 8673
f 8646 8647 8674
f 8647 8675 8674
f 8647 8648 8675
f 8648 8676 8675
f 8648 8649 8676
f 8649 8677 8676
f 8649 8650 8677
f 8650 8678 8677
f 8650 8651 8678
f 8651 8679 8678
f 8651 8652 8679
f 8652 8680 8679
f 8652 8625 8680
f 8625 8653 8680
f 8653 8654 8681
f 8654 8682 8681
f 8654 8655 8682
f 8655 8683 8682
f 8655 8656 8683
f 8656 8684 8683
f 8656 8657 8684
f 8657 8685 8684
f 8657 8658 8685
f 8658 8686 8685
f 8658 8659 8686
f 8659 8687 8686
f 8659 8660 8687
f 8660 8688 8687
f 8660 8661 8688
f 8661 8689 8688
f 8661 8662 8689
f 8662 8690 8689
f 8662 8663 8690
f 8663 8691 8690
f 8663 8664 8691
f 8664 8692 8691
f 8664 8665 8692
f 8665 8693 8692
f 8665 8666 8693
f 8666 8694 8693
f 8666 8667 8694
f 8667 8695 8694
f 8667 8668 8695
f 8668 8696 8695
f 8668 8669 8696
f 8669 8697 8696
f 8669 8670 8697
f 8670 8698 8697
f 8670 8671 8698
f 8671 8699 8698
f 8671 8672 8699
f 8672 8700 8699
f 8672 8673 8700
f 8673 8701 8700
f 8673 8674 8701
f 8674 8702 8701
f 8674 8675 8702
f 8675 8703 8702
f 8675 8676 8703
f 8676 8704 8703
f 8676 8677 8704
f 8677 8705 8704
f 8677 8678 8705
f 8678 8706 8705
f 8678 8679 8706
f 8679 8707 8706
f 8679 8680 8707
f 8680 8708 8707
f 8680 8653 8708
f 8653 8681 8708
f 8681 8682 8709
f 8682 8683 8710
f 8683 8684 8711
f 8684 8685 8712
f 8685 8686 8713
f 8686 8687 8714
f 8687 8688 8715
f 8688 8689 8716
f 8689 8690 8717
f 8690 8691 8718
f 8691 8692 8719
f 8692 8693 8720
f 8693 8694 8721
f 8694 8695 8722
f 8695 8696 8723
f 8696 8697 8724
f 8697 8698 8725
f 8698 8699 8726
f 8699 8700 8727
f 8700 8701 8728
f 8701 8702 8729
f 8702 8703 8730
f 8703 8704 8731
f 8704 8705 8732
f 8705 8706 8733
f 8706 8707 8734
f 8707 8708 8735
f 8708 8681 8736
o patina_ankle_L
g patina_ankle_L
f 8737 8745 8746
f 8737 8746 8738
f 8738 8746 8747
f 8738 8747 8739
f 8739 8747 8748
f 8739 8748 8740
f 8740 8748 8749
f 8740 8749 8741
f 8741 8749 8750
f 8741 8750 8742
f 8742 8750 8751
f 8742 8751 8743
f 8743 8751 8752
f 8743 8752 8744
f 8744 8752 8745
f 8744 8745 8737
f 8745 8753 8754
f 8745 8754 8746
f 8746 8754 8755
f 8746 8755 8747
f 8747 8755 8756
f 8747 8756 8748
f 8748 8756 8757
f 8748 8757 8749
f 8749 8757 8758
f 8749 8758 8750
f 8750 8758 8759
f 8750 8759 8751
f 8751 8759 8760
f 8751 8760 8752
f 8752 8760 8753
f 8752 8753 8745
f 8753 8761 8762
f 8753 8762 8754
f 8754 8762 8763
f 8754 8763 8755
f 8755 8763 8764
f 8755 8764 8756
f 8756 8764 8765
f 8756 8765 8757
f 8757 8765 8766
f 8757 8766 8758
f 8758 8766 8767
f 8758 8767 8759
f 8759 8767 8768
f 8759 8768 8760
f 8760 8768 8761
f 8760 8761 8753
f 8761 8769 8770
f 8761 8770 8762
f 8762 8770 8771
f 8762 8771 8763
f 8763 8771 8772
f 8763 8772 8764
f 8764 8772 8773
f 8764 8773 8765
f 8765 8773 8774
f 8765 8774 8766
f 8766 8774 8775
f 8766 8775 8767
f 8767 8775 8776
f 8767 8776 8768
f 8768 8776 8769
f 8768 8769 8761
f 8769 8777 8778
f 8769 8778 8770
f 8770 8778 8779
f 8770 8779 8771
f 8771 8779 8780
f 8771 8780 8772
f 8772 8780 8781
f 8772 8781 8773
f 8773 8781 8782
f 8773 8782 8774
f 8774 8782 8783
f 8774 8783 8775
f 8775 8783 8784
f 8775 8784 8776
f 8776 8784 8777
f 8776 8777 8769
f 8777 8785 8786
f 8777 8786 8778
f 8778 8786 8787
f 8778 8787 8779
f 8779 8787 8788
f 8779 8788 8780
f 8780 8788 8789
f 8780 8789 8781
f 8781 8789 8790
f 8781 8790 8782
f 8782 8790 8791
f 8782 8791 8783
f 8783 8791 8792
f 8783 8792 8784
f 8784 8792 8785
f 8784 8785 8777
f 8785 8793 8794
f 8785 8794 8786
f 8786 8794 8795
f 8786 8795 8787
f 8787 8795 8796
f 8787 8796 8788
f 8788 8796 8797
f 8788 8797 8789
f 8789 8797 8798
f 8789 8798 8790
f 8790 8798 8799
f 8790 8799 8791
f 8791 8799 8800
f 8791 8800 8792
f 8792 8800 8793
f 8792 8793 8785
f 8793 8801 8802
f 8793 8802 8794
f 8794 8802 8803
f 8794 8803 8795
f 8795 8803 8804
f 8795 8804 8796
f 8796 8804 8805
f 8796 8805 8797
f 8797 8805 8806
f 8797 8806 8798
f 8798 8806 8807
f 8798 8807 8799
f 8799 8807 8808
f 8799 8808 8800
f 8800 8808 8801
f 8800 8801 8793
f 8801 8809 8810
f 8801 8810 8802
f 8802 8810 8811
f 8802 8811 8803
f 8803 8811 8812
f 8803 8812 8804
f 8804 8812 8813
f 8804 8813 8805
f 8805 8813 8814
f 8805 8814 8806
f 8806 8814 8815
f 8806 8815 8807
f 8807 8815 8816
f 8807 8816 8808
f 8808 8816 8809
f 8808 8809 8801
f 8809 8817 8818
f 8809 8818 8810
f 8810 8818 8819
f 8810 8819 8811
f 8811 8819 8820
f 8811 8820 8812
f 8812 8820 8821
f 8812 8821 8813
f 8813 8821 8822
f 8813 8822 8814
f 8814 8822 8823
f 8814 8823 8815
f 8815 8823 8824
f 8815 8824 8816
f 8816 8824 8817
f 8816 8817 8809
f 8817 8825 8826
f 8817 8826 8818
f 8818 8826 8827
f 8818 8827 8819
f 8819 8827 8828
f 8819 8828 8820
f 8820 8828 8829
f 8820 8829 8821
f 8821 8829 8830
f 8821 8830 8822
f 8822 8830 8831
f 8822 8831 8823
f 8823 8831 8832
f 8823 8832 8824
f 8824 8832 8825
f 8824 8825 8817
f 8825 8833 8834
f 8825 8834 8826
f 8826 8834 8835
f 8826 8835 8827
f 8827 8835 8836
f 8827 8836 8828
f 8828 8836 8837
f 8828 8837 8829
f 8829 8837 8838
f 8829 8838 8830
f 8830 8838 8839
f 8830 8839 8831
f 8831 8839 8840
f 8831 8840 8832
f 8832 8840 8833
f 8832 8833 8825
f 8833 8841 8842
f 8833 8842 8834
f 8834 8842 8843
f 8834 8843 8835
f 8835 8843 8844
f 8835 8844 8836
f 8836 8844 8845
f 8836 8845 8837
f 8837 8845 8846
f 8837 8846 8838
f 8838 8846 8847
f 8838 8847 8839
f 8839 8847 8848
f 8839 8848 8840
f 8840 8848 8841
f 8840 8841 8833
f 8841 8849 8850
f 8841 8850 8842
f 8842 8850 8851
f 8842 8851 8843
f 8843 8851 8852
f 8843 8852 8844
f 8844 8852 8853
f 8844 8853 8845
f 8845 8853 8854
f 8845 8854 8846
f 8846 8854 8855
f 8846 8855 8847
f 8847 8855 8856
f 8847 8856 8848
f 8848 8856 8849
f 8848 8849 8841
f 8849 8857 8858
f 8849 8858 8850
f 8850 8858 8859
f 8850 8859 8851
f 8851 8859 8860
f 8851 8860 8852
f 8852 8860 8861
f 8852 8861 8853
f 8853 8861 8862
f 8853 8862 8854
f 8854 8862 8863
f 8854 8863 8855
f 8855 8863 8864
f 8855 8864 8856
f 8856 8864 8857
f 8856 8857 8849
f 8857 8865 8866
f 8857 8866 8858
f 8858 8866 8867
f 8858 8867 8859
f 8859 8867 8868
f 8859 8868 8860
f 8860 8868 8869
f 8860 8869 8861
f 8861 8869 8870
f 8861 8870 8862
f 8862 8870 8871
f 8862 8871 8863
f 8863 8871 8872
f 8863 8872 8864
f 8864 8872 8865
f 8864 8865 8857
f 8865 8873 8874
f 8865 8874 8866
f 8866 8874 8875
f 8866 8875 8867
f 8867 8875 8876
f 8867 8876 8868
f 8868 8876 8877
f 8868 8877 8869
f 8869 8877 8878
f 8869 8878 8870
f 8870 8878 8879
f 8870 8879 8871
f 8871 8879 8880
f 8871 8880 8872
f 8872 8880 8873
f 8872 8873 8865
f 8873 8881 8882
f 8873 8882 8874
f 8874 8882 8883
f 8874 8883 8875
f 8875 8883 8884
f 8875 8884 8876
f 8876 8884 8885
f 8876 8885 8877
f 8877 8885 8886
f 8877 8886 8878
f 8878 8886 8887
f 8878 8887 8879
f 8879 8887 8888
f 8879 8888 8880
f 8880 8888 8881
f 8880 8881 8873
f 8881 8889 8890
f 8881 8890 8882
f 8882 8890 8891
f 8882 8891 8883
f 8883 8891 8892
f 8883 8892 8884
f 8884 8892 8893
f 8884 8893 8885
f 8885 8893 8894
f 8885 8894 8886
f 8886 8894 8895
f 8886 8895 8887
f 8887 8895 8896
f 8887 8896 8888
f 8888 8896 8889
f 8888 8889 8881
f 8889 8897 8898
f 8889 8898 8890
f 8890 8898 8899
f 8890 8899 8891
f 8891 8899 8900
f 8891 8900 8892
f 8892 8900 8901
f 8892 8901 8893
f 8893 8901 8902
f 8893 8902 8894
f 8894 8902 8903
f 8894 8903 8895
f 8895 8903 8904
f 8895 8904 8896
f 8896 8904 8897
f 8896 8897 8889
f 8897 8905 8906
f 8897 8906 8898
f 8898 8906 8907
f 8898 8907 8899
f 8899 8907 8908
f 8899 8908 8900
f 8900 8908 8909
f 8900 8909 8901
f 8901 8909 8910
f 8901 8910 8902
f 8902 8910 8911
f 8902 8911 8903
f 8903 8911 8912
f 8903 8912 8904
f 8904 8912 8905
f 8904 8905 8897
f 8905 8913 8914
f 8905 8914 8906
f 8906 8914 8915
f 8906 8915 8907
f 8907 8915 8916
f 8907 8916 8908
f 8908 8916 8917
f 8908 8917 8909
f 8909 8917 8918
f 8909 8918 8910
f 8910 8918 8919
f 8910 8919 8911
f 8911 8919 8920
f 8911 8920 8912
f 8912 8920 8913
f 8912 8913 8905
f 8913 8921 8922
f 8913 8922 8914
f 8914 8922 8923
f 8914 8923 8915
f 8915 8923 8924
f 8915 8924 8916
f 8916 8924 8925
f 8916 8925 8917
f 8917 8925 8926
f 8917 8926 8918
f 8918 8926 8927
f 8918 8927 8919
f 8919 8927 8928
f 8919 8928 8920
f 8920 8928 8921
f 8920 8921 8913
f 8921 8737 8738
f 8921 8738 8922
f 8922 8738 8739
f 8922 8739 8923
f 8923 8739 8740
f 8923 8740 8924
f 8924 8740 8741
f 8924 8741 8925
f 8925 8741 8742
f 8925 8742 8926
f 8926 8742 8743
f 8926 8743 8927
f 8927 8743 8744
f 8927 8744 8928
f 8928 8744 8737
f 8928 8737 8921
o patina_ankle_R
g patina_ankle_R
f 8929 8937 8938
f 8929 8938 8930
f 8930 8938 8939
f 8930 8939 8931
f 8931 8939 8940
f 8931 8940 8932
f 8932 8940 8941
f 8932 8941 8933
f 8933 8941 8942
f 8933 8942 8934
f 8934 8942 8943
f 8934 8943 8935
f 8935 8943 8944
f 8935 8944 8936
f 8936 8944 8937
f 8936 8937 8929
f 8937 8945 8946
f 8937 8946 8938
f 8938 8946 8947
f 8938 8947 8939
f 8939 8947 8948
f 8939 8948 8940
f 8940 8948 8949
f 8940 8949 8941
f 8941 8949 8950
f 8941 8950 8942
f 8942 8950 8951
f 8942 8951 8943
f 8943 8951 8952
f 8943 8952 8944
f 8944 8952 8945
f 8944 8945 8937
f 8945 8953 8954
f 8945 8954 8946
f 8946 8954 8955
f 8946 8955 8947
f 8947 8955 8956
f 8947 8956 8948
f 8948 8956 8957
f 8948 8957 8949
f 8949 8957 8958
f 8949 8958 8950
f 8950 8958 8959
f 8950 8959 8951
f 8951 8959 8960
f 8951 8960 8952
f 8952 8960 8953
f 8952 8953 8945
f 8953 8961 8962
f 8953 8962 8954
f 8954 8962 8963
f 8954 8963 8955
f 8955 8963 8964
f 8955 8964 8956
f 8956 8964 8965
f 8956 8965 8957
f 8957 8965 8966
f 8957 8966 8958
f 8958 8966 8967
f 8958 8967 8959
f 8959 8967 8968
f 8959 8968 8960
f 8960 8968 8961
f 8960 8961 8953
f 8961 8969 8970
f 8961 8970 8962
f 8962 8970 8971
f 8962 8971 8963
f 8963 8971 8972
f 8963 8972 8964
f 8964 8972 8973
f 8964 8973 8965
f 8965 8973 8974
f 8965 8974 8966
f 8966 8974 8975
f 8966 8975 8967
f 8967 8975 8976
f 8967 8976 8968
f 8968 8976 8969
f 8968 8969 8961
f 8969 8977 8978
f 8969 8978 8970
f 8970 8978 8979
f 8970 8979 8971
f 8971 8979 8980
f 8971 8980 8972
f 8972 8980 8981
f 8972 8981 8973
f 8973 8981 8982
f 8973 8982 8974
f 8974 8982 8983
f 8974 8983 8975
f 8975 8983 8984
f 8975 8984 8976
f 8976 8984 8977
f 8976 8977 8969
f 8977 8985 8986
f 8977 8986 8978
f 8978 8986 8987
f 8978 8987 8979
f 8979 8987 8988
f 8979 8988 8980
f 8980 8988 8989
f 8980 8989 8981
f 8981 8989 8990
f 8981 8990 8982
f 8982 8990 8991
f 8982 8991 8983
f 8983 8991 8992
f 8983 8992 8984
f 8984 8992 8985
f 8984 8985 8977
f 8985 8993 8994
f 8985 8994 8986
f 8986 8994 8995
f 8986 8995 8987
f 8987 8995 8996
f 8987 8996 8988
f 8988 8996 8997
f 8988 8997 8989
f 8989 8997 8998
f 8989 8998 8990
f 8990 8998 8999
f 8990 8999 8991
f 8991 8999 9000
f 8991 9000 8992
f 8992 9000 8993
f 8992 8993 8985
f 8993 9001 9002
f 8993 9002 8994
f 8994 9002 9003
f 8994 9003 8995
f 8995 9003 9004
f 8995 9004 8996
f 8996 9004 9005
f 8996 9005 8997
f 8997 9005 9006
f 8997 9006 8998
f 8998 9006 9007
f 8998 9007 8999
f 8999 9007 9008
f 8999 9008 9000
f 9000 9008 9001
f 9000 9001 8993
f 9001 9009 9010
f 9001 9010 9002
f 9002 9010 9011
f 9002 9011 9003
f 9003 9011 9012
f 9003 9012 9004
f 9004 9012 9013
f 9004 9013 9005
f 9005 9013 9014
f 9005 9014 9006
f 9006 9014 9015
f 9006 9015 9007
f 9007 9015 9016
f 9007 9016 9008
f 9008 9016 9009
f 9008 9009 9001
f 9009 9017 9018
f 9009 9018 9010
f 9010 9018 9019
f 9010 9019 9011
f 9011 9019 9020
f 9011 9020 9012
f 9012 9020 9021
f 9012 9021 9013
f 9013 9021 9022
f 9013 9022 9014
f 9014 9022 9023
f 9014 9023 9015
f 9015 9023 9024
f 9015 9024 9016
f 9016 9024 9017
f 9016 9017 9009
f 9017 9025 9026
f 9017 9026 9018
f 9018 9026 9027
f 9018 9027 9019
f 9019 9027 9028
f 9019 9028 9020
f 9020 9028 9029
f 9020 9029 9021
f 9021 9029 9030
f 9021 9030 9022
f 9022 9030 9031
f 9022 9031 9023
f 9023 9031 9032
f 9023 9032 9024
f 9024 9032 9025
f 9024 9025 9017
f 9025 9033 9034
f 9025 9034 9026
f 9026 9034 9035
f 9026 9035 9027
f 9027 9035 9036
f 9027 9036 9028
f 9028 9036 9037
f 9028 9037 9029
f 9029 9037 9038
f 9029 9038 9030
f 9030 9038 9039
f 9030 9039 9031
f 9031 9039 9040
f 9031 9040 9032
f 9032 9040 9033
f 9032 9033 9025
f 9033 9041 9042
f 9033 9042 9034
f 9034 9042 9043
f 9034 9043 9035
f 9035 9043 9044
f 9035 9044 9036
f 9036 9044 9045
f 9036 9045 9037
f 9037 9045 9046
f 9037 9046 9038
f 9038 9046 9047
f 9038 9047 9039
f 9039 9047 9048
f 9039 9048 9040
f 9040 9048 9041
f 9040 9041 9033
f 9041 9049 9050
f 9041 9050 9042
f 9042 9050 9051
f 9042 9051 9043
f 9043 9051 9052
f 9043 9052 9044
f 9044 9052 9053
f 9044 9053 9045
f 9045 9053 9054
f 9045 9054 9046
f 9046 9054 9055
f 9046 9055 9047
f 9047 9055 9056
f 9047 9056 9048
f 9048 9056 9049
f 9048 9049 9041
f 9049 9057 9058
f 9049 9058 9050
f 9050 9058 9059
f 9050 9059 9051
f 9051 9059 9060
f 9051 9060 9052
f 9052 9060 9061
f 9052 9061 9053
f 9053 9061 9062
f 9053 9062 9054
f 9054 9062 9063
f 9054 9063 9055
f 9055 9063 9064
f 9055 9064 9056
f 9056 9064 9057
f 9056 9057 9049
f 9057 9065 9066
f 9057 9066 9058
f 9058 9066 9067
f 9058 9067 9059
f 9059 9067 9068
f 9059 9068 9060
f 9060 9068 9069
f 9060 9069 9061
f 9061 9069 9070
f 9061 9070 9062
f 9062 9070 9071
f 9062 9071 9063
f 9063 9071 9072
f 9063 9072 9064
f 9064 9072 9065
f 9064 9065 9057
f 9065 9073 9074
f 9065 9074 9066
f 9066 9074 9075
f 9066 9075 9067
f 9067 9075 9076
f 9067 9076 9068
f 9068 9076 9077
f 9068 9077 9069
f 9069 9077 9078
f 9069 9078 9070
f 9070 9078 9079
f 9070 9079 9071
f 9071 9079 9080
f 9071 9080 9072
f 9072 9080 9073
f 9072 9073 9065
f 9073 9081 9082
f 9073 9082 9074
f 9074 9082 9083
f 9074 9083 9075
f 9075 9083 9084
f 9075 9084 9076
f 9076 9084 9085
f 9076 9085 9077
f 9077 9085 9086
f 9077 9086 9078
f 9078 9086 9087
f 9078 9087 9079
f 9079 9087 9088
f 9079 9088 9080
f 9080 9088 9081
f 9080 9081 9073
f 9081 9089 9090
f 9081 9090 9082
f 9082 9090 9091
f 9082 9091 9083
f 9083 9091 9092
f 9083 9092 9084
f 9084 9092 9093
f 9084 9093 9085
f 9085 9093 9094
f 9085 9094 9086
f 9086 9094 9095
f 9086 9095 9087
f 9087 9095 9096
f 9087 9096 9088
f 9088 9096 9089
f 9088 9089 9081
f 9089 9097 9098
f 9089 9098 9090
f 9090 9098 9099
f 9090 9099 9091
f 9091 9099 9100
f 9091 9100 9092
f 9092 9100 9101
f 9092 9101 9093
f 9093 9101 9102
f 9093 9102 9094
f 9094 9102 9103
f 9094 9103 9095
f 9095 9103 9104
f 9095 9104 9096
f 9096 9104 9097
f 9096 9097 9089
f 9097 9105 9106
f 9097 9106 9098
f 9098 9106 9107
f 9098 9107 9099
f 9099 9107 9108
f 9099 9108 9100
f 9100 9108 9109
f 9100 9109 9101
f 9101 9109 9110
f 9101 9110 9102
f 9102 9110 9111
f 9102 9111 9103
f 9103 9111 9112
f 9103 9112 9104
f 9104 9112 9105
f 9104 9105 9097
f 9105 9113 9114
f 9105 9114 9106
f 9106 9114 9115
f 9106 9115 9107
f 9107 9115 9116
f 9107 9116 9108
f 9108 9116 9117
f 9108 9117 9109
f 9109 9117 9118
f 9109 9118 9110
f 9110 9118 9119
f 9110 9119 9111
f 9111 9119 9120
f 9111 9120 9112
f 9112 9120 9113
f 9112 9113 9105
f 9113 8929 8930
f 9113 8930 9114
f 9114 8930 8931
f 9114 8931 9115
f 9115 8931 8932
f 9115 8932 9116
f 9116 8932 8933
f 9116 8933 9117
f 9117 8933 8934
f 9117 8934 9118
f 9118 8934 8935
f 9118 8935 9119
f 9119 8935 8936
f 9119 8936 9120
f 9120 8936 8929
f 9120 8929 9113
o bronze_toe_L_0
g bronze_toe_L_0
f 9122 9136 9135
f 9123 9137 9136
f 9124 9138 9137
f 9125 9139 9138
f 9126 9140 9139
f 9127 9141 9140
f 9128 9142 9141
f 9129 9143 9142
f 9130 9144 9143
f 9131 9145 9144
f 9132 9146 9145
f 9133 9147 9146
f 9134 9148 9147
f 9121 9135 9148
f 9135 9136 9149
f 9136 9150 9149
f 9136 9137 9150
f 9137 9151 9150
f 9137 9138 9151
f 9138 9152 9151
f 9138 9139 9152
f 9139 9153 9152
f 9139 9140 9153
f 9140 9154 9153
f 9140 9141 9154
f 9141 9155 9154
f 9141 9142 9155
f 9142 9156 9155
f 9142 9143 9156
f 9143 9157 9156
f 9143 9144 9157
f 9144 9158 9157
f 9144 9145 9158
f 9145 9159 9158
f 9145 9146 9159
f 9146 9160 9159
f 9146 9147 9160
f 9147 9161 9160
f 9147 9148 9161
f 9148 9162 9161
f 9148 9135 9162
f 9135 9149 9162
f 9149 9150 9163
f 9150 9164 9163
f 9150 9151 9164
f 9151 9165 9164
f 9151 9152 9165
f 9152 9166 9165
f 9152 9153 9166
f 9153 9167 9166
f 9153 9154 9167
f 9154 9168 9167
f 9154 9155 9168
f 9155 9169 9168
f 9155 9156 9169
f 9156 9170 9169
f 9156 9157 9170
f 9157 9171 9170
f 9157 9158 9171
f 9158 9172 9171
f 9158 9159 9172
f 9159 9173 9172
f 9159 9160 9173
f 9160 9174 9173
f 9160 9161 9174
f 9161 9175 9174
f 9161 9162 9175
f 9162 9176 9175
f 9162 9149 9176
f 9149 9163 9176
f 9163 9164 9177
f 9164 9178 9177
f 9164 9165 9178
f 9165 9179 9178
f 9165 9166 9179
f 9166 9180 9179
f 9166 9167 9180
f 9167 9181 9180
f 9167 9168 9181
f 9168 9182 9181
f 9168 9169 9182
f 9169 9183 9182
f 9169 9170 9183
f 9170 9184 9183
f 9170 9171 9184
f 9171 9185 9184
f 9171 9172 9185
f 9172 9186 9185
f 9172 9173 9186
f 9173 9187 9186
f 9173 9174 9187
f 9174 9188 9187
f 9174 9175 9188
f 9175 9189 9188
f 9175 9176 9189
f 9176 9190 9189
f 9176 9163 9190
f 9163 9177 9190
f 9177 9178 9191
f 9178 9192 9191
f 9178 9179 9192
f 9179 9193 9192
f 9179 9180 9193
f 9180 9194 9193
f 9180 9181 9194
f 9181 9195 9194
f 9181 9182 9195
f 9182 9196 9195
f 9182 9183 9196
f 9183 9197 9196
f 9183 9184 9197
f 9184 9198 9197
f 9184 9185 9198
f 9185 9199 9198
f 9185 9186 9199
f 9186 9200 9199
f 9186 9187 9200
f 9187 9201 9200
f 9187 9188 9201
f 9188 9202 9201
f 9188 9189 9202
f 9189 9203 9202
f 9189 9190 9203
f 9190 9204 9203
f 9190 9177 9204
f 9177 9191 9204
f 9191 9192 9205
f 9192 9206 9205
f 9192 9193 9206
f 9193 9207 9206
f 9193 9194 9207
f 9194 9208 9207
f 9194 9195 9208
f 9195 9209 9208
f 9195 9196 9209
f 9196 9210 9209
f 9196 9197 9210
f 9197 9211 9210
f 9197 9198 9211
f 9198 9212 9211
f 9198 9199 9212
f 9199 9213 9212
f 9199 9200 9213
f 9200 9214 9213
f 9200 9201 9214
f 9201 9215 9214
f 9201 9202 9215
f 9202 9216 9215
f 9202 9203 9216
f 9203 9217 9216
f 9203 9204 9217
f 9204 9218 9217
f 9204 9191 9218
f 9191 9205 9218
f 9205 9206 9219
f 9206 9220 9219
f 9206 9207 9220
f 9207 9221 9220
f 9207 9208 9221
f 9208 9222 9221
f 9208 9209 9222
f 9209 9223 9222
f 9209 9210 9223
f 9210 9224 9223
f 9210 9211 9224
f 9211 9225 9224
f 9211 9212 9225
f 9212 9226 9225
f 9212 9213 9226
f 9213 9227 9226
f 9213 9214 9227
f 9214 9228 9227
f 9214 9215 9228
f 9215 9229 9228
f 9215 9216 9229
f 9216 9230 9229
f 9216 9217 9230
f 9217 9231 9230
f 9217 9218 9231
f 9218 9232 9231
f 9218 9205 9232
f 9205 9219 9232
f 9219 9220 9233
f 9220 9234 9233
f 9220 9221 9234
f 9221 9235 9234
f 9221 9222 9235
f 9222 9236 9235
f 9222 9223 9236
f 9223 9237 9236
f 9223 9224 9237
f 9224 9238 9237
f 9224 9225 9238
f 9225 9239 9238
f 9225 9226 9239
f 9226 9240 9239
f 9226 9227 9240
f 9227 9241 9240
f 9227 9228 9241
f 9228 9242 9241
f 9228 9229 9242
f 9229 9243 9242
f 9229 9230 9243
f 9230 9244 9243
f 9230 9231 9244
f 9231 9245 9244
f 9231 9232 9245
f 9232 9246 9245
f 9232 9219 9246
f 9219 9233 9246
f 9233 9234 9247
f 9234 9235 9248
f 9235 9236 9249
f 9236 9237 9250
f 9237 9238 9251
f 9238 9239 9252
f 9239 9240 9253
f 9240 9241 9254
f 9241 9242 9255
f 9242 9243 9256
f 9243 9244 9257
f 9244 9245 9258
f 9245 9246 9259
f 9246 9233 9260
o bronze_toe_L_1
g bronze_toe_L_1
f 9262 9276 9275
f 9263 9277 9276
f 9264 9278 9277
f 9265 9279 9278
f 9266 9280 9279
f 9267 9281 9280
f 9268 9282 9281
f 9269 9283 9282
f 9270 9284 9283
f 9271 9285 9284
f 9272 9286 9285
f 9273 9287 9286
f 9274 9288 9287
f 9261 9275 9288
f 9275 9276 9289
f 9276 9290 9289
f 9276 9277 9290
f 9277 9291 9290
f 9277 9278 9291
f 9278 9292 9291
f 9278 9279 9292
f 9279 9293 9292
f 9279 9280 9293
f 9280 9294 9293
f 9280 9281 9294
f 9281 9295 9294
f 9281 9282 9295
f 9282 9296 9295
f 9282 9283 9296
f 9283 9297 9296
f 9283 9284 9297
f 9284 9298 9297
f 9284 9285 9298
f 9285 9299 9298
f 9285 9286 9299
f 9286 9300 9299
f 9286 9287 9300
f 9287 9301 9300
f 9287 9288 9301
f 9288 9302 9301
f 9288 9275 9302
f 9275 9289 9302
f 9289 9290 9303
f 9290 9304 9303
f 9290 9291 9304
f 9291 9305 9304
f 9291 9292 9305
f 9292 9306 9305
f 9292 9293 9306
f 9293 9307 9306
f 9293 9294 9307
f 9294 9308 9307
f 9294 9295 9308
f 9295 9309 9308
f 9295 9296 9309
f 9296 9310 9309
f 9296 9297 9310
f 9297 9311 9310
f 9297 9298 9311
f 9298 9312 9311
f 9298 9299 9312
f 9299 9313 9312
f 9299 9300 9313
f 9300 9314 9313
f 9300 9301 9314
f 9301 9315 9314
f 9301 9302 9315
f 9302 9316 9315
f 9302 9289 9316
f 9289 9303 9316
f 9303 9304 9317
f 9304 9318 9317
f 9304 9305 9318
f 9305 9319 9318
f 9305 9306 9319
f 9306 9320 9319
f 9306 9307 9320
f 9307 9321 9320
f 9307 9308 9321
f 9308 9322 9321
f 9308 9309 9322
f 9309 9323 9322
f 9309 9310 9323
f 9310 9324 9323
f 9310 9311 9324
f 9311 9325 9324
f 9311 9312 9325
f 9312 9326 9325
f 9312 9313 9326
f 9313 9327 9326
f 9313 9314 9327
f 9314 9328 9327
f 9314 9315 9328
f 9315 9329 9328
f 9315 9316 9329
f 9316 9330 9329
f 9316 9303 9330
f 9303 9317 9330
f 9317 9318 9331
f 9318 9332 9331
f 9318 9319 9332
f 9319 9333 9332
f 9319 9320 9333
f 9320 9334 9333
f 9320 9321 9334
f 9321 9335 9334
f 9321 9322 9335
f 9322 9336 9335
f 9322 9323 9336
f 9323 9337 9336
f 9323 9324 9337
f 9324 9338 9337
f 9324 9325 9338
f 9325 9339 9338
f 9325 9326 9339
f 9326 9340 9339
f 9326 9327 9340
f 9327 9341 9340
f 9327 9328 9341
f 9328 9342 9341
f 9328 9329 9342
f 9329 9343 9342
f 9329 9330 9343
f 9330 9344 9343
f 9330 9317 9344
f 9317 9331 9344
f 9331 9332 9345
f 9332 9346 9345
f 9332 9333 9346
f 9333 9347 9346
f 9333 9334 9347
f 9334 9348 9347
f 9334 9335 9348
f 9335 9349 9348
f 9335 9336 9349
f 9336 9350 9349
f 9336 9337 9350
f 9337 9351 9350
f 9337 9338 9351
f 9338 9352 9351
f 9338 9339 9352
f 9339 9353 9352
f 9339 9340 9353
f 9340 9354 9353
f 9340 9341 9354
f 9341 9355 9354
f 9341 9342 9355
f 9342 9356 9355
f 9342 9343 9356
f 9343 9357 9356
f 9343 9344 9357
f 9344 9358 9357
f 9344 9331 9358
f 9331 9345 9358
f 9345 9346 9359
f 9346 9360 9359
f 9346 9347 9360
f 9347 9361 9360
f 9347 9348 9361
f 9348 9362 9361
f 9348 9349 9362
f 9349 9363 9362
f 9349 9350 9363
f 9350 9364 9363
f 9350 9351 9364
f 9351 9365 9364
f 9351 9352 9365
f 9352 9366 9365
f 9352 9353 9366
f 9353 9367 9366
f 9353 9354 9367
f 9354 9368 9367
f 9354 9355 9368
f 9355 9369 9368
f 9355 9356 9369
f 9356 9370 9369
f 9356 9357 9370
f 9357 9371 9370
f 9357 9358 9371
f 9358 9372 9371
f 9358 9345 9372
f 9345 9359 9372
f 9359 9360 9373
f 9360 9374 9373
f 9360 9361 9374
f 9361 9375 9374
f 9361 9362 9375
f 9362 9376 9375
f 9362 9363 9376
f 9363 9377 9376
f 9363 9364 9377
f 9364 9378 9377
f 9364 9365 9378
f 9365 9379 9378
f 9365 9366 9379
f 9366 9380 9379
f 9366 9367 9380
f 9367 9381 9380
f 9367 9368 9381
f 9368 9382 9381
f 9368 9369 9382
f 9369 9383 9382
f 9369 9370 9383
f 9370 9384 9383
f 9370 9371 9384
f 9371 9385 9384
f 9371 9372 9385
f 9372 9386 9385
f 9372 9359 9386
f 9359 9373 9386
f 9373 9374 9387
f 9374 9375 9388
f 9375 9376 9389
f 9376 9377 9390
f 9377 9378 9391
f 9378 9379 9392
f 9379 9380 9393
f 9380 9381 9394
f 9381 9382 9395
f 9382 9383 9396
f 9383 9384 9397
f 9384 9385 9398
f 9385 9386 9399
f 9386 9373 9400
o bronze_toe_L_2
g bronze_toe_L_2
f 9402 9416 9415
f 9403 9417 9416
f 9404 9418 9417
f 9405 9419 9418
f 9406 9420 9419
f 9407 9421 9420
f 9408 9422 9421
f 9409 9423 9422
f 9410 9424 9423
f 9411 9425 9424
f 9412 9426 9425
f 9413 9427 9426
f 9414 9428 9427
f 9401 9415 9428
f 9415 9416 9429
f 9416 9430 9429
f 9416 9417 9430
f 9417 9431 9430
f 9417 9418 9431
f 9418 9432 9431
f 9418 9419 9432
f 9419 9433 9432
f 9419 9420 9433
f 9420 9434 9433
f 9420 9421 9434
f 9421 9435 9434
f 9421 9422 9435
f 9422 9436 9435
f 9422 9423 9436
f 9423 9437 9436
f 9423 9424 9437
f 9424 9438 9437
f 9424 9425 9438
f 9425 9439 9438
f 9425 9426 9439
f 9426 9440 9439
f 9426 9427 9440
f 9427 9441 9440
f 9427 9428 9441
f 9428 9442 9441
f 9428 9415 9442
f 9415 9429 9442
f 9429 9430 9443
f 9430 9444 9443
f 9430 9431 9444
f 9431 9445 9444
f 9431 9432 9445
f 9432 9446 9445
f 9432 9433 9446
f 9433 9447 9446
f 9433 9434 9447
f 9434 9448 9447
f 9434 9435 9448
f 9435 9449 9448
f 9435 9436 9449
f 9436 9450 9449
f 9436 9437 9450
f 9437 9451 9450
f 9437 9438 9451
f 9438 9452 9451
f 9438 9439 9452
f 9439 9453 9452
f 9439 9440 9453
f 9440 9454 9453
f 9440 9441 9454
f 9441 9455 9454
f 9441 9442 9455
f 9442 9456 9455
f 9442 9429 9456
f 9429 9443 9456
f 9443 9444 9457
f 9444 9458 9457
f 9444 9445 9458
f 9445 9459 9458
f 9445 9446 9459
f 9446 9460 9459
f 9446 9447 9460
f 9447 9461 9460
f 9447 9448 9461
f 9448 9462 9461
f 9448 9449 9462
f 9449 9463 9462
f 9449 9450 9463
f 9450 9464 9463
f 9450 9451 9464
f 9451 9465 9464
f 9451 9452 9465
f 9452 9466 9465
f 9452 9453 9466
f 9453 9467 9466
f 9453 9454 9467
f 9454 9468 9467
f 9454 9455 9468
f 9455 9469 9468
f 9455 9456 9469
f 9456 9470 9469
f 9456 9443 9470
f 9443 9457 9470
f 9457 9458 9471
f 9458 9472 9471
f 9458 9459 9472
f 9459 9473 9472
f 9459 9460 9473
f 9460 9474 9473
f 9460 9461 9474
f 9461 9475 9474
f 9461 9462 9475
f 9462 9476 9475
f 9462 9463 9476
f 9463 9477 9476
f 9463 9464 9477
f 9464 9478 9477
f 9464 9465 9478
f 9465 9479 9478
f 9465 9466 9479
f 9466 9480 9479
f 9466 9467 9480
f 9467 9481 9480
f 9467 9468 9481
f 9468 9482 9481
f 9468 9469 9482
f 9469 9483 9482
f 9469 9470 9483
f 9470 9484 9483
f 9470 9457 9484
f 9457 9471 9484
f 9471 9472 9485
f 9472 9486 9485
f 9472 9473 9486
f 9473 9487 9486
f 9473 9474 9487
f 9474 9488 9487
f 9474 9475 9488
f 9475 9489 9488
f 9475 9476 9489
f 9476 9490 9489
f 9476 9477 9490
f 9477 9491 9490
f 9477 9478 9491
f 9478 9492 9491
f 9478 9479 9492
f 9479 9493 9492
f 9479 9480 9493
f 9480 9494 9493
f 9480 9481 9494
f 9481 9495 9494
f 9481 9482 9495
f 9482 9496 9495
f 9482 9483 9496
f 9483 9497 9496
f 9483 9484 9497
f 9484 9498 9497
f 9484 9471 9498
f 9471 9485 9498
f 9485 9486 9499
f 9486 9500 9499
f 9486 9487 9500
f 9487 9501 9500
f 9487 9488 9501
f 9488 9502 9501
f 9488 9489 9502
f 9489 9503 9502
f 9489 9490 9503
f 9490 9504 9503
f 9490 9491 9504
f 9491 9505 9504
f 9491 9492 9505
f 9492 9506 9505
f 9492 9493 9506
f 9493 9507 9506
f 9493 9494 9507
f 9494 9508 9507
f 9494 9495 9508
f 9495 9509 9508
f 9495 9496 9509
f 9496 9510 9509
f 9496 9497 9510
f 9497 9511 9510
f 9497 9498 9511
f 9498 9512 9511
f 9498 9485 9512
f 9485 9499 9512
f 9499 9500 9513
f 9500 9514 9513
f 9500 9501 9514
f 9501 9515 9514
f 9501 9502 9515
f 9502 9516 9515
f 9502 9503 9516
f 9503 9517 9516
f 9503 9504 9517
f 9504 9518 9517
f 9504 9505 9518
f 9505 9519 9518
f 9505 9506 9519
f 9506 9520 9519
f 9506 9507 9520
f 9507 9521 9520
f 9507 9508 9521
f 9508 9522 9521
f 9508 9509 9522
f 9509 9523 9522
f 9509 9510 9523
f 9510 9524 9523
f 9510 9511 9524
f 9511 9525 9524
f 9511 9512 9525
f 9512 9526 9525
f 9512 9499 9526
f 9499 9513 9526
f 9513 9514 9527
f 9514 9515 9528
f 9515 9516 9529
f 9516 9517 9530
f 9517 9518 9531
f 9518 9519 9532
f 9519 9520 9533
f 9520 9521 9534
f 9521 9522 9535
f 9522 9523 9536
f 9523 9524 9537
f 9524 9525 9538
f 9525 9526 9539
f 9526 9513 9540
o bronze_toe_L_3
g bronze_toe_L_3
f 9542 9556 9555
f 9543 9557 9556
f 9544 9558 9557
f 9545 9559 9558
f 9546 9560 9559
f 9547 9561 9560
f 9548 9562 9561
f 9549 9563 9562
f 9550 9564 9563
f 9551 9565 9564
f 9552 9566 9565
f 9553 9567 9566
f 9554 9568 9567
f 9541 9555 9568
f 9555 9556 9569
f 9556 9570 9569
f 9556 9557 9570
f 9557 9571 9570
f 9557 9558 9571
f 9558 9572 9571
f 9558 9559 9572
f 9559 9573 9572
f 9559 9560 9573
f 9560 9574 9573
f 9560 9561 9574
f 9561 9575 9574
f 9561 9562 9575
f 9562 9576 9575
f 9562 9563 9576
f 9563 9577 9576
f 9563 9564 9577
f 9564 9578 9577
f 9564 9565 9578
f 9565 9579 9578
f 9565 9566 9579
f 9566 9580 9579
f 9566 9567 9580
f 9567 9581 9580
f 9567 9568 9581
f 9568 9582 9581
f 9568 9555 9582
f 9555 9569 9582
f 9569 9570 9583
f 9570 9584 9583
f 9570 9571 9584
f 9571 9585 9584
f 9571 9572 9585
f 9572 9586 9585
f 9572 9573 9586
f 9573 9587 9586
f 9573 9574 9587
f 9574 9588 9587
f 9574 9575 9588
f 9575 9589 9588
f 9575 9576 9589
f 9576 9590 9589
f 9576 9577 9590
f 9577 9591 9590
f 9577 9578 9591
f 9578 9592 9591
f 9578 9579 9592
f 9579 9593 9592
f 9579 9580 9593
f 9580 9594 9593
f 9580 9581 9594
f 9581 9595 9594
f 9581 9582 9595
f 9582 9596 9595
f 9582 9569 9596
f 9569 9583 9596
f 9583 9584 9597
f 9584 9598 9597
f 9584 9585 9598
f 9585 9599 9598
f 9585 9586 9599
f 9586 9600 9599
f 9586 9587 9600
f 9587 9601 9600
f 9587 9588 9601
f 9588 9602 9601
f 9588 9589 9602
f 9589 9603 9602
f 9589 9590 9603
f 9590 9604 9603
f 9590 9591 9604
f 9591 9605 9604
f 9591 9592 9605
f 9592 9606 9605
f 9592 9593 9606
f 9593 9607 9606
f 9593 9594 9607
f 9594 9608 9607
f 9594 9595 9608
f 9595 9609 9608
f 9595 9596 9609
f 9596 9610 9609
f 9596 9583 9610
f 9583 9597 9610
f 9597 9598 9611
f 9598 9612 9611
f 9598 9599 9612
f 9599 9613 9612
f 9599 9600 9613
f 9600 9614 9613
f 9600 9601 9614
f 9601 9615 9614
f 9601 9602 9615
f 9602 9616 9615
f 9602 9603 9616
f 9603 9617 9616
f 9603 9604 9617
f 9604 9618 9617
f 9604 9605 9618
f 9605 9619 9618
f 9605 9606 9619
f 9606 9620 9619
f 9606 9607 9620
f 9607 9621 9620
f 9607 9608 9621
f 9608 9622 9621
f 9608 9609 9622
f 9609 9623 9622
f 9609 9610 9623
f 9610 9624 9623
f 9610 9597 9624
f 9597 9611 9624
f 9611 9612 9625
f 9612 9626 9625
f 9612 9613 9626
f 9613 9627 9626
f 9613 9614 9627
f 9614 9628 9627
f 9614 9615 9628
f 9615 9629 9628
f 9615 9616 9629
f 9616 9630 9629
f 9616 9617 9630
f 9617 9631 9630
f 9617 9618 9631
f 9618 9632 9631
f 9618 9619 9632
f 9619 9633 9632
f 9619 9620 9633
f 9620 9634 9633
f 9620 9621 9634
f 9621 9635 9634
f 9621 9622 9635
f 9622 9636 9635
f 9622 9623 9636
f 9623 9637 9636
f 9623 9624 9637
f 9624 9638 9637
f 9624 9611 9638
f 9611 9625 9638
f 9625 9626 9639
f 9626 9640 9639
f 9626 9627 9640
f 9627 9641 9640
f 9627 9628 9641
f 9628 9642 9641
f 9628 9629 9642
f 9629 9643 9642
f 9629 9630 9643
f 9630 9644 9643
f 9630 9631 9644
f 9631 9645 9644
f 9631 9632 9645
f 9632 9646 9645
f 9632 9633 9646
f 9633 9647 9646
f 9633 9634 9647
f 9634 9648 9647
f 9634 9635 9648
f 9635 9649 9648
f 9635 9636 9649
f 9636 9650 9649
f 9636 9637 9650
f 9637 9651 9650
f 9637 9638 9651
f 9638 9652 9651
f 9638 9625 9652
f 9625 9639 9652
f 9639 9640 9653
f 9640 9654 9653
f 9640 9641 9654
f 9641 9655 9654
f 9641 9642 9655
f 9642 9656 9655
f 9642 9643 9656
f 9643 9657 9656
f 9643 9644 9657
f 9644 9658 9657
f 9644 9645 9658
f 9645 9659 9658
f 9645 9646 9659
f 9646 9660 9659
f 9646 9647 9660
f 9647 9661 9660
f 9647 9648 9661
f 9648 9662 9661
f 9648 9649 9662
f 9649 9663 9662
f 9649 9650 9663
f 9650 9664 9663
f 9650 9651 9664
f 9651 9665 9664
f 9651 9652 9665
f 9652 9666 9665
f 9652 9639 9666
f 9639 9653 9666
f 9653 9654 9667
f 9654 9655 9668
f 9655 9656 9669
f 9656 9657 9670
f 9657 9658 9671
f 9658 9659 9672
f 9659 9660 9673
f 9660 9661 9674
f 9661 9662 9675
f 9662 9663 9676
f 9663 9664 9677
f 9664 9665 9678
f 9665 9666 9679
f 9666 9653 9680
o bronze_toe_L_4
g bronze_toe_L_4
f 9682 9696 9695
f 9683 9697 9696
f 9684 9698 9697
f 9685 9699 9698
f 9686 9700 9699
f 9687 9701 9700
f 9688 9702 9701
f 9689 9703 9702
f 9690 9704 9703
f 9691 9705 9704
f 9692 9706 9705
f 9693 9707 9706
f 9694 9708 9707
f 9681 9695 9708
f 9695 9696 9709
f 9696 9710 9709
f 9696 9697 9710
f 9697 9711 9710
f 9697 9698 9711
f 9698 9712 9711
f 9698 9699 9712
f 9699 9713 9712
f 9699 9700 9713
f 9700 9714 9713
f 9700 9701 9714
f 9701 9715 9714
f 9701 9702 9715
f 9702 9716 9715
f 9702 9703 9716
f 9703 9717 9716
f 9703 9704 9717
f 9704 9718 9717
f 9704 9705 9718
f 9705 9719 9718
f 9705 9706 9719
f 9706 9720 9719
f 9706 9707 9720
f 9707 9721 9720
f 9707 9708 9721
f 9708 9722 9721
f 9708 9695 9722
f 9695 9709 9722
f 9709 9710 9723
f 9710 9724 9723
f 9710 9711 9724
f 9711 9725 9724
f 9711 9712 9725
f 9712 9726 9725
f 9712 9713 9726
f 9713 9727 9726
f 9713 9714 9727
f 9714 9728 9727
f 9714 9715 9728
f 9715 9729 9728
f 9715 9716 9729
f 9716 9730 9729
f 9716 9717 9730
f 9717 9731 9730
f 9717 9718 9731
f 9718 9732 9731
f 9718 9719 9732
f 9719 9733 9732
f 9719 9720 9733
f 9720 9734 9733
f 9720 9721 9734
f 9721 9735 9734
f 9721 9722 9735
f 9722 9736 9735
f 9722 9709 9736
f 9709 9723 9736
f 9723 9724 9737
f 9724 9738 9737
f 9724 9725 9738
f 9725 9739 9738
f 9725 9726 9739
f 9726 9740 9739
f 9726 9727 9740
f 9727 9741 9740
f 9727 9728 9741
f 9728 9742 9741
f 9728 9729 9742
f 9729 9743 9742
f 9729 9730 9743
f 9730 9744 9743
f 9730 9731 9744
f 9731 9745 9744
f 9731 9732 9745
f 9732 9746 9745
f 9732 9733 9746
f 9733 9747 9746
f 9733 9734 9747
f 9734 9748 9747
f 9734 9735 9748
f 9735 9749 9748
f 9735 9736 9749
f 9736 9750 9749
f 9736 9723 9750
f 9723 9737 9750
f 9737 9738 9751
f 9738 9752 9751
f 9738 9739 9752
f 9739 9753 9752
f 9739 9740 9753
f 9740 9754 9753
f 9740 9741 9754
f 9741 9755 9754
f 9741 9742 9755
f 9742 9756 9755
f 9742 9743 9756
f 9743 9757 9756
f 9743 9744 9757
f 9744 9758 9757
f 9744 9745 9758
f 9745 9759 9758
f 9745 9746 9759
f 9746 9760 9759
f 9746 9747 9760
f 9747 9761 9760
f 9747 9748 9761
f 9748 9762 9761
f 9748 9749 9762
f 9749 9763 9762
f 9749 9750 9763
f 9750 9764 9763
f 9750 9737 9764
f 9737 9751 9764
f 9751 9752 9765
f 9752 9766 9765
f 9752 9753 9766
f 9753 9767 9766
f 9753 9754 9767
f 9754 9768 9767
f 9754 9755 9768
f 9755 9769 9768
f 9755 9756 9769
f 9756 9770 9769
f 9756 9757 9770
f 9757 9771 9770
f 9757 9758 9771
f 9758 9772 9771
f 9758 9759 9772
f 9759 9773 9772
f 9759 9760 9773
f 9760 9774 9773
f 9760 9761 9774
f 9761 9775 9774
f 9761 9762 9775
f 9762 9776 9775
f 9762 9763 9776
f 9763 9777 9776
f 9763 9764 9777
f 9764 9778 9777
f 9764 9751 9778
f 9751 9765 9778
f 9765 9766 9779
f 9766 9780 9779
f 9766 9767 9780
f 9767 9781 9780
f 9767 9768 9781
f 9768 9782 9781
f 9768 9769 9782
f 9769 9783 9782
f 9769 9770 9783
f 9770 9784 9783
f 9770 9771 9784
f 9771 9785 9784
f 9771 9772 9785
f 9772 9786 9785
f 9772 9773 9786
f 9773 9787 9786
f 9773 9774 9787
f 9774 9788 9787
f 9774 9775 9788
f 9775 9789 9788
f 9775 9776 9789
f 9776 9790 9789
f 9776 9777 9790
f 9777 9791 9790
f 9777 9778 9791
f 9778 9792 9791
f 9778 9765 9792
f 9765 9779 9792
f 9779 9780 9793
f 9780 9794 9793
f 9780 9781 9794
f 9781 9795 9794
f 9781 9782 9795
f 9782 9796 9795
f 9782 9783 9796
f 9783 9797 9796
f 9783 9784 9797
f 9784 9798 9797
f 9784 9785 9798
f 9785 9799 9798
f 9785 9786 9799
f 9786 9800 9799
f 9786 9787 9800
f 9787 9801 9800
f 9787 9788 9801
f 9788 9802 9801
f 9788 9789 9802
f 9789 9803 9802
f 9789 9790 9803
f 9790 9804 9803
f 9790 9791 9804
f 9791 9805 9804
f 9791 9792 9805
f 9792 9806 9805
f 9792 9779 9806
f 9779 9793 9806
f 9793 9794 9807
f 9794 9795 9808
f 9795 9796 9809
f 9796 9797 9810
f 9797 9798 9811
f 9798 9799 9812
f 9799 9800 9813
f 9800 9801 9814
f 9801 9802 9815
f 9802 9803 9816
f 9803 9804 9817
f 9804 9805 9818
f 9805 9806 9819
f 9806 9793 9820
o bronze_toe_R_0
g bronze_toe_R_0
f 9822 9836 9835
f 9823 9837 9836
f 9824 9838 9837
f 9825 9839 9838
f 9826 9840 9839
f 9827 9841 9840
f 9828 9842 9841
f 9829 9843 9842
f 9830 9844 9843
f 9831 9845 9844
f 9832 9846 9845
f 9833 9847 9846
f 9834 9848 9847
f 9821 9835 9848
f 9835 9836 9849
f 9836 9850 9849
f 9836 9837 9850
f 9837 9851 9850
f 9837 9838 9851
f 9838 9852 9851
f 9838 9839 9852
f 9839 9853 9852
f 9839 9840 9853
f 9840 9854 9853
f 9840 9841 9854
f 9841 9855 9854
f 9841 9842 9855
f 9842 9856 9855
f 9842 9843 9856
f 9843 9857 9856
f 9843 9844 9857
f 9844 9858 9857
f 9844 9845 9858
f 9845 9859 9858
f 9845 9846 9859
f 9846 9860 9859
f 9846 9847 9860
f 9847 9861 9860
f 9847 9848 9861
f 9848 9862 9861
f 9848 9835 9862
f 9835 9849 9862
f 9849 9850 9863
f 9850 9864 9863
f 9850 9851 9864
f 9851 9865 9864
f 9851 9852 9865
f 9852 9866 9865
f 9852 9853 9866
f 9853 9867 9866
f 9853 9854 9867
f 9854 9868 9867
f 9854 9855 9868
f 9855 9869 9868
f 9855 9856 9869
f 9856 9870 9869
f 9856 9857 9870
f 9857 9871 9870
f 9857 9858 9871
f 9858 9872 9871
f 9858 9859 9872
f 9859 9873 9872
f 9859 9860 9873
f 9860 9874 9873
f 9860 9861 9874
f 9861 9875 9874
f 9861 9862 9875
f 9862 9876 9875
f 9862 9849 9876
f 9849 9863 9876
f 9863 9864 9877
f 9864 9878 9877
f 9864 9865 9878
f 9865 9879 9878
f 9865 9866 9879
f 9866 9880 9879
f 9866 9867 9880
f 9867 9881 9880
f 9867 9868 9881
f 9868 9882 9881
f 9868 9869 9882
f 9869 9883 9882
f 9869 9870 9883
f 9870 9884 9883
f 9870 9871 9884
f 9871 9885 9884
f 9871 9872 9885
f 9872 9886 9885
f 9872 9873 9886
f 9873 9887 9886
f 9873 9874 9887
f 9874 9888 9887
f 9874 9875 9888
f 9875 9889 9888
f 9875 9876 9889
f 9876 9890 9889
f 9876 9863 9890
f 9863 9877 9890
f 9877 9878 9891
f 9878 9892 9891
f 9878 9879 9892
f 9879 9893 9892
f 9879 9880 9893
f 9880 9894 9893
f 9880 9881 9894
f 9881 9895 9894
f 9881 9882 9895
f 9882 9896 9895
f 9882 9883 9896
f 9883 9897 9896
f 9883 9884 9897
f 9884 9898 9897
f 9884 9885 9898
f 9885 9899 9898
f 9885 9886 9899
f 9886 9900 9899
f 9886 9887 9900
f 9887 9901 9900
f 9887 9888 9901
f 9888 9902 9901
f 9888 9889 9902
f 9889 9903 9902
f 9889 9890 9903
f 9890 9904 9903
f 9890 9877 9904
f 9877 9891 9904
f 9891 9892 9905
f 9892 9906 9905
f 9892 9893 9906
f 9893 9907 9906
f 9893 9894 9907
f 9894 9908 9907
f 9894 9895 9908
f 9895 9909 9908
f 9895 9896 9909
f 9896 9910 9909
f 9896 9897 9910
f 9897 9911 9910
f 9897 9898 9911
f 9898 9912 9911
f 9898 9899 9912
f 9899 9913 9912
f 9899 9900 9913
f 9900 9914 9913
f 9900 9901 9914
f 9901 9915 9914
f 9901 9902 9915
f 9902 9916 9915
f 9902 9903 9916
f 9903 9917 9916
f 9903 9904 9917
f 9904 9918 9917
f 9904 9891 9918
f 9891 9905 9918
f 9905 9906 9919
f 9906 9920 9919
f 9906 9907 9920
f 9907 9921 9920
f 9907 9908 9921
f 9908 9922 9921
f 9908 9909 9922
f 9909 9923 9922
f 9909 9910 9923
f 9910 9924 9923
f 9910 9911 9924
f 9911 9925 9924
f 9911 9912 9925
f 9912 9926 9925
f 9912 9913 9926
f 9913 9927 9926
f 9913 9914 9927
f 9914 9928 9927
f 9914 9915 9928
f 9915 9929 9928
f 9915 9916 9929
f 9916 9930 9929
f 9916 9917 9930
f 9917 9931 9930
f 9917 9918 9931
f 9918 9932 9931
f 9918 9905 9932
f 9905 9919 9932
f 9919 9920 9933
f 9920 9934 9933
f 9920 9921 9934
f 9921 9935 9934
f 9921 9922 9935
f 9922 9936 9935
f 9922 9923 9936
f 9923 9937 9936
f 9923 9924 9937
f 9924 9938 9937
f 9924 9925 9938
f 9925 9939 9938
f 9925 9926 9939
f 9926 9940 9939
f 9926 9927 9940
f 9927 9941 9940
f 9927 9928 9941
f 9928 9942 9941
f 9928 9929 9942
f 9929 9943 9942
f 9929 9930 9943
f 9930 9944 9943
f 9930 9931 9944
f 9931 9945 9944
f 9931 9932 9945
f 9932 9946 9945
f 9932 9919 9946
f 9919 9933 9946
f 9933 9934 9947
f 9934 9935 9948
f 9935 9936 9949
f 9936 9937 9950
f 9937 9938 9951
f 9938 9939 9952
f 9939 9940 9953
f 9940 9941 9954
f 9941 9942 9955
f 9942 9943 9956
f 9943 9944 9957
f 9944 9945 9958
f 9945 9946 9959
f 9946 9933 9960
o bronze_toe_R_1
g bronze_toe_R_1
f 9962 9976 9975
f 9963 9977 9976
f 9964 9978 9977
f 9965 9979 9978
f 9966 9980 9979
f 9967 9981 9980
f 9968 9982 9981
f 9969 9983 9982
f 9970 9984 9983
f 9971 9985 9984
f 9972 9986 9985
f 9973 9987 9986
f 9974 9988 9987
f 9961 9975 9988
f 9975 9976 9989
f 9976 9990 9989
f 9976 9977 9990
f 9977 9991 9990
f 9977 9978 9991
f 9978 9992 9991
f 9978 9979 9992
f 9979 9993 9992
f 9979 9980 9993
f 9980 9994 9993
f 9980 9981 9994
f 9981 9995 9994
f 9981 9982 9995
f 9982 9996 9995
f 9982 9983 9996
f 9983 9997 9996
f 9983 9984 9997
f 9984 9998 9997
f 9984 9985 9998
f 9985 9999 9998
f 9985 9986 9999
f 9986 10000 9999
f 9986 9987 10000
f 9987 10001 10000
f 9987 9988 10001
f 9988 10002 10001
f 9988 9975 10002
f 9975 9989 10002
f 9989 9990 10003
f 9990 10004 10003
f 9990 9991 10004
f 9991 10005 10004
f 9991 9992 10005
f 9992 10006 10005
f 9992 9993 10006
f 9993 10007 10006
f 9993 9994 10007
f 9994 10008 10007
f 9994 9995 10008
f 9995 10009 10008
f 9995 9996 10009
f 9996 10010 10009
f 9996 9997 10010
f 9997 10011 10010
f 9997 9998 10011
f 9998 10012 10011
f 9998 9999 10012
f 9999 10013 10012
f 9999 10000 10013
f 10000 10014 10013
f 10000 10001 10014
f 10001 10015 10014
f 10001 10002 10015
f 10002 10016 10015
f 10002 9989 10016
f 9989 10003 10016
f 10003 10004 10017
f 10004 10018 10017
f 10004 10005 10018
f 10005 10019 10018
f 10005 10006 10019
f 10006 10020 10019
f 10006 10007 10020
f 10007 10021 10020
f 10007 10008 10021
f 10008 10022 10021
f 10008 10009 10022
f 10009 10023 10022
f 10009 10010 10023
f 10010 10024 10023
f 10010 10011 10024
f 10011 10025 10024
f 10011 10012 10025
f 10012 10026 10025
f 10012 10013 10026
f 10013 10027 10026
f 10013 10014 10027
f 10014 10028 10027
f 10014 10015 10028
f 10015 10029 10028
f 10015 10016 10029
f 10016 10030 10029
f 10016 10003 10030
f 10003 10017 10030
f 10017 10018 10031
f 10018 10032 10031
f 10018 10019 10032
f 10019 10033 10032
f 10019 10020 10033
f 10020 10034 10033
f 10020 10021 10034
f 10021 10035 10034
f 10021 10022 10035
f 10022 10036 10035
f 10022 10023 10036
f 10023 10037 10036
f 10023 10024 10037
f 10024 10038 10037
f 10024 10025 10038
f 10025 10039 10038
f 10025 10026 10039
f 10026 10040 10039
f 10026 10027 10040
f 10027 10041 10040
f 10027 10028 10041
f 10028 10042 10041
f 10028 10029 10042
f 10029 10043 10042
f 10029 10030 10043
f 10030 10044 10043
f 10030 10017 10044
f 10017 10031 10044
f 10031 10032 10045
f 10032 10046 10045
f 10032 10033 10046
f 10033 10047 10046
f 10033 10034 10047
f 10034 10048 10047
f 10034 10035 10048
f 10035 10049 10048
f 10035 10036 10049
f 10036 10050 10049
f 10036 10037 10050
f 10037 10051 10050
f 10037 10038 10051
f 10038 10052 10051
f 10038 10039 10052
f 10039 10053 10052
f 10039 10040 10053
f 10040 10054 10053
f 10040 10041 10054
f 10041 10055 10054
f 10041 10042 10055
f 10042 10056 10055
f 10042 10043 10056
f 10043 10057 10056
f 10043 10044 10057
f 10044 10058 10057
f 10044 10031 10058
f 10031 10045 10058
f 10045 10046 10059
f 10046 10060 10059
f 10046 10047 10060
f 10047 10061 10060
f 10047 10048 10061
f 10048 10062 10061
f 10048 10049 10062
f 10049 10063 10062
f 10049 10050 10063
f 10050 10064 10063
f 10050 10051 10064
f 10051 10065 10064
f 10051 10052 10065
f 10052 10066 10065
f 10052 10053 10066
f 10053 10067 10066
f 10053 10054 10067
f 10054 10068 10067
f 10054 10055 10068
f 10055 10069 10068
f 10055 10056 10069
f 10056 10070 10069
f 10056 10057 10070
f 10057 10071 10070
f 10057 10058 10071
f 10058 10072 10071
f 10058 10045 10072
f 10045 10059 10072
f 10059 10060 10073
f 10060 10074 10073
f 10060 10061 10074
f 10061 10075 10074
f 10061 10062 10075
f 10062 10076 10075
f 10062 10063 10076
f 10063 10077 10076
f 10063 10064 10077
f 10064 10078 10077
f 10064 10065 10078
f 10065 10079 10078
f 10065 10066 10079
f 10066 10080 10079
f 10066 10067 10080
f 10067 10081 10080
f 10067 10068 10081
f 10068 10082 10081
f 10068 10069 10082
f 10069 10083 10082
f 10069 10070 10083
f 10070 10084 10083
f 10070 10071 10084
f 10071 10085 10084
f 10071 10072 10085
f 10072 10086 10085
f 10072 10059 10086
f 10059 10073 10086
f 10073 10074 10087
f 10074 10075 10088
f 10075 10076 10089
f 10076 10077 10090
f 10077 10078 10091
f 10078 10079 10092
f 10079 10080 10093
f 10080 10081 10094
f 10081 10082 10095
f 10082 10083 10096
f 10083 10084 10097
f 10084 10085 10098
f 10085 10086 10099
f 10086 10073 10100
o bronze_toe_R_2
g bronze_toe_R_2
f 10102 10116 10115
f 10103 10117 10116
f 10104 10118 10117
f 10105 10119 10118
f 10106 10120 10119
f 10107 10121 10120
f 10108 10122 10121
f 10109 10123 10122
f 10110 10124 10123
f 10111 10125 10124
f 10112 10126 10125
f 10113 10127 10126
f 10114 10128 10127
f 10101 10115 10128
f 10115 10116 10129
f 10116 10130 10129
f 10116 10117 10130
f 10117 10131 10130
f 10117 10118 10131
f 10118 10132 10131
f 10118 10119 10132
f 10119 10133 10132
f 10119 10120 10133
f 10120 10134 10133
f 10120 10121 10134
f 10121 10135 10134
f 10121 10122 10135
f 10122 10136 10135
f 10122 10123 10136
f 10123 10137 10136
f 10123 10124 10137
f 10124 10138 10137
f 10124 10125 10138
f 10125 10139 10138
f 10125 10126 10139
f 10126 10140 10139
f 10126 10127 10140
f 10127 10141 10140
f 10127 10128 10141
f 10128 10142 10141
f 10128 10115 10142
f 10115 10129 10142
f 10129 10130 10143
f 10130 10144 10143
f 10130 10131 10144
f 10131 10145 10144
f 10131 10132 10145
f 10132 10146 10145
f 10132 10133 10146
f 10133 10147 10146
f 10133 10134 10147
f 10134 10148 10147
f 10134 10135 10148
f 10135 10149 10148
f 10135 10136 10149
f 10136 10150 10149
f 10136 10137 10150
f 10137 10151 10150
f 10137 10138 10151
f 10138 10152 10151
f 10138 10139 10152
f 10139 10153 10152
f 10139 10140 10153
f 10140 10154 10153
f 10140 10141 10154
f 10141 10155 10154
f 10141 10142 10155
f 10142 10156 10155
f 10142 10129 10156
f 10129 10143 10156
f 10143 10144 10157
f 10144 10158 10157
f 10144 10145 10158
f 10145 10159 10158
f 10145 10146 10159
f 10146 10160 10159
f 10146 10147 10160
f 10147 10161 10160
f 10147 10148 10161
f 10148 10162 10161
f 10148 10149 10162
f 10149 10163 10162
f 10149 10150 10163
f 10150 10164 10163
f 10150 10151 10164
f 10151 10165 10164
f 10151 10152 10165
f 10152 10166 10165
f 10152 10153 10166
f 10153 10167 10166
f 10153 10154 10167
f 10154 10168 10167
f 10154 10155 10168
f 10155 10169 10168
f 10155 10156 10169
f 10156 10170 10169
f 10156 10143 10170
f 10143 10157 10170
f 10157 10158 10171
f 10158 10172 10171
f 10158 10159 10172
f 10159 10173 10172
f 10159 10160 10173
f 10160 10174 10173
f 10160 10161 10174
f 10161 10175 10174
f 10161 10162 10175
f 10162 10176 10175
f 10162 10163 10176
f 10163 10177 10176
f 10163 10164 10177
f 10164 10178 10177
f 10164 10165 10178
f 10165 10179 10178
f 10165 10166 10179
f 10166 10180 10179
f 10166 10167 10180
f 10167 10181 10180
f 10167 10168 10181
f 10168 10182 10181
f 10168 10169 10182
f 10169 10183 10182
f 10169 10170 10183
f 10170 10184 10183
f 10170 10157 10184
f 10157 10171 10184
f 10171 10172 10185
f 10172 10186 10185
f 10172 10173 10186
f 10173 10187 10186
f 10173 10174 10187
f 10174 10188 10187
f 10174 10175 10188
f 10175 10189 10188
f 10175 10176 10189
f 10176 10190 10189
f 10176 10177 10190
f 10177 10191 10190
f 10177 10178 10191
f 10178 10192 10191
f 10178 10179 10192
f 10179 10193 10192
f 10179 10180 10193
f 10180 10194 10193
f 10180 10181 10194
f 10181 10195 10194
f 10181 10182 10195
f 10182 10196 10195
f 10182 10183 10196
f 10183 10197 10196
f 10183 10184 10197
f 10184 10198 10197
f 10184 10171 10198
f 10171 10185 10198
f 10185 10186 10199
f 10186 10200 10199
f 10186 10187 10200
f 10187 10201 10200
f 10187 10188 10201
f 10188 10202 10201
f 10188 10189 10202
f 10189 10203 10202
f 10189 10190 10203
f 10190 10204 10203
f 10190 10191 10204
f 10191 10205 10204
f 10191 10192 10205
f 10192 10206 10205
f 10192 10193 10206
f 10193 10207 10206
f 10193 10194 10207
f 10194 10208 10207
f 10194 10195 10208
f 10195 10209 10208
f 10195 10196 10209
f 10196 10210 10209
f 10196 10197 10210
f 10197 10211 10210
f 10197 10198 10211
f 10198 10212 10211
f 10198 10185 10212
f 10185 10199 10212
f 10199 10200 10213
f 10200 10214 10213
f 10200 10201 10214
f 10201 10215 10214
f 10201 10202 10215
f 10202 10216 10215
f 10202 10203 10216
f 10203 10217 10216
f 10203 10204 10217
f 10204 10218 10217
f 10204 10205 10218
f 10205 10219 10218
f 10205 10206 10219
f 10206 10220 10219
f 10206 10207 10220
f 10207 10221 10220
f 10207 10208 10221
f 10208 10222 10221
f 10208 10209 10222
f 10209 10223 10222
f 10209 10210 10223
f 10210 10224 10223
f 10210 10211 10224
f 10211 10225 10224
f 10211 10212 10225
f 10212 10226 10225
f 10212 10199 10226
f 10199 10213 10226
f 10213 10214 10227
f 10214 10215 10228
f 10215 10216 10229
f 10216 10217 10230
f 10217 10218 10231
f 10218 10219 10232
f 10219 10220 10233
f 10220 10221 10234
f 10221 10222 10235
f 10222 10223 10236
f 10223 10224 10237
f 10224 10225 10238
f 10225 10226 10239
f 10226 10213 10240
o bronze_toe_R_3
g bronze_toe_R_3
f 10242 10256 10255
f 10243 10257 10256
f 10244 10258 10257
f 10245 10259 10258
f 10246 10260 10259
f 10247 10261 10260
f 10248 10262 10261
f 10249 10263 10262
f 10250 10264 10263
f 10251 10265 10264
f 10252 10266 10265
f 10253 10267 10266
f 10254 10268 10267
f 10241 10255 10268
f 10255 10256 10269
f 10256 10270 10269
f 10256 10257 10270
f 10257 10271 10270
f 10257 10258 10271
f 10258 10272 10271
f 10258 10259 10272
f 10259 10273 10272
f 10259 10260 10273
f 10260 10274 10273
f 10260 10261 10274
f 10261 10275 10274
f 10261 10262 10275
f 10262 10276 10275
f 10262 10263 10276
f 10263 10277 10276
f 10263 10264 10277
f 10264 10278 10277
f 10264 10265 10278
f 10265 10279 10278
f 10265 10266 10279
f 10266 10280 10279
f 10266 10267 10280
f 10267 10281 10280
f 10267 10268 10281
f 10268 10282 10281
f 10268 10255 10282
f 10255 10269 10282
f 10269 10270 10283
f 10270 10284 10283
f 10270 10271 10284
f 10271 10285 10284
f 10271 10272 10285
f 10272 10286 10285
f 10272 10273 10286
f 10273 10287 10286
f 10273 10274 10287
f 10274 10288 10287
f 10274 10275 10288
f 10275 10289 10288
f 10275 10276 10289
f 10276 10290 10289
f 10276 10277 10290
f 10277 10291 10290
f 10277 10278 10291
f 10278 10292 10291
f 10278 10279 10292
f 10279 10293 10292
f 10279 10280 10293
f 10280 10294 10293
f 10280 10281 10294
f 10281 10295 10294
f 10281 10282 10295
f 10282 10296 10295
f 10282 10269 10296
f 10269 10283 10296
f 10283 10284 10297
f 10284 10298 10297
f 10284 10285 10298
f 10285 10299 10298
f 10285 10286 10299
f 10286 10300 10299
f 10286 10287 10300
f 10287 10301 10300
f 10287 10288 10301
f 10288 10302 10301
f 10288 10289 10302
f 10289 10303 10302
f 10289 10290 10303
f 10290 10304 10303
f 10290 10291 10304
f 10291 10305 10304
f 10291 10292 10305
f 10292 10306 10305
f 10292 10293 10306
f 10293 10307 10306
f 10293 10294 10307
f 10294 10308 10307
f 10294 10295 10308
f 10295 10309 10308
f 10295 10296 10309
f 10296 10310 10309
f 10296 10283 10310
f 10283 10297 10310
f 10297 10298 10311
f 10298 10312 10311
f 10298 10299 10312
f 10299 10313 10312
f 10299 10300 10313
f 10300 10314 10313
f 10300 10301 10314
f 10301 10315 10314
f 10301 10302 10315
f 10302 10316 10315
f 10302 10303 10316
f 10303 10317 10316
f 10303 10304 10317
f 10304 10318 10317
f 10304 10305 10318
f 10305 10319 10318
f 10305 10306 10319
f 10306 10320 10319
f 10306 10307 10320
f 10307 10321 10320
f 10307 10308 10321
f 10308 10322 10321
f 10308 10309 10322
f 10309 10323 10322
f 10309 10310 10323
f 10310 10324 10323
f 10310 10297 10324
f 10297 10311 10324
f 10311 10312 10325
f 10312 10326 10325
f 10312 10313 10326
f 10313 10327 10326
f 10313 10314 10327
f 10314 10328 10327
f 10314 10315 10328
f 10315 10329 10328
f 10315 10316 10329
f 10316 10330 10329
f 10316 10317 10330
f 10317 10331 10330
f 10317 10318 10331
f 10318 10332 10331
f 10318 10319 10332
f 10319 10333 10332
f 10319 10320 10333
f 10320 10334 10333
f 10320 10321 10334
f 10321 10335 10334
f 10321 10322 10335
f 10322 10336 10335
f 10322 10323 10336
f 10323 10337 10336
f 10323 10324 10337
f 10324 10338 10337
f 10324 10311 10338
f 10311 10325 10338
f 10325 10326 10339
f 10326 10340 10339
f 10326 10327 10340
f 10327 10341 10340
f 10327 10328 10341
f 10328 10342 10341
f 10328 10329 10342
f 10329 10343 10342
f 10329 10330 10343
f 10330 10344 10343
f 10330 10331 10344
f 10331 10345 10344
f 10331 10332 10345
f 10332 10346 10345
f 10332 10333 10346
f 10333 10347 10346
f 10333 10334 10347
f 10334 10348 10347
f 10334 10335 10348
f 10335 10349 10348
f 10335 10336 10349
f 10336 10350 10349
f 10336 10337 10350
f 10337 10351 10350
f 10337 10338 10351
f 10338 10352 10351
f 10338 10325 10352
f 10325 10339 10352
f 10339 10340 10353
f 10340 10354 10353
f 10340 10341 10354
f 10341 10355 10354
f 10341 10342 10355
f 10342 10356 10355
f 10342 10343 10356
f 10343 10357 10356
f 10343 10344 10357
f 10344 10358 10357
f 10344 10345 10358
f 10345 10359 10358
f 10345 10346 10359
f 10346 10360 10359
f 10346 10347 10360
f 10347 10361 10360
f 10347 10348 10361
f 10348 10362 10361
f 10348 10349 10362
f 10349 10363 10362
f 10349 10350 10363
f 10350 10364 10363
f 10350 10351 10364
f 10351 10365 10364
f 10351 10352 10365
f 10352 10366 10365
f 10352 10339 10366
f 10339 10353 10366
f 10353 10354 10367
f 10354 10355 10368
f 10355 10356 10369
f 10356 10357 10370
f 10357 10358 10371
f 10358 10359 10372
f 10359 10360 10373
f 10360 10361 10374
f 10361 10362 10375
f 10362 10363 10376
f 10363 10364 10377
f 10364 10365 10378
f 10365 10366 10379
f 10366 10353 10380
o bronze_toe_R_4
g bronze_toe_R_4
f 10382 10396 10395
f 10383 10397 10396
f 10384 10398 10397
f 10385 10399 10398
f 10386 10400 10399
f 10387 10401 10400
f 10388 10402 10401
f 10389 10403 10402
f 10390 10404 10403
f 10391 10405 10404
f 10392 10406 10405
f 10393 10407 10406
f 10394 10408 10407
f 10381 10395 10408
f 10395 10396 10409
f 10396 10410 10409
f 10396 10397 10410
f 10397 10411 10410
f 10397 10398 10411
f 10398 10412 10411
f 10398 10399 10412
f 10399 10413 10412
f 10399 10400 10413
f 10400 10414 10413
f 10400 10401 10414
f 10401 10415 10414
f 10401 10402 10415
f 10402 10416 10415
f 10402 10403 10416
f 10403 10417 10416
f 10403 10404 10417
f 10404 10418 10417
f 10404 10405 10418
f 10405 10419 10418
f 10405 10406 10419
f 10406 10420 10419
f 10406 10407 10420
f 10407 10421 10420
f 10407 10408 10421
f 10408 10422 10421
f 10408 10395 10422
f 10395 10409 10422
f 10409 10410 10423
f 10410 10424 10423
f 10410 10411 10424
f 10411 10425 10424
f 10411 10412 10425
f 10412 10426 10425
f 10412 10413 10426
f 10413 10427 10426
f 10413 10414 10427
f 10414 10428 10427
f 10414 10415 10428
f 10415 10429 10428
f 10415 10416 10429
f 10416 10430 10429
f 10416 10417 10430
f 10417 10431 10430
f 10417 10418 10431
f 10418 10432 10431
f 10418 10419 10432
f 10419 10433 10432
f 10419 10420 10433
f 10420 10434 10433
f 10420 10421 10434
f 10421 10435 10434
f 10421 10422 10435
f 10422 10436 10435
f 10422 10409 10436
f 10409 10423 10436
f 10423 10424 10437
f 10424 10438 10437
f 10424 10425 10438
f 10425 10439 10438
f 10425 10426 10439
f 10426 10440 10439
f 10426 10427 10440
f 10427 10441 10440
f 10427 10428 10441
f 10428 10442 10441
f 10428 10429 10442
f 10429 10443 10442
f 10429 10430 10443
f 10430 10444 10443
f 10430 10431 10444
f 10431 10445 10444
f 10431 10432 10445
f 10432 10446 10445
f 10432 10433 10446
f 10433 10447 10446
f 10433 10434 10447
f 10434 10448 10447
f 10434 10435 10448
f 10435 10449 10448
f 10435 10436 10449
f 10436 10450 10449
f 10436 10423 10450
f 10423 10437 10450
f 10437 10438 10451
f 10438 10452 10451
f 10438 10439 10452
f 10439 10453 10452
f 10439 10440 10453
f 10440 10454 10453
f 10440 10441 10454
f 10441 10455 10454
f 10441 10442 10455
f 10442 10456 10455
f 10442 10443 10456
f 10443 10457 10456
f 10443 10444 10457
f 10444 10458 10457
f 10444 10445 10458
f 10445 10459 10458
f 10445 10446 10459
f 10446 10460 10459
f 10446 10447 10460
f 10447 10461 10460
f 10447 10448 10461
f 10448 10462 10461
f 10448 10449 10462
f 10449 10463 10462
f 10449 10450 10463
f 10450 10464 10463
f 10450 10437 10464
f 10437 10451 10464
f 10451 10452 10465
f 10452 10466 10465
f 10452 10453 10466
f 10453 10467 10466
f 10453 10454 10467
f 10454 10468 10467
f 10454 10455 10468
f 10455 10469 10468
f 10455 10456 10469
f 10456 10470 10469
f 10456 10457 10470
f 10457 10471 10470
f 10457 10458 10471
f 10458 10472 10471
f 10458 10459 10472
f 10459 10473 10472
f 10459 10460 10473
f 10460 10474 10473
f 10460 10461 10474
f 10461 10475 10474
f 10461 10462 10475
f 10462 10476 10475
f 10462 10463 10476
f 10463 10477 10476
f 10463 10464 10477
f 10464 10478 10477
f 10464 10451 10478
f 10451 10465 10478
f 10465 10466 10479
f 10466 10480 10479
f 10466 10467 10480
f 10467 10481 10480
f 10467 10468 10481
f 10468 10482 10481
f 10468 10469 10482
f 10469 10483 10482
f 10469 10470 10483
f 10470 10484 10483
f 10470 10471 10484
f 10471 10485 10484
f 10471 10472 10485
f 10472 10486 10485
f 10472 10473 10486
f 10473 10487 10486
f 10473 10474 10487
f 10474 10488 10487
f 10474 10475 10488
f 10475 10489 10488
f 10475 10476 10489
f 10476 10490 10489
f 10476 10477 10490
f 10477 10491 10490
f 10477 10478 10491
f 10478 10492 10491
f 10478 10465 10492
f 10465 10479 10492
f 10479 10480 10493
f 10480 10494 10493
f 10480 10481 10494
f 10481 10495 10494
f 10481 10482 10495
f 10482 10496 10495
f 10482 10483 10496
f 10483 10497 10496
f 10483 10484 10497
f 10484 10498 10497
f 10484 10485 10498
f 10485 10499 10498
f 10485 10486 10499
f 10486 10500 10499
f 10486 10487 10500
f 10487 10501 10500
f 10487 10488 10501
f 10488 10502 10501
f 10488 10489 10502
f 10489 10503 10502
f 10489 10490 10503
f 10490 10504 10503
f 10490 10491 10504
f 10491 10505 10504
f 10491 10492 10505
f 10492 10506 10505
f 10492 10479 10506
f 10479 10493 10506
f 10493 10494 10507
f 10494 10495 10508
f 10495 10496 10509
f 10496 10497 10510
f 10497 10498 10511
f 10498 10499 10512
f 10499 10500 10513
f 10500 10501 10514
f 10501 10502 10515
f 10502 10503 10516
f 10503 10504 10517
f 10504 10505 10518
f 10505 10506 10519
f 10506 10493 10520
o eye_white_L
g eye_white_L
f 10522 10550 10549
f 10523 10551 10550
f 10524 10552 10551
f 10525 10553 10552
f 10526 10554 10553
f 10527 10555 10554
f 10528 10556 10555
f 10529 10557 10556
f 10530 10558 10557
f 10531 10559 10558
f 10532 10560 10559
f 10533 10561 10560
f 10534 10562 10561
f 10535 10563 10562
f 10536 10564 10563
f 10537 10565 10564
f 10538 10566 10565
f 10539 10567 10566
f 10540 10568 10567
f 10541 10569 10568
f 10542 10570 10569
f 10543 10571 10570
f 10544 10572 10571
f 10545 10573 10572
f 10546 10574 10573
f 10547 10575 10574
f 10548 10576 10575
f 10521 10549 10576
f 10549 10550 10577
f 10550 10578 10577
f 10550 10551 10578
f 10551 10579 10578
f 10551 10552 10579
f 10552 10580 10579
f 10552 10553 10580
f 10553 10581 10580
f 10553 10554 10581
f 10554 10582 10581
f 10554 10555 10582
f 10555 10583 10582
f 10555 10556 10583
f 10556 10584 10583
f 10556 10557 10584
f 10557 10585 10584
f 10557 10558 10585
f 10558 10586 10585
f 10558 10559 10586
f 10559 10587 10586
f 10559 10560 10587
f 10560 10588 10587
f 10560 10561 10588
f 10561 10589 10588
f 10561 10562 10589
f 10562 10590 10589
f 10562 10563 10590
f 10563 10591 10590
f 10563 10564 10591
f 10564 10592 10591
f 10564 10565 10592
f 10565 10593 10592
f 10565 10566 10593
f 10566 10594 10593
f 10566 10567 10594
f 10567 10595 10594
f 10567 10568 10595
f 10568 10596 10595
f 10568 10569 10596
f 10569 10597 10596
f 10569 10570 10597
f 10570 10598 10597
f 10570 10571 10598
f 10571 10599 10598
f 10571 10572 10599
f 10572 10600 10599
f 10572 10573 10600
f 10573 10601 10600
f 10573 10574 10601
f 10574 10602 10601
f 10574 10575 10602
f 10575 10603 10602
f 10575 10576 10603
f 10576 10604 10603
f 10576 10549 10604
f 10549 10577 10604
f 10577 10578 10605
f 10578 10606 10605
f 10578 10579 10606
f 10579 10607 10606
f 10579 10580 10607
f 10580 10608 10607
f 10580 10581 10608
f 10581 10609 10608
f 10581 10582 10609
f 10582 10610 10609
f 10582 10583 10610
f 10583 10611 10610
f 10583 10584 10611
f 10584 10612 10611
f 10584 10585 10612
f 10585 10613 10612
f 10585 10586 10613
f 10586 10614 10613
f 10586 10587 10614
f 10587 10615 10614
f 10587 10588 10615
f 10588 10616 10615
f 10588 10589 10616
f 10589 10617 10616
f 10589 10590 10617
f 10590 10618 10617
f 10590 10591 10618
f 10591 10619 10618
f 10591 10592 10619
f 10592 10620 10619
f 10592 10593 10620
f 10593 10621 10620
f 10593 10594 10621
f 10594 10622 10621
f 10594 10595 10622
f 10595 10623 10622
f 10595 10596 10623
f 10596 10624 10623
f 10596 10597 10624
f 10597 10625 10624
f 10597 10598 10625
f 10598 10626 10625
f 10598 10599 10626
f 10599 10627 10626
f 10599 10600 10627
f 10600 10628 10627
f 10600 10601 10628
f 10601 10629 10628
f 10601 10602 10629
f 10602 10630 10629
f 10602 10603 10630
f 10603 10631 10630
f 10603 10604 10631
f 10604 10632 10631
f 10604 10577 10632
f 10577 10605 10632
f 10605 10606 10633
f 10606 10634 10633
f 10606 10607 10634
f 10607 10635 10634
f 10607 10608 10635
f 10608 10636 10635
f 10608 10609 10636
f 10609 10637 10636
f 10609 10610 10637
f 10610 10638 10637
f 10610 10611 10638
f 10611 10639 10638
f 10611 10612 10639
f 10612 10640 10639
f 10612 10613 10640
f 10613 10641 10640
f 10613 10614 10641
f 10614 10642 10641
f 10614 10615 10642
f 10615 10643 10642
f 10615 10616 10643
f 10616 10644 10643
f 10616 10617 10644
f 10617 10645 10644
f 10617 10618 10645
f 10618 10646 10645
f 10618 10619 10646
f 10619 10647 10646
f 10619 10620 10647
f 10620 10648 10647
f 10620 10621 10648
f 10621 10649 10648
f 10621 10622 10649
f 10622 10650 10649
f 10622 10623 10650
f 10623 10651 10650
f 10623 10624 10651
f 10624 10652 10651
f 10624 10625 10652
f 10625 10653 10652
f 10625 10626 10653
f 10626 10654 10653
f 10626 10627 10654
f 10627 10655 10654
f 10627 10628 10655
f 10628 10656 10655
f 10628 10629 10656
f 10629 10657 10656
f 10629 10630 10657
f 10630 10658 10657
f 10630 10631 10658
f 10631 10659 10658
f 10631 10632 10659
f 10632 10660 10659
f 10632 10605 10660
f 10605 10633 10660
f 10633 10634 10661
f 10634 10662 10661
f 10634 10635 10662
f 10635 10663 10662
f 10635 10636 10663
f 10636 10664 10663
f 10636 10637 10664
f 10637 10665 10664
f 10637 10638 10665
f 10638 10666 10665
f 10638 10639 10666
f 10639 10667 10666
f 10639 10640 10667
f 10640 10668 10667
f 10640 10641 10668
f 10641 10669 10668
f 10641 10642 10669
f 10642 10670 10669
f 10642 10643 10670
f 10643 10671 10670
f 10643 10644 10671
f 10644 10672 10671
f 10644 10645 10672
f 10645 10673 10672
f 10645 10646 10673
f 10646 10674 10673
f 10646 10647 10674
f 10647 10675 10674
f 10647 10648 10675
f 10648 10676 10675
f 10648 10649 10676
f 10649 10677 10676
f 10649 10650 10677
f 10650 10678 10677
f 10650 10651 10678
f 10651 10679 10678
f 10651 10652 10679
f 10652 10680 10679
f 10652 10653 10680
f 10653 10681 10680
f 10653 10654 10681
f 10654 10682 10681
f 10654 10655 10682
f 10655 10683 10682
f 10655 10656 10683
f 10656 10684 10683
f 10656 10657 10684
f 10657 10685 10684
f 10657 10658 10685
f 10658 10686 10685
f 10658 10659 10686
f 10659 10687 10686
f 10659 10660 10687
f 10660 10688 10687
f 10660 10633 10688
f 10633 10661 10688
f 10661 10662 10689
f 10662 10690 10689
f 10662 10663 10690
f 10663 10691 10690
f 10663 10664 10691
f 10664 10692 10691
f 10664 10665 10692
f 10665 10693 10692
f 10665 10666 10693
f 10666 10694 10693
f 10666 10667 10694
f 10667 10695 10694
f 10667 10668 10695
f 10668 10696 10695
f 10668 10669 10696
f 10669 10697 10696
f 10669 10670 10697
f 10670 10698 10697
f 10670 10671 10698
f 10671 10699 10698
f 10671 10672 10699
f 10672 10700 10699
f 10672 10673 10700
f 10673 10701 10700
f 10673 10674 10701
f 10674 10702 10701
f 10674 10675 10702
f 10675 10703 10702
f 10675 10676 10703
f 10676 10704 10703
f 10676 10677 10704
f 10677 10705 10704
f 10677 10678 10705
f 10678 10706 10705
f 10678 10679 10706
f 10679 10707 10706
f 10679 10680 10707
f 10680 10708 10707
f 10680 10681 10708
f 10681 10709 10708
f 10681 10682 10709
f 10682 10710 10709
f 10682 10683 10710
f 10683 10711 10710
f 10683 10684 10711
f 10684 10712 10711
f 10684 10685 10712
f 10685 10713 10712
f 10685 10686 10713
f 10686 10714 10713
f 10686 10687 10714
f 10687 10715 10714
f 10687 10688 10715
f 10688 10716 10715
f 10688 10661 10716
f 10661 10689 10716
f 10689 10690 10717
f 10690 10718 10717
f 10690 10691 10718
f 10691 10719 10718
f 10691 10692 10719
f 10692 10720 10719
f 10692 10693 10720
f 10693 10721 10720
f 10693 10694 10721
f 10694 10722 10721
f 10694 10695 10722
f 10695 10723 10722
f 10695 10696 10723
f 10696 10724 10723
f 10696 10697 10724
f 10697 10725 10724
f 10697 10698 10725
f 10698 10726 10725
f 10698 10699 10726
f 10699 10727 10726
f 10699 10700 10727
f 10700 10728 10727
f 10700 10701 10728
f 10701 10729 10728
f 10701 10702 10729
f 10702 10730 10729
f 10702 10703 10730
f 10703 10731 10730
f 10703 10704 10731
f 10704 10732 10731
f 10704 10705 10732
f 10705 10733 10732
f 10705 10706 10733
f 10706 10734 10733
f 10706 10707 10734
f 10707 10735 10734
f 10707 10708 10735
f 10708 10736 10735
f 10708 10709 10736
f 10709 10737 10736
f 10709 10710 10737
f 10710 10738 10737
f 10710 10711 10738
f 10711 10739 10738
f 10711 10712 10739
f 10712 10740 10739
f 10712 10713 10740
f 10713 10741 10740
f 10713 10714 10741
f 10714 10742 10741
f 10714 10715 10742
f 10715 10743 10742
f 10715 10716 10743
f 10716 10744 10743
f 10716 10689 10744
f 10689 10717 10744
f 10717 10718 10745
f 10718 10746 10745
f 10718 10719 10746
f 10719 10747 10746
f 10719 10720 10747
f 10720 10748 10747
f 10720 10721 10748
f 10721 10749 10748
f 10721 10722 10749
f 10722 10750 10749
f 10722 10723 10750
f 10723 10751 10750
f 10723 10724 10751
f 10724 10752 10751
f 10724 10725 10752
f 10725 10753 10752
f 10725 10726 10753
f 10726 10754 10753
f 10726 10727 10754
f 10727 10755 10754
f 10727 10728 10755
f 10728 10756 10755
f 10728 10729 10756
f 10729 10757 10756
f 10729 10730 10757
f 10730 10758 10757
f 10730 10731 10758
f 10731 10759 10758
f 10731 10732 10759
f 10732 10760 10759
f 10732 10733 10760
f 10733 10761 10760
f 10733 10734 10761
f 10734 10762 10761
f 10734 10735 10762
f 10735 10763 10762
f 10735 10736 10763
f 10736 10764 10763
f 10736 10737 10764
f 10737 10765 10764
f 10737 10738 10765
f 10738 10766 10765
f 10738 10739 10766
f 10739 10767 10766
f 10739 10740 10767
f 10740 10768 10767
f 10740 10741 10768
f 10741 10769 10768
f 10741 10742 10769
f 10742 10770 10769
f 10742 10743 10770
f 10743 10771 10770
f 10743 10744 10771
f 10744 10772 10771
f 10744 10717 10772
f 10717 10745 10772
f 10745 10746 10773
f 10746 10774 10773
f 10746 10747 10774
f 10747 10775 10774
f 10747 10748 10775
f 10748 10776 10775
f 10748 10749 10776
f 10749 10777 10776
f 10749 10750 10777
f 10750 10778 10777
f 10750 10751 10778
f 10751 10779 10778
f 10751 10752 10779
f 10752 10780 10779
f 10752 10753 10780
f 10753 10781 10780
f 10753 10754 10781
f 10754 10782 10781
f 10754 10755 10782
f 10755 10783 10782
f 10755 10756 10783
f 10756 10784 10783
f 10756 10757 10784
f 10757 10785 10784
f 10757 10758 10785
f 10758 10786 10785
f 10758 10759 10786
f 10759 10787 10786
f 10759 10760 10787
f 10760 10788 10787
f 10760 10761 10788
f 10761 10789 10788
f 10761 10762 10789
f 10762 10790 10789
f 10762 10763 10790
f 10763 10791 10790
f 10763 10764 10791
f 10764 10792 10791
f 10764 10765 10792
f 10765 10793 10792
f 10765 10766 10793
f 10766 10794 10793
f 10766 10767 10794
f 10767 10795 10794
f 10767 10768 10795
f 10768 10796 10795
f 10768 10769 10796
f 10769 10797 10796
f 10769 10770 10797
f 10770 10798 10797
f 10770 10771 10798
f 10771 10799 10798
f 10771 10772 10799
f 10772 10800 10799
f 10772 10745 10800
f 10745 10773 10800
f 10773 10774 10801
f 10774 10802 10801
f 10774 10775 10802
f 10775 10803 10802
f 10775 10776 10803
f 10776 10804 10803
f 10776 10777 10804
f 10777 10805 10804
f 10777 10778 10805
f 10778 10806 10805
f 10778 10779 10806
f 10779 10807 10806
f 10779 10780 10807
f 10780 10808 10807
f 10780 10781 10808
f 10781 10809 10808
f 10781 10782 10809
f 10782 10810 10809
f 10782 10783 10810
f 10783 10811 10810
f 10783 10784 10811
f 10784 10812 10811
f 10784 10785 10812
f 10785 10813 10812
f 10785 10786 10813
f 10786 10814 10813
f 10786 10787 10814
f 10787 10815 10814
f 10787 10788 10815
f 10788 10816 10815
f 10788 10789 10816
f 10789 10817 10816
f 10789 10790 10817
f 10790 10818 10817
f 10790 10791 10818
f 10791 10819 10818
f 10791 10792 10819
f 10792 10820 10819
f 10792 10793 10820
f 10793 10821 10820
f 10793 10794 10821
f 10794 10822 10821
f 10794 10795 10822
f 10795 10823 10822
f 10795 10796 10823
f 10796 10824 10823
f 10796 10797 10824
f 10797 10825 10824
f 10797 10798 10825
f 10798 10826 10825
f 10798 10799 10826
f 10799 10827 10826
f 10799 10800 10827
f 10800 10828 10827
f 10800 10773 10828
f 10773 10801 10828
f 10801 10802 10829
f 10802 10830 10829
f 10802 10803 10830
f 10803 10831 10830
f 10803 10804 10831
f 10804 10832 10831
f 10804 10805 10832
f 10805 10833 10832
f 10805 10806 10833
f 10806 10834 10833
f 10806 10807 10834
f 10807 10835 10834
f 10807 10808 10835
f 10808 10836 10835
f 10808 10809 10836
f 10809 10837 10836
f 10809 10810 10837
f 10810 10838 10837
f 10810 10811 10838
f 10811 10839 10838
f 10811 10812 10839
f 10812 10840 10839
f 10812 10813 10840
f 10813 10841 10840
f 10813 10814 10841
f 10814 10842 10841
f 10814 10815 10842
f 10815 10843 10842
f 10815 10816 10843
f 10816 10844 10843
f 10816 10817 10844
f 10817 10845 10844
f 10817 10818 10845
f 10818 10846 10845
f 10818 10819 10846
f 10819 10847 10846
f 10819 10820 10847
f 10820 10848 10847
f 10820 10821 10848
f 10821 10849 10848
f 10821 10822 10849
f 10822 10850 10849
f 10822 10823 10850
f 10823 10851 10850
f 10823 10824 10851
f 10824 10852 10851
f 10824 10825 10852
f 10825 10853 10852
f 10825 10826 10853
f 10826 10854 10853
f 10826 10827 10854
f 10827 10855 10854
f 10827 10828 10855
f 10828 10856 10855
f 10828 10801 10856
f 10801 10829 10856
f 10829 10830 10857
f 10830 10858 10857
f 10830 10831 10858
f 10831 10859 10858
f 10831 10832 10859
f 10832 10860 10859
f 10832 10833 10860
f 10833 10861 10860
f 10833 10834 10861
f 10834 10862 10861
f 10834 10835 10862
f 10835 10863 10862
f 10835 10836 10863
f 10836 10864 10863
f 10836 10837 10864
f 10837 10865 10864
f 10837 10838 10865
f 10838 10866 10865
f 10838 10839 10866
f 10839 10867 10866
f 10839 10840 10867
f 10840 10868 10867
f 10840 10841 10868
f 10841 10869 10868
f 10841 10842 10869
f 10842 10870 10869
f 10842 10843 10870
f 10843 10871 10870
f 10843 10844 10871
f 10844 10872 10871
f 10844 10845 10872
f 10845 10873 10872
f 10845 10846 10873
f 10846 10874 10873
f 10846 10847 10874
f 10847 10875 10874
f 10847 10848 10875
f 10848 10876 10875
f 10848 10849 10876
f 10849 10877 10876
f 10849 10850 10877
f 10850 10878 10877
f 10850 10851 10878
f 10851 10879 10878
f 10851 10852 10879
f 10852 10880 10879
f 10852 10853 10880
f 10853 10881 10880
f 10853 10854 10881
f 10854 10882 10881
f 10854 10855 10882
f 10855 10883 10882
f 10855 10856 10883
f 10856 10884 10883
f 10856 10829 10884
f 10829 10857 10884
f 10857 10858 10885
f 10858 10886 10885
f 10858 10859 10886
f 10859 10887 10886
f 10859 10860 10887
f 10860 10888 10887
f 10860 10861 10888
f 10861 10889 10888
f 10861 10862 10889
f 10862 10890 10889
f 10862 10863 10890
f 10863 10891 10890
f 10863 10864 10891
f 10864 10892 10891
f 10864 10865 10892
f 10865 10893 10892
f 10865 10866 10893
f 10866 10894 10893
f 10866 10867 10894
f 10867 10895 10894
f 10867 10868 10895
f 10868 10896 10895
f 10868 10869 10896
f 10869 10897 10896
f 10869 10870 10897
f 10870 10898 10897
f 10870 10871 10898
f 10871 10899 10898
f 10871 10872 10899
f 10872 10900 10899
f 10872 10873 10900
f 10873 10901 10900
f 10873 10874 10901
f 10874 10902 10901
f 10874 10875 10902
f 10875 10903 10902
f 10875 10876 10903
f 10876 10904 10903
f 10876 10877 10904
f 10877 10905 10904
f 10877 10878 10905
f 10878 10906 10905
f 10878 10879 10906
f 10879 10907 10906
f 10879 10880 10907
f 10880 10908 10907
f 10880 10881 10908
f 10881 10909 10908
f 10881 10882 10909
f 10882 10910 10909
f 10882 10883 10910
f 10883 10911 10910
f 10883 10884 10911
f 10884 10912 10911
f 10884 10857 10912
f 10857 10885 10912
f 10885 10886 10913
f 10886 10914 10913
f 10886 10887 10914
f 10887 10915 10914
f 10887 10888 10915
f 10888 10916 10915
f 10888 10889 10916
f 10889 10917 10916
f 10889 10890 10917
f 10890 10918 10917
f 10890 10891 10918
f 10891 10919 10918
f 10891 10892 10919
f 10892 10920 10919
f 10892 10893 10920
f 10893 10921 10920
f 10893 10894 10921
f 10894 10922 10921
f 10894 10895 10922
f 10895 10923 10922
f 10895 10896 10923
f 10896 10924 10923
f 10896 10897 10924
f 10897 10925 10924
f 10897 10898 10925
f 10898 10926 10925
f 10898 10899 10926
f 10899 10927 10926
f 10899 10900 10927
f 10900 10928 10927
f 10900 10901 10928
f 10901 10929 10928
f 10901 10902 10929
f 10902 10930 10929
f 10902 10903 10930
f 10903 10931 10930
f 10903 10904 10931
f 10904 10932 10931
f 10904 10905 10932
f 10905 10933 10932
f 10905 10906 10933
f 10906 10934 10933
f 10906 10907 10934
f 10907 10935 10934
f 10907 10908 10935
f 10908 10936 10935
f 10908 10909 10936
f 10909 10937 10936
f 10909 10910 10937
f 10910 10938 10937
f 10910 10911 10938
f 10911 10939 10938
f 10911 10912 10939
f 10912 10940 10939
f 10912 10885 10940
f 10885 10913 10940
f 10913 10914 10941
f 10914 10942 10941
f 10914 10915 10942
f 10915 10943 10942
f 10915 10916 10943
f 10916 10944 10943
f 10916 10917 10944
f 10917 10945 10944
f 10917 10918 10945
f 10918 10946 10945
f 10918 10919 10946
f 10919 10947 10946
f 10919 10920 10947
f 10920 10948 10947
f 10920 10921 10948
f 10921 10949 10948
f 10921 10922 10949
f 10922 10950 10949
f 10922 10923 10950
f 10923 10951 10950
f 10923 10924 10951
f 10924 10952 10951
f 10924 10925 10952
f 10925 10953 10952
f 10925 10926 10953
f 10926 10954 10953
f 10926 10927 10954
f 10927 10955 10954
f 10927 10928 10955
f 10928 10956 10955
f 10928 10929 10956
f 10929 10957 10956
f 10929 10930 10957
f 10930 10958 10957
f 10930 10931 10958
f 10931 10959 10958
f 10931 10932 10959
f 10932 10960 10959
f 10932 10933 10960
f 10933 10961 10960
f 10933 10934 10961
f 10934 10962 10961
f 10934 10935 10962
f 10935 10963 10962
f 10935 10936 10963
f 10936 10964 10963
f 10936 10937 10964
f 10937 10965 10964
f 10937 10938 10965
f 10938 10966 10965
f 10938 10939 10966
f 10939 10967 10966
f 10939 10940 10967
f 10940 10968 10967
f 10940 10913 10968
f 10913 10941 10968
f 10941 10942 10969
f 10942 10970 10969
f 10942 10943 10970
f 10943 10971 10970
f 10943 10944 10971
f 10944 10972 10971
f 10944 10945 10972
f 10945 10973 10972
f 10945 10946 10973
f 10946 10974 10973
f 10946 10947 10974
f 10947 10975 10974
f 10947 10948 10975
f 10948 10976 10975
f 10948 10949 10976
f 10949 10977 10976
f 10949 10950 10977
f 10950 10978 10977
f 10950 10951 10978
f 10951 10979 10978
f 10951 10952 10979
f 10952 10980 10979
f 10952 10953 10980
f 10953 10981 10980
f 10953 10954 10981
f 10954 10982 10981
f 10954 10955 10982
f 10955 10983 10982
f 10955 10956 10983
f 10956 10984 10983
f 10956 10957 10984
f 10957 10985 10984
f 10957 10958 10985
f 10958 10986 10985
f 10958 10959 10986
f 10959 10987 10986
f 10959 10960 10987
f 10960 10988 10987
f 10960 10961 10988
f 10961 10989 10988
f 10961 10962 10989
f 10962 10990 10989
f 10962 10963 10990
f 10963 10991 10990
f 10963 10964 10991
f 10964 10992 10991
f 10964 10965 10992
f 10965 10993 10992
f 10965 10966 10993
f 10966 10994 10993
f 10966 10967 10994
f 10967 10995 10994
f 10967 10968 10995
f 10968 10996 10995
f 10968 10941 10996
f 10941 10969 10996
f 10969 10970 10997
f 10970 10998 10997
f 10970 10971 10998
f 10971 10999 10998
f 10971 10972 10999
f 10972 11000 10999
f 10972 10973 11000
f 10973 11001 11000
f 10973 10974 11001
f 10974 11002 11001
f 10974 10975 11002
f 10975 11003 11002
f 10975 10976 11003
f 10976 11004 11003
f 10976 10977 11004
f 10977 11005 11004
f 10977 10978 11005
f 10978 11006 11005
f 10978 10979 11006
f 10979 11007 11006
f 10979 10980 11007
f 10980 11008 11007
f 10980 10981 11008
f 10981 11009 11008
f 10981 10982 11009
f 10982 11010 11009
f 10982 10983 11010
f 10983 11011 11010
f 10983 10984 11011
f 10984 11012 11011
f 10984 10985 11012
f 10985 11013 11012
f 10985 10986 11013
f 10986 11014 11013
f 10986 10987 11014
f 10987 11015 11014
f 10987 10988 11015
f 10988 11016 11015
f 10988 10989 11016
f 10989 11017 11016
f 10989 10990 11017
f 10990 11018 11017
f 10990 10991 11018
f 10991 11019 11018
f 10991 10992 11019
f 10992 11020 11019
f 10992 10993 11020
f 10993 11021 11020
f 10993 10994 11021
f 10994 11022 11021
f 10994 10995 11022
f 10995 11023 11022
f 10995 10996 11023
f 10996 11024 11023
f 10996 10969 11024
f 10969 10997 11024
f 10997 10998 11025
f 10998 10999 11026
f 10999 11000 11027
f 11000 11001 11028
f 11001 11002 11029
f 11002 11003 11030
f 11003 11004 11031
f 11004 11005 11032
f 11005 11006 11033
f 11006 11007 11034
f 11007 11008 11035
f 11008 11009 11036
f 11009 11010 11037
f 11010 11011 11038
f 11011 11012 11039
f 11012 11013 11040
f 11013 11014 11041
f 11014 11015 11042
f 11015 11016 11043
f 11016 11017 11044
f 11017 11018 11045
f 11018 11019 11046
f 11019 11020 11047
f 11020 11021 11048
f 11021 11022 11049
f 11022 11023 11050
f 11023 11024 11051
f 11024 10997 11052
o eye_iris_L
g eye_iris_L
f 11054 11078 11077
f 11055 11079 11078
f 11056 11080 11079
f 11057 11081 11080
f 11058 11082 11081
f 11059 11083 11082
f 11060 11084 11083
f 11061 11085 11084
f 11062 11086 11085
f 11063 11087 11086
f 11064 11088 11087
f 11065 11089 11088
f 11066 11090 11089
f 11067 11091 11090
f 11068 11092 11091
f 11069 11093 11092
f 11070 11094 11093
f 11071 11095 11094
f 11072 11096 11095
f 11073 11097 11096
f 11074 11098 11097
f 11075 11099 11098
f 11076 11100 11099
f 11053 11077 11100
f 11077 11078 11101
f 11078 11102 11101
f 11078 11079 11102
f 11079 11103 11102
f 11079 11080 11103
f 11080 11104 11103
f 11080 11081 11104
f 11081 11105 11104
f 11081 11082 11105
f 11082 11106 11105
f 11082 11083 11106
f 11083 11107 11106
f 11083 11084 11107
f 11084 11108 11107
f 11084 11085 11108
f 11085 11109 11108
f 11085 11086 11109
f 11086 11110 11109
f 11086 11087 11110
f 11087 11111 11110
f 11087 11088 11111
f 11088 11112 11111
f 11088 11089 11112
f 11089 11113 11112
f 11089 11090 11113
f 11090 11114 11113
f 11090 11091 11114
f 11091 11115 11114
f 11091 11092 11115
f 11092 11116 11115
f 11092 11093 11116
f 11093 11117 11116
f 11093 11094 11117
f 11094 11118 11117
f 11094 11095 11118
f 11095 11119 11118
f 11095 11096 11119
f 11096 11120 11119
f 11096 11097 11120
f 11097 11121 11120
f 11097 11098 11121
f 11098 11122 11121
f 11098 11099 11122
f 11099 11123 11122
f 11099 11100 11123
f 11100 11124 11123
f 11100 11077 11124
f 11077 11101 11124
f 11101 11102 11125
f 11102 11126 11125
f 11102 11103 11126
f 11103 11127 11126
f 11103 11104 11127
f 11104 11128 11127
f 11104 11105 11128
f 11105 11129 11128
f 11105 11106 11129
f 11106 11130 11129
f 11106 11107 11130
f 11107 11131 11130
f 11107 11108 11131
f 11108 11132 11131
f 11108 11109 11132
f 11109 11133 11132
f 11109 11110 11133
f 11110 11134 11133
f 11110 11111 11134
f 11111 11135 11134
f 11111 11112 11135
f 11112 11136 11135
f 11112 11113 11136
f 11113 11137 11136
f 11113 11114 11137
f 11114 11138 11137
f 11114 11115 11138
f 11115 11139 11138
f 11115 11116 11139
f 11116 11140 11139
f 11116 11117 11140
f 11117 11141 11140
f 11117 11118 11141
f 11118 11142 11141
f 11118 11119 11142
f 11119 11143 11142
f 11119 11120 11143
f 11120 11144 11143
f 11120 11121 11144
f 11121 11145 11144
f 11121 11122 11145
f 11122 11146 11145
f 11122 11123 11146
f 11123 11147 11146
f 11123 11124 11147
f 11124 11148 11147
f 11124 11101 11148
f 11101 11125 11148
f 11125 11126 11149
f 11126 11150 11149
f 11126 11127 11150
f 11127 11151 11150
f 11127 11128 11151
f 11128 11152 11151
f 11128 11129 11152
f 11129 11153 11152
f 11129 11130 11153
f 11130 11154 11153
f 11130 11131 11154
f 11131 11155 11154
f 11131 11132 11155
f 11132 11156 11155
f 11132 11133 11156
f 11133 11157 11156
f 11133 11134 11157
f 11134 11158 11157
f 11134 11135 11158
f 11135 11159 11158
f 11135 11136 11159
f 11136 11160 11159
f 11136 11137 11160
f 11137 11161 11160
f 11137 11138 11161
f 11138 11162 11161
f 11138 11139 11162
f 11139 11163 11162
f 11139 11140 11163
f 11140 11164 11163
f 11140 11141 11164
f 11141 11165 11164
f 11141 11142 11165
f 11142 11166 11165
f 11142 11143 11166
f 11143 11167 11166
f 11143 11144 11167
f 11144 11168 11167
f 11144 11145 11168
f 11145 11169 11168
f 11145 11146 11169
f 11146 11170 11169
f 11146 11147 11170
f 11147 11171 11170
f 11147 11148 11171
f 11148 11172 11171
f 11148 11125 11172
f 11125 11149 11172
f 11149 11150 11173
f 11150 11174 11173
f 11150 11151 11174
f 11151 11175 11174
f 11151 11152 11175
f 11152 11176 11175
f 11152 11153 11176
f 11153 11177 11176
f 11153 11154 11177
f 11154 11178 11177
f 11154 11155 11178
f 11155 11179 11178
f 11155 11156 11179
f 11156 11180 11179
f 11156 11157 11180
f 11157 11181 11180
f 11157 11158 11181
f 11158 11182 11181
f 11158 11159 11182
f 11159 11183 11182
f 11159 11160 11183
f 11160 11184 11183
f 11160 11161 11184
f 11161 11185 11184
f 11161 11162 11185
f 11162 11186 11185
f 11162 11163 11186
f 11163 11187 11186
f 11163 11164 11187
f 11164 11188 11187
f 11164 11165 11188
f 11165 11189 11188
f 11165 11166 11189
f 11166 11190 11189
f 11166 11167 11190
f 11167 11191 11190
f 11167 11168 11191
f 11168 11192 11191
f 11168 11169 11192
f 11169 11193 11192
f 11169 11170 11193
f 11170 11194 11193
f 11170 11171 11194
f 11171 11195 11194
f 11171 11172 11195
f 11172 11196 11195
f 11172 11149 11196
f 11149 11173 11196
f 11173 11174 11197
f 11174 11198 11197
f 11174 11175 11198
f 11175 11199 11198
f 11175 11176 11199
f 11176 11200 11199
f 11176 11177 11200
f 11177 11201 11200
f 11177 11178 11201
f 11178 11202 11201
f 11178 11179 11202
f 11179 11203 11202
f 11179 11180 11203
f 11180 11204 11203
f 11180 11181 11204
f 11181 11205 11204
f 11181 11182 11205
f 11182 11206 11205
f 11182 11183 11206
f 11183 11207 11206
f 11183 11184 11207
f 11184 11208 11207
f 11184 11185 11208
f 11185 11209 11208
f 11185 11186 11209
f 11186 11210 11209
f 11186 11187 11210
f 11187 11211 11210
f 11187 11188 11211
f 11188 11212 11211
f 11188 11189 11212
f 11189 11213 11212
f 11189 11190 11213
f 11190 11214 11213
f 11190 11191 11214
f 11191 11215 11214
f 11191 11192 11215
f 11192 11216 11215
f 11192 11193 11216
f 11193 11217 11216
f 11193 11194 11217
f 11194 11218 11217
f 11194 11195 11218
f 11195 11219 11218
f 11195 11196 11219
f 11196 11220 11219
f 11196 11173 11220
f 11173 11197 11220
f 11197 11198 11221
f 11198 11222 11221
f 11198 11199 11222
f 11199 11223 11222
f 11199 11200 11223
f 11200 11224 11223
f 11200 11201 11224
f 11201 11225 11224
f 11201 11202 11225
f 11202 11226 11225
f 11202 11203 11226
f 11203 11227 11226
f 11203 11204 11227
f 11204 11228 11227
f 11204 11205 11228
f 11205 11229 11228
f 11205 11206 11229
f 11206 11230 11229
f 11206 11207 11230
f 11207 11231 11230
f 11207 11208 11231
f 11208 11232 11231
f 11208 11209 11232
f 11209 11233 11232
f 11209 11210 11233
f 11210 11234 11233
f 11210 11211 11234
f 11211 11235 11234
f 11211 11212 11235
f 11212 11236 11235
f 11212 11213 11236
f 11213 11237 11236
f 11213 11214 11237
f 11214 11238 11237
f 11214 11215 11238
f 11215 11239 11238
f 11215 11216 11239
f 11216 11240 11239
f 11216 11217 11240
f 11217 11241 11240
f 11217 11218 11241
f 11218 11242 11241
f 11218 11219 11242
f 11219 11243 11242
f 11219 11220 11243
f 11220 11244 11243
f 11220 11197 11244
f 11197 11221 11244
f 11221 11222 11245
f 11222 11246 11245
f 11222 11223 11246
f 11223 11247 11246
f 11223 11224 11247
f 11224 11248 11247
f 11224 11225 11248
f 11225 11249 11248
f 11225 11226 11249
f 11226 11250 11249
f 11226 11227 11250
f 11227 11251 11250
f 11227 11228 11251
f 11228 11252 11251
f 11228 11229 11252
f 11229 11253 11252
f 11229 11230 11253
f 11230 11254 11253
f 11230 11231 11254
f 11231 11255 11254
f 11231 11232 11255
f 11232 11256 11255
f 11232 11233 11256
f 11233 11257 11256
f 11233 11234 11257
f 11234 11258 11257
f 11234 11235 11258
f 11235 11259 11258
f 11235 11236 11259
f 11236 11260 11259
f 11236 11237 11260
f 11237 11261 11260
f 11237 11238 11261
f 11238 11262 11261
f 11238 11239 11262
f 11239 11263 11262
f 11239 11240 11263
f 11240 11264 11263
f 11240 11241 11264
f 11241 11265 11264
f 11241 11242 11265
f 11242 11266 11265
f 11242 11243 11266
f 11243 11267 11266
f 11243 11244 11267
f 11244 11268 11267
f 11244 11221 11268
f 11221 11245 11268
f 11245 11246 11269
f 11246 11270 11269
f 11246 11247 11270
f 11247 11271 11270
f 11247 11248 11271
f 11248 11272 11271
f 11248 11249 11272
f 11249 11273 11272
f 11249 11250 11273
f 11250 11274 11273
f 11250 11251 11274
f 11251 11275 11274
f 11251 11252 11275
f 11252 11276 11275
f 11252 11253 11276
f 11253 11277 11276
f 11253 11254 11277
f 11254 11278 11277
f 11254 11255 11278
f 11255 11279 11278
f 11255 11256 11279
f 11256 11280 11279
f 11256 11257 11280
f 11257 11281 11280
f 11257 11258 11281
f 11258 11282 11281
f 11258 11259 11282
f 11259 11283 11282
f 11259 11260 11283
f 11260 11284 11283
f 11260 11261 11284
f 11261 11285 11284
f 11261 11262 11285
f 11262 11286 11285
f 11262 11263 11286
f 11263 11287 11286
f 11263 11264 11287
f 11264 11288 11287
f 11264 11265 11288
f 11265 11289 11288
f 11265 11266 11289
f 11266 11290 11289
f 11266 11267 11290
f 11267 11291 11290
f 11267 11268 11291
f 11268 11292 11291
f 11268 11245 11292
f 11245 11269 11292
f 11269 11270 11293
f 11270 11294 11293
f 11270 11271 11294
f 11271 11295 11294
f 11271 11272 11295
f 11272 11296 11295
f 11272 11273 11296
f 11273 11297 11296
f 11273 11274 11297
f 11274 11298 11297
f 11274 11275 11298
f 11275 11299 11298
f 11275 11276 11299
f 11276 11300 11299
f 11276 11277 11300
f 11277 11301 11300
f 11277 11278 11301
f 11278 11302 11301
f 11278 11279 11302
f 11279 11303 11302
f 11279 11280 11303
f 11280 11304 11303
f 11280 11281 11304
f 11281 11305 11304
f 11281 11282 11305
f 11282 11306 11305
f 11282 11283 11306
f 11283 11307 11306
f 11283 11284 11307
f 11284 11308 11307
f 11284 11285 11308
f 11285 11309 11308
f 11285 11286 11309
f 11286 11310 11309
f 11286 11287 11310
f 11287 11311 11310
f 11287 11288 11311
f 11288 11312 11311
f 11288 11289 11312
f 11289 11313 11312
f 11289 11290 11313
f 11290 11314 11313
f 11290 11291 11314
f 11291 11315 11314
f 11291 11292 11315
f 11292 11316 11315
f 11292 11269 11316
f 11269 11293 11316
f 11293 11294 11317
f 11294 11318 11317
f 11294 11295 11318
f 11295 11319 11318
f 11295 11296 11319
f 11296 11320 11319
f 11296 11297 11320
f 11297 11321 11320
f 11297 11298 11321
f 11298 11322 11321
f 11298 11299 11322
f 11299 11323 11322
f 11299 11300 11323
f 11300 11324 11323
f 11300 11301 11324
f 11301 11325 11324
f 11301 11302 11325
f 11302 11326 11325
f 11302 11303 11326
f 11303 11327 11326
f 11303 11304 11327
f 11304 11328 11327
f 11304 11305 11328
f 11305 11329 11328
f 11305 11306 11329
f 11306 11330 11329
f 11306 11307 11330
f 11307 11331 11330
f 11307 11308 11331
f 11308 11332 11331
f 11308 11309 11332
f 11309 11333 11332
f 11309 11310 11333
f 11310 11334 11333
f 11310 11311 11334
f 11311 11335 11334
f 11311 11312 11335
f 11312 11336 11335
f 11312 11313 11336
f 11313 11337 11336
f 11313 11314 11337
f 11314 11338 11337
f 11314 11315 11338
f 11315 11339 11338
f 11315 11316 11339
f 11316 11340 11339
f 11316 11293 11340
f 11293 11317 11340
f 11317 11318 11341
f 11318 11342 11341
f 11318 11319 11342
f 11319 11343 11342
f 11319 11320 11343
f 11320 11344 11343
f 11320 11321 11344
f 11321 11345 11344
f 11321 11322 11345
f 11322 11346 11345
f 11322 11323 11346
f 11323 11347 11346
f 11323 11324 11347
f 11324 11348 11347
f 11324 11325 11348
f 11325 11349 11348
f 11325 11326 11349
f 11326 11350 11349
f 11326 11327 11350
f 11327 11351 11350
f 11327 11328 11351
f 11328 11352 11351
f 11328 11329 11352
f 11329 11353 11352
f 11329 11330 11353
f 11330 11354 11353
f 11330 11331 11354
f 11331 11355 11354
f 11331 11332 11355
f 11332 11356 11355
f 11332 11333 11356
f 11333 11357 11356
f 11333 11334 11357
f 11334 11358 11357
f 11334 11335 11358
f 11335 11359 11358
f 11335 11336 11359
f 11336 11360 11359
f 11336 11337 11360
f 11337 11361 11360
f 11337 11338 11361
f 11338 11362 11361
f 11338 11339 11362
f 11339 11363 11362
f 11339 11340 11363
f 11340 11364 11363
f 11340 11317 11364
f 11317 11341 11364
f 11341 11342 11365
f 11342 11366 11365
f 11342 11343 11366
f 11343 11367 11366
f 11343 11344 11367
f 11344 11368 11367
f 11344 11345 11368
f 11345 11369 11368
f 11345 11346 11369
f 11346 11370 11369
f 11346 11347 11370
f 11347 11371 11370
f 11347 11348 11371
f 11348 11372 11371
f 11348 11349 11372
f 11349 11373 11372
f 11349 11350 11373
f 11350 11374 11373
f 11350 11351 11374
f 11351 11375 11374
f 11351 11352 11375
f 11352 11376 11375
f 11352 11353 11376
f 11353 11377 11376
f 11353 11354 11377
f 11354 11378 11377
f 11354 11355 11378
f 11355 11379 11378
f 11355 11356 11379
f 11356 11380 11379
f 11356 11357 11380
f 11357 11381 11380
f 11357 11358 11381
f 11358 11382 11381
f 11358 11359 11382
f 11359 11383 11382
f 11359 11360 11383
f 11360 11384 11383
f 11360 11361 11384
f 11361 11385 11384
f 11361 11362 11385
f 11362 11386 11385
f 11362 11363 11386
f 11363 11387 11386
f 11363 11364 11387
f 11364 11388 11387
f 11364 11341 11388
f 11341 11365 11388
f 11365 11366 11389
f 11366 11367 11390
f 11367 11368 11391
f 11368 11369 11392
f 11369 11370 11393
f 11370 11371 11394
f 11371 11372 11395
f 11372 11373 11396
f 11373 11374 11397
f 11374 11375 11398
f 11375 11376 11399
f 11376 11377 11400
f 11377 11378 11401
f 11378 11379 11402
f 11379 11380 11403
f 11380 11381 11404
f 11381 11382 11405
f 11382 11383 11406
f 11383 11384 11407
f 11384 11385 11408
f 11385 11386 11409
f 11386 11387 11410
f 11387 11388 11411
f 11388 11365 11412
o eye_pupil_L
g eye_pupil_L
f 11414 11434 11433
f 11415 11435 11434
f 11416 11436 11435
f 11417 11437 11436
f 11418 11438 11437
f 11419 11439 11438
f 11420 11440 11439
f 11421 11441 11440
f 11422 11442 11441
f 11423 11443 11442
f 11424 11444 11443
f 11425 11445 11444
f 11426 11446 11445
f 11427 11447 11446
f 11428 11448 11447
f 11429 11449 11448
f 11430 11450 11449
f 11431 11451 11450
f 11432 11452 11451
f 11413 11433 11452
f 11433 11434 11453
f 11434 11454 11453
f 11434 11435 11454
f 11435 11455 11454
f 11435 11436 11455
f 11436 11456 11455
f 11436 11437 11456
f 11437 11457 11456
f 11437 11438 11457
f 11438 11458 11457
f 11438 11439 11458
f 11439 11459 11458
f 11439 11440 11459
f 11440 11460 11459
f 11440 11441 11460
f 11441 11461 11460
f 11441 11442 11461
f 11442 11462 11461
f 11442 11443 11462
f 11443 11463 11462
f 11443 11444 11463
f 11444 11464 11463
f 11444 11445 11464
f 11445 11465 11464
f 11445 11446 11465
f 11446 11466 11465
f 11446 11447 11466
f 11447 11467 11466
f 11447 11448 11467
f 11448 11468 11467
f 11448 11449 11468
f 11449 11469 11468
f 11449 11450 11469
f 11450 11470 11469
f 11450 11451 11470
f 11451 11471 11470
f 11451 11452 11471
f 11452 11472 11471
f 11452 11433 11472
f 11433 11453 11472
f 11453 11454 11473
f 11454 11474 11473
f 11454 11455 11474
f 11455 11475 11474
f 11455 11456 11475
f 11456 11476 11475
f 11456 11457 11476
f 11457 11477 11476
f 11457 11458 11477
f 11458 11478 11477
f 11458 11459 11478
f 11459 11479 11478
f 11459 11460 11479
f 11460 11480 11479
f 11460 11461 11480
f 11461 11481 11480
f 11461 11462 11481
f 11462 11482 11481
f 11462 11463 11482
f 11463 11483 11482
f 11463 11464 11483
f 11464 11484 11483
f 11464 11465 11484
f 11465 11485 11484
f 11465 11466 11485
f 11466 11486 11485
f 11466 11467 11486
f 11467 11487 11486
f 11467 11468 11487
f 11468 11488 11487
f 11468 11469 11488
f 11469 11489 11488
f 11469 11470 11489
f 11470 11490 11489
f 11470 11471 11490
f 11471 11491 11490
f 11471 11472 11491
f 11472 11492 11491
f 11472 11453 11492
f 11453 11473 11492
f 11473 11474 11493
f 11474 11494 11493
f 11474 11475 11494
f 11475 11495 11494
f 11475 11476 11495
f 11476 11496 11495
f 11476 11477 11496
f 11477 11497 11496
f 11477 11478 11497
f 11478 11498 11497
f 11478 11479 11498
f 11479 11499 11498
f 11479 11480 11499
f 11480 11500 11499
f 11480 11481 11500
f 11481 11501 11500
f 11481 11482 11501
f 11482 11502 11501
f 11482 11483 11502
f 11483 11503 11502
f 11483 11484 11503
f 11484 11504 11503
f 11484 11485 11504
f 11485 11505 11504
f 11485 11486 11505
f 11486 11506 11505
f 11486 11487 11506
f 11487 11507 11506
f 11487 11488 11507
f 11488 11508 11507
f 11488 11489 11508
f 11489 11509 11508
f 11489 11490 11509
f 11490 11510 11509
f 11490 11491 11510
f 11491 11511 11510
f 11491 11492 11511
f 11492 11512 11511
f 11492 11473 11512
f 11473 11493 11512
f 11493 11494 11513
f 11494 11514 11513
f 11494 11495 11514
f 11495 11515 11514
f 11495 11496 11515
f 11496 11516 11515
f 11496 11497 11516
f 11497 11517 11516
f 11497 11498 11517
f 11498 11518 11517
f 11498 11499 11518
f 11499 11519 11518
f 11499 11500 11519
f 11500 11520 11519
f 11500 11501 11520
f 11501 11521 11520
f 11501 11502 11521
f 11502 11522 11521
f 11502 11503 11522
f 11503 11523 11522
f 11503 11504 11523
f 11504 11524 11523
f 11504 11505 11524
f 11505 11525 11524
f 11505 11506 11525
f 11506 11526 11525
f 11506 11507 11526
f 11507 11527 11526
f 11507 11508 11527
f 11508 11528 11527
f 11508 11509 11528
f 11509 11529 11528
f 11509 11510 11529
f 11510 11530 11529
f 11510 11511 11530
f 11511 11531 11530
f 11511 11512 11531
f 11512 11532 11531
f 11512 11493 11532
f 11493 11513 11532
f 11513 11514 11533
f 11514 11534 11533
f 11514 11515 11534
f 11515 11535 11534
f 11515 11516 11535
f 11516 11536 11535
f 11516 11517 11536
f 11517 11537 11536
f 11517 11518 11537
f 11518 11538 11537
f 11518 11519 11538
f 11519 11539 11538
f 11519 11520 11539
f 11520 11540 11539
f 11520 11521 11540
f 11521 11541 11540
f 11521 11522 11541
f 11522 11542 11541
f 11522 11523 11542
f 11523 11543 11542
f 11523 11524 11543
f 11524 11544 11543
f 11524 11525 11544
f 11525 11545 11544
f 11525 11526 11545
f 11526 11546 11545
f 11526 11527 11546
f 11527 11547 11546
f 11527 11528 11547
f 11528 11548 11547
f 11528 11529 11548
f 11529 11549 11548
f 11529 11530 11549
f 11530 11550 11549
f 11530 11531 11550
f 11531 11551 11550
f 11531 11532 11551
f 11532 11552 11551
f 11532 11513 11552
f 11513 11533 11552
f 11533 11534 11553
f 11534 11554 11553
f 11534 11535 11554
f 11535 11555 11554
f 11535 11536 11555
f 11536 11556 11555
f 11536 11537 11556
f 11537 11557 11556
f 11537 11538 11557
f 11538 11558 11557
f 11538 11539 11558
f 11539 11559 11558
f 11539 11540 11559
f 11540 11560 11559
f 11540 11541 11560
f 11541 11561 11560
f 11541 11542 11561
f 11542 11562 11561
f 11542 11543 11562
f 11543 11563 11562
f 11543 11544 11563
f 11544 11564 11563
f 11544 11545 11564
f 11545 11565 11564
f 11545 11546 11565
f 11546 11566 11565
f 11546 11547 11566
f 11547 11567 11566
f 11547 11548 11567
f 11548 11568 11567
f 11548 11549 11568
f 11549 11569 11568
f 11549 11550 11569
f 11550 11570 11569
f 11550 11551 11570
f 11551 11571 11570
f 11551 11552 11571
f 11552 11572 11571
f 11552 11533 11572
f 11533 11553 11572
f 11553 11554 11573
f 11554 11574 11573
f 11554 11555 11574
f 11555 11575 11574
f 11555 11556 11575
f 11556 11576 11575
f 11556 11557 11576
f 11557 11577 11576
f 11557 11558 11577
f 11558 11578 11577
f 11558 11559 11578
f 11559 11579 11578
f 11559 11560 11579
f 11560 11580 11579
f 11560 11561 11580
f 11561 11581 11580
f 11561 11562 11581
f 11562 11582 11581
f 11562 11563 11582
f 11563 11583 11582
f 11563 11564 11583
f 11564 11584 11583
f 11564 11565 11584
f 11565 11585 11584
f 11565 11566 11585
f 11566 11586 11585
f 11566 11567 11586
f 11567 11587 11586
f 11567 11568 11587
f 11568 11588 11587
f 11568 11569 11588
f 11569 11589 11588
f 11569 11570 11589
f 11570 11590 11589
f 11570 11571 11590
f 11571 11591 11590
f 11571 11572 11591
f 11572 11592 11591
f 11572 11553 11592
f 11553 11573 11592
f 11573 11574 11593
f 11574 11594 11593
f 11574 11575 11594
f 11575 11595 11594
f 11575 11576 11595
f 11576 11596 11595
f 11576 11577 11596
f 11577 11597 11596
f 11577 11578 11597
f 11578 11598 11597
f 11578 11579 11598
f 11579 11599 11598
f 11579 11580 11599
f 11580 11600 11599
f 11580 11581 11600
f 11581 11601 11600
f 11581 11582 11601
f 11582 11602 11601
f 11582 11583 11602
f 11583 11603 11602
f 11583 11584 11603
f 11584 11604 11603
f 11584 11585 11604
f 11585 11605 11604
f 11585 11586 11605
f 11586 11606 11605
f 11586 11587 11606
f 11587 11607 11606
f 11587 11588 11607
f 11588 11608 11607
f 11588 11589 11608
f 11589 11609 11608
f 11589 11590 11609
f 11590 11610 11609
f 11590 11591 11610
f 11591 11611 11610
f 11591 11592 11611
f 11592 11612 11611
f 11592 11573 11612
f 11573 11593 11612
f 11593 11594 11613
f 11594 11614 11613
f 11594 11595 11614
f 11595 11615 11614
f 11595 11596 11615
f 11596 11616 11615
f 11596 11597 11616
f 11597 11617 11616
f 11597 11598 11617
f 11598 11618 11617
f 11598 11599 11618
f 11599 11619 11618
f 11599 11600 11619
f 11600 11620 11619
f 11600 11601 11620
f 11601 11621 11620
f 11601 11602 11621
f 11602 11622 11621
f 11602 11603 11622
f 11603 11623 11622
f 11603 11604 11623
f 11604 11624 11623
f 11604 11605 11624
f 11605 11625 11624
f 11605 11606 11625
f 11606 11626 11625
f 11606 11607 11626
f 11607 11627 11626
f 11607 11608 11627
f 11608 11628 11627
f 11608 11609 11628
f 11609 11629 11628
f 11609 11610 11629
f 11610 11630 11629
f 11610 11611 11630
f 11611 11631 11630
f 11611 11612 11631
f 11612 11632 11631
f 11612 11593 11632
f 11593 11613 11632
f 11613 11614 11633
f 11614 11634 11633
f 11614 11615 11634
f 11615 11635 11634
f 11615 11616 11635
f 11616 11636 11635
f 11616 11617 11636
f 11617 11637 11636
f 11617 11618 11637
f 11618 11638 11637
f 11618 11619 11638
f 11619 11639 11638
f 11619 11620 11639
f 11620 11640 11639
f 11620 11621 11640
f 11621 11641 11640
f 11621 11622 11641
f 11622 11642 11641
f 11622 11623 11642
f 11623 11643 11642
f 11623 11624 11643
f 11624 11644 11643
f 11624 11625 11644
f 11625 11645 11644
f 11625 11626 11645
f 11626 11646 11645
f 11626 11627 11646
f 11627 11647 11646
f 11627 11628 11647
f 11628 11648 11647
f 11628 11629 11648
f 11629 11649 11648
f 11629 11630 11649
f 11630 11650 11649
f 11630 11631 11650
f 11631 11651 11650
f 11631 11632 11651
f 11632 11652 11651
f 11632 11613 11652
f 11613 11633 11652
f 11633 11634 11653
f 11634 11635 11654
f 11635 11636 11655
f 11636 11637 11656
f 11637 11638 11657
f 11638 11639 11658
f 11639 11640 11659
f 11640 11641 11660
f 11641 11642 11661
f 11642 11643 11662
f 11643 11644 11663
f 11644 11645 11664
f 11645 11646 11665
f 11646 11647 11666
f 11647 11648 11667
f 11648 11649 11668
f 11649 11650 11669
f 11650 11651 11670
f 11651 11652 11671
f 11652 11633 11672
o eye_highlight_L
g eye_highlight_L
f 11674 11686 11685
f 11675 11687 11686
f 11676 11688 11687
f 11677 11689 11688
f 11678 11690 11689
f 11679 11691 11690
f 11680 11692 11691
f 11681 11693 11692
f 11682 11694 11693
f 11683 11695 11694
f 11684 11696 11695
f 11673 11685 11696
f 11685 11686 11697
f 11686 11698 11697
f 11686 11687 11698
f 11687 11699 11698
f 11687 11688 11699
f 11688 11700 11699
f 11688 11689 11700
f 11689 11701 11700
f 11689 11690 11701
f 11690 11702 11701
f 11690 11691 11702
f 11691 11703 11702
f 11691 11692 11703
f 11692 11704 11703
f 11692 11693 11704
f 11693 11705 11704
f 11693 11694 11705
f 11694 11706 11705
f 11694 11695 11706
f 11695 11707 11706
f 11695 11696 11707
f 11696 11708 11707
f 11696 11685 11708
f 11685 11697 11708
f 11697 11698 11709
f 11698 11710 11709
f 11698 11699 11710
f 11699 11711 11710
f 11699 11700 11711
f 11700 11712 11711
f 11700 11701 11712
f 11701 11713 11712
f 11701 11702 11713
f 11702 11714 11713
f 11702 11703 11714
f 11703 11715 11714
f 11703 11704 11715
f 11704 11716 11715
f 11704 11705 11716
f 11705 11717 11716
f 11705 11706 11717
f 11706 11718 11717
f 11706 11707 11718
f 11707 11719 11718
f 11707 11708 11719
f 11708 11720 11719
f 11708 11697 11720
f 11697 11709 11720
f 11709 11710 11721
f 11710 11722 11721
f 11710 11711 11722
f 11711 11723 11722
f 11711 11712 11723
f 11712 11724 11723
f 11712 11713 11724
f 11713 11725 11724
f 11713 11714 11725
f 11714 11726 11725
f 11714 11715 11726
f 11715 11727 11726
f 11715 11716 11727
f 11716 11728 11727
f 11716 11717 11728
f 11717 11729 11728
f 11717 11718 11729
f 11718 11730 11729
f 11718 11719 11730
f 11719 11731 11730
f 11719 11720 11731
f 11720 11732 11731
f 11720 11709 11732
f 11709 11721 11732
f 11721 11722 11733
f 11722 11734 11733
f 11722 11723 11734
f 11723 11735 11734
f 11723 11724 11735
f 11724 11736 11735
f 11724 11725 11736
f 11725 11737 11736
f 11725 11726 11737
f 11726 11738 11737
f 11726 11727 11738
f 11727 11739 11738
f 11727 11728 11739
f 11728 11740 11739
f 11728 11729 11740
f 11729 11741 11740
f 11729 11730 11741
f 11730 11742 11741
f 11730 11731 11742
f 11731 11743 11742
f 11731 11732 11743
f 11732 11744 11743
f 11732 11721 11744
f 11721 11733 11744
f 11733 11734 11745
f 11734 11746 11745
f 11734 11735 11746
f 11735 11747 11746
f 11735 11736 11747
f 11736 11748 11747
f 11736 11737 11748
f 11737 11749 11748
f 11737 11738 11749
f 11738 11750 11749
f 11738 11739 11750
f 11739 11751 11750
f 11739 11740 11751
f 11740 11752 11751
f 11740 11741 11752
f 11741 11753 11752
f 11741 11742 11753
f 11742 11754 11753
f 11742 11743 11754
f 11743 11755 11754
f 11743 11744 11755
f 11744 11756 11755
f 11744 11733 11756
f 11733 11745 11756
f 11745 11746 11757
f 11746 11758 11757
f 11746 11747 11758
f 11747 11759 11758
f 11747 11748 11759
f 11748 11760 11759
f 11748 11749 11760
f 11749 11761 11760
f 11749 11750 11761
f 11750 11762 11761
f 11750 11751 11762
f 11751 11763 11762
f 11751 11752 11763
f 11752 11764 11763
f 11752 11753 11764
f 11753 11765 11764
f 11753 11754 11765
f 11754 11766 11765
f 11754 11755 11766
f 11755 11767 11766
f 11755 11756 11767
f 11756 11768 11767
f 11756 11745 11768
f 11745 11757 11768
f 11757 11758 11769
f 11758 11759 11770
f 11759 11760 11771
f 11760 11761 11772
f 11761 11762 11773
f 11762 11763 11774
f 11763 11764 11775
f 11764 11765 11776
f 11765 11766 11777
f 11766 11767 11778
f 11767 11768 11779
f 11768 11757 11780
o eye_white_R
g eye_white_R
f 11782 11810 11809
f 11783 11811 11810
f 11784 11812 11811
f 11785 11813 11812
f 11786 11814 11813
f 11787 11815 11814
f 11788 11816 11815
f 11789 11817 11816
f 11790 11818 11817
f 11791 11819 11818
f 11792 11820 11819
f 11793 11821 11820
f 11794 11822 11821
f 11795 11823 11822
f 11796 11824 11823
f 11797 11825 11824
f 11798 11826 11825
f 11799 11827 11826
f 11800 11828 11827
f 11801 11829 11828
f 11802 11830 11829
f 11803 11831 11830
f 11804 11832 11831
f 11805 11833 11832
f 11806 11834 11833
f 11807 11835 11834
f 11808 11836 11835
f 11781 11809 11836
f 11809 11810 11837
f 11810 11838 11837
f 11810 11811 11838
f 11811 11839 11838
f 11811 11812 11839
f 11812 11840 11839
f 11812 11813 11840
f 11813 11841 11840
f 11813 11814 11841
f 11814 11842 11841
f 11814 11815 11842
f 11815 11843 11842
f 11815 11816 11843
f 11816 11844 11843
f 11816 11817 11844
f 11817 11845 11844
f 11817 11818 11845
f 11818 11846 11845
f 11818 11819 11846
f 11819 11847 11846
f 11819 11820 11847
f 11820 11848 11847
f 11820 11821 11848
f 11821 11849 11848
f 11821 11822 11849
f 11822 11850 11849
f 11822 11823 11850
f 11823 11851 11850
f 11823 11824 11851
f 11824 11852 11851
f 11824 11825 11852
f 11825 11853 11852
f 11825 11826 11853
f 11826 11854 11853
f 11826 11827 11854
f 11827 11855 11854
f 11827 11828 11855
f 11828 11856 11855
f 11828 11829 11856
f 11829 11857 11856
f 11829 11830 11857
f 11830 11858 11857
f 11830 11831 11858
f 11831 11859 11858
f 11831 11832 11859
f 11832 11860 11859
f 11832 11833 11860
f 11833 11861 11860
f 11833 11834 11861
f 11834 11862 11861
f 11834 11835 11862
f 11835 11863 11862
f 11835 11836 11863
f 11836 11864 11863
f 11836 11809 11864
f 11809 11837 11864
f 11837 11838 11865
f 11838 11866 11865
f 11838 11839 11866
f 11839 11867 11866
f 11839 11840 11867
f 11840 11868 11867
f 11840 11841 11868
f 11841 11869 11868
f 11841 11842 11869
f 11842 11870 11869
f 11842 11843 11870
f 11843 11871 11870
f 11843 11844 11871
f 11844 11872 11871
f 11844 11845 11872
f 11845 11873 11872
f 11845 11846 11873
f 11846 11874 11873
f 11846 11847 11874
f 11847 11875 11874
f 11847 11848 11875
f 11848 11876 11875
f 11848 11849 11876
f 11849 11877 11876
f 11849 11850 11877
f 11850 11878 11877
f 11850 11851 11878
f 11851 11879 11878
f 11851 11852 11879
f 11852 11880 11879
f 11852 11853 11880
f 11853 11881 11880
f 11853 11854 11881
f 11854 11882 11881
f 11854 11855 11882
f 11855 11883 11882
f 11855 11856 11883
f 11856 11884 11883
f 11856 11857 11884
f 11857 11885 11884
f 11857 11858 11885
f 11858 11886 11885
f 11858 11859 11886
f 11859 11887 11886
f 11859 11860 11887
f 11860 11888 11887
f 11860 11861 11888
f 11861 11889 11888
f 11861 11862 11889
f 11862 11890 11889
f 11862 11863 11890
f 11863 11891 11890
f 11863 11864 11891
f 11864 11892 11891
f 11864 11837 11892
f 11837 11865 11892
f 11865 11866 11893
f 11866 11894 11893
f 11866 11867 11894
f 11867 11895 11894
f 11867 11868 11895
f 11868 11896 11895
f 11868 11869 11896
f 11869 11897 11896
f 11869 11870 11897
f 11870 11898 11897
f 11870 11871 11898
f 11871 11899 11898
f 11871 11872 11899
f 11872 11900 11899
f 11872 11873 11900
f 11873 11901 11900
f 11873 11874 11901
f 11874 11902 11901
f 11874 11875 11902
f 11875 11903 11902
f 11875 11876 11903
f 11876 11904 11903
f 11876 11877 11904
f 11877 11905 11904
f 11877 11878 11905
f 11878 11906 11905
f 11878 11879 11906
f 11879 11907 11906
f 11879 11880 11907
f 11880 11908 11907
f 11880 11881 11908
f 11881 11909 11908
f 11881 11882 11909
f 11882 11910 11909
f 11882 11883 11910
f 11883 11911 11910
f 11883 11884 11911
f 11884 11912 11911
f 11884 11885 11912
f 11885 11913 11912
f 11885 11886 11913
f 11886 11914 11913
f 11886 11887 11914
f 11887 11915 11914
f 11887 11888 11915
f 11888 11916 11915
f 11888 11889 11916
f 11889 11917 11916
f 11889 11890 11917
f 11890 11918 11917
f 11890 11891 11918
f 11891 11919 11918
f 11891 11892 11919
f 11892 11920 11919
f 11892 11865 11920
f 11865 11893 11920
f 11893 11894 11921
f 11894 11922 11921
f 11894 11895 11922
f 11895 11923 11922
f 11895 11896 11923
f 11896 11924 11923
f 11896 11897 11924
f 11897 11925 11924
f 11897 11898 11925
f 11898 11926 11925
f 11898 11899 11926
f 11899 11927 11926
f 11899 11900 11927
f 11900 11928 11927
f 11900 11901 11928
f 11901 11929 11928
f 11901 11902 11929
f 11902 11930 11929
f 11902 11903 11930
f 11903 11931 11930
f 11903 11904 11931
f 11904 11932 11931
f 11904 11905 11932
f 11905 11933 11932
f 11905 11906 11933
f 11906 11934 11933
f 11906 11907 11934
f 11907 11935 11934
f 11907 11908 11935
f 11908 11936 11935
f 11908 11909 11936
f 11909 11937 11936
f 11909 11910 11937
f 11910 11938 11937
f 11910 11911 11938
f 11911 11939 11938
f 11911 11912 11939
f 11912 11940 11939
f 11912 11913 11940
f 11913 11941 11940
f 11913 11914 11941
f 11914 11942 11941
f 11914 11915 11942
f 11915 11943 11942
f 11915 11916 11943
f 11916 11944 11943
f 11916 11917 11944
f 11917 11945 11944
f 11917 11918 11945
f 11918 11946 11945
f 11918 11919 11946
f 11919 11947 11946
f 11919 11920 11947
f 11920 11948 11947
f 11920 11893 11948
f 11893 11921 11948
f 11921 11922 11949
f 11922 11950 11949
f 11922 11923 11950
f 11923 11951 11950
f 11923 11924 11951
f 11924 11952 11951
f 11924 11925 11952
f 11925 11953 11952
f 11925 11926 11953
f 11926 11954 11953
f 11926 11927 11954
f 11927 11955 11954
f 11927 11928 11955
f 11928 11956 11955
f 11928 11929 11956
f 11929 11957 11956
f 11929 11930 11957
f 11930 11958 11957
f 11930 11931 11958
f 11931 11959 11958
f 11931 11932 11959
f 11932 11960 11959
f 11932 11933 11960
f 11933 11961 11960
f 11933 11934 11961
f 11934 11962 11961
f 11934 11935 11962
f 11935 11963 11962
f 11935 11936 11963
f 11936 11964 11963
f 11936 11937 11964
f 11937 11965 11964
f 11937 11938 11965
f 11938 11966 11965
f 11938 11939 11966
f 11939 11967 11966
f 11939 11940 11967
f 11940 11968 11967
f 11940 11941 11968
f 11941 11969 11968
f 11941 11942 11969
f 11942 11970 11969
f 11942 11943 11970
f 11943 11971 11970
f 11943 11944 11971
f 11944 11972 11971
f 11944 11945 11972
f 11945 11973 11972
f 11945 11946 11973
f 11946 11974 11973
f 11946 11947 11974
f 11947 11975 11974
f 11947 11948 11975
f 11948 11976 11975
f 11948 11921 11976
f 11921 11949 11976
f 11949 11950 11977
f 11950 11978 11977
f 11950 11951 11978
f 11951 11979 11978
f 11951 11952 11979
f 11952 11980 11979
f 11952 11953 11980
f 11953 11981 11980
f 11953 11954 11981
f 11954 11982 11981
f 11954 11955 11982
f 11955 11983 11982
f 11955 11956 11983
f 11956 11984 11983
f 11956 11957 11984
f 11957 11985 11984
f 11957 11958 11985
f 11958 11986 11985
f 11958 11959 11986
f 11959 11987 11986
f 11959 11960 11987
f 11960 11988 11987
f 11960 11961 11988
f 11961 11989 11988
f 11961 11962 11989
f 11962 11990 11989
f 11962 11963 11990
f 11963 11991 11990
f 11963 11964 11991
f 11964 11992 11991
f 11964 11965 11992
f 11965 11993 11992
f 11965 11966 11993
f 11966 11994 11993
f 11966 11967 11994
f 11967 11995 11994
f 11967 11968 11995
f 11968 11996 11995
f 11968 11969 11996
f 11969 11997 11996
f 11969 11970 11997
f 11970 11998 11997
f 11970 11971 11998
f 11971 11999 11998
f 11971 11972 11999
f 11972 12000 11999
f 11972 11973 12000
f 11973 12001 12000
f 11973 11974 12001
f 11974 12002 12001
f 11974 11975 12002
f 11975 12003 12002
f 11975 11976 12003
f 11976 12004 12003
f 11976 11949 12004
f 11949 11977 12004
f 11977 11978 12005
f 11978 12006 12005
f 11978 11979 12006
f 11979 12007 12006
f 11979 11980 12007
f 11980 12008 12007
f 11980 11981 12008
f 11981 12009 12008
f 11981 11982 12009
f 11982 12010 12009
f 11982 11983 12010
f 11983 12011 12010
f 11983 11984 12011
f 11984 12012 12011
f 11984 11985 12012
f 11985 12013 12012
f 11985 11986 12013
f 11986 12014 12013
f 11986 11987 12014
f 11987 12015 12014
f 11987 11988 12015
f 11988 12016 12015
f 11988 11989 12016
f 11989 12017 12016
f 11989 11990 12017
f 11990 12018 12017
f 11990 11991 12018
f 11991 12019 12018
f 11991 11992 12019
f 11992 12020 12019
f 11992 11993 12020
f 11993 12021 12020
f 11993 11994 12021
f 11994 12022 12021
f 11994 11995 12022
f 11995 12023 12022
f 11995 11996 12023
f 11996 12024 12023
f 11996 11997 12024
f 11997 12025 12024
f 11997 11998 12025
f 11998 12026 12025
f 11998 11999 12026
f 11999 12027 12026
f 11999 12000 12027
f 12000 12028 12027
f 12000 12001 12028
f 12001 12029 12028
f 12001 12002 12029
f 12002 12030 12029
f 12002 12003 12030
f 12003 12031 12030
f 12003 12004 12031
f 12004 12032 12031
f 12004 11977 12032
f 11977 12005 12032
f 12005 12006 12033
f 12006 12034 12033
f 12006 12007 12034
f 12007 12035 12034
f 12007 12008 12035
f 12008 12036 12035
f 12008 12009 12036
f 12009 12037 12036
f 12009 12010 12037
f 12010 12038 12037
f 12010 12011 12038
f 12011 12039 12038
f 12011 12012 12039
f 12012 12040 12039
f 12012 12013 12040
f 12013 12041 12040
f 12013 12014 12041
f 12014 12042 12041
f 12014 12015 12042
f 12015 12043 12042
f 12015 12016 12043
f 12016 12044 12043
f 12016 12017 12044
f 12017 12045 12044
f 12017 12018 12045
f 12018 12046 12045
f 12018 12019 12046
f 12019 12047 12046
f 12019 12020 12047
f 12020 12048 12047
f 12020 12021 12048
f 12021 12049 12048
f 12021 12022 12049
f 12022 12050 12049
f 12022 12023 12050
f 12023 12051 12050
f 12023 12024 12051
f 12024 12052 12051
f 12024 12025 12052
f 12025 12053 12052
f 12025 12026 12053
f 12026 12054 12053
f 12026 12027 12054
f 12027 12055 12054
f 12027 12028 12055
f 12028 12056 12055
f 12028 12029 12056
f 12029 12057 12056
f 12029 12030 12057
f 12030 12058 12057
f 12030 12031 12058
f 12031 12059 12058
f 12031 12032 12059
f 12032 12060 12059
f 12032 12005 12060
f 12005 12033 12060
f 12033 12034 12061
f 12034 12062 12061
f 12034 12035 12062
f 12035 12063 12062
f 12035 12036 12063
f 12036 12064 12063
f 12036 12037 12064
f 12037 12065 12064
f 12037 12038 12065
f 12038 12066 12065
f 12038 12039 12066
f 12039 12067 12066
f 12039 12040 12067
f 12040 12068 12067
f 12040 12041 12068
f 12041 12069 12068
f 12041 12042 12069
f 12042 12070 12069
f 12042 12043 12070
f 12043 12071 12070
f 12043 12044 12071
f 12044 12072 12071
f 12044 12045 12072
f 12045 12073 12072
f 12045 12046 12073
f 12046 12074 12073
f 12046 12047 12074
f 12047 12075 12074
f 12047 12048 12075
f 12048 12076 12075
f 12048 12049 12076
f 12049 12077 12076
f 12049 12050 12077
f 12050 12078 12077
f 12050 12051 12078
f 12051 12079 12078
f 12051 12052 12079
f 12052 12080 12079
f 12052 12053 12080
f 12053 12081 12080
f 12053 12054 12081
f 12054 12082 12081
f 12054 12055 12082
f 12055 12083 12082
f 12055 12056 12083
f 12056 12084 12083
f 12056 12057 12084
f 12057 12085 12084
f 12057 12058 12085
f 12058 12086 12085
f 12058 12059 12086
f 12059 12087 12086
f 12059 12060 12087
f 12060 12088 12087
f 12060 12033 12088
f 12033 12061 12088
f 12061 12062 12089
f 12062 12090 12089
f 12062 12063 12090
f 12063 12091 12090
f 12063 12064 12091
f 12064 12092 12091
f 12064 12065 12092
f 12065 12093 12092
f 12065 12066 12093
f 12066 12094 12093
f 12066 12067 12094
f 12067 12095 12094
f 12067 12068 12095
f 12068 12096 12095
f 12068 12069 12096
f 12069 12097 12096
f 12069 12070 12097
f 12070 12098 12097
f 12070 12071 12098
f 12071 12099 12098
f 12071 12072 12099
f 12072 12100 12099
f 12072 12073 12100
f 12073 12101 12100
f 12073 12074 12101
f 12074 12102 12101
f 12074 12075 12102
f 12075 12103 12102
f 12075 12076 12103
f 12076 12104 12103
f 12076 12077 12104
f 12077 12105 12104
f 12077 12078 12105
f 12078 12106 12105
f 12078 12079 12106
f 12079 12107 12106
f 12079 12080 12107
f 12080 12108 12107
f 12080 12081 12108
f 12081 12109 12108
f 12081 12082 12109
f 12082 12110 12109
f 12082 12083 12110
f 12083 12111 12110
f 12083 12084 12111
f 12084 12112 12111
f 12084 12085 12112
f 12085 12113 12112
f 12085 12086 12113
f 12086 12114 12113
f 12086 12087 12114
f 12087 12115 12114
f 12087 12088 12115
f 12088 12116 12115
f 12088 12061 12116
f 12061 12089 12116
f 12089 12090 12117
f 12090 12118 12117
f 12090 12091 12118
f 12091 12119 12118
f 12091 12092 12119
f 12092 12120 12119
f 12092 12093 12120
f 12093 12121 12120
f 12093 12094 12121
f 12094 12122 12121
f 12094 12095 12122
f 12095 12123 12122
f 12095 12096 12123
f 12096 12124 12123
f 12096 12097 12124
f 12097 12125 12124
f 12097 12098 12125
f 12098 12126 12125
f 12098 12099 12126
f 12099 12127 12126
f 12099 12100 12127
f 12100 12128 12127
f 12100 12101 12128
f 12101 12129 12128
f 12101 12102 12129
f 12102 12130 12129
f 12102 12103 12130
f 12103 12131 12130
f 12103 12104 12131
f 12104 12132 12131
f 12104 12105 12132
f 12105 12133 12132
f 12105 12106 12133
f 12106 12134 12133
f 12106 12107 12134
f 12107 12135 12134
f 12107 12108 12135
f 12108 12136 12135
f 12108 12109 12136
f 12109 12137 12136
f 12109 12110 12137
f 12110 12138 12137
f 12110 12111 12138
f 12111 12139 12138
f 12111 12112 12139
f 12112 12140 12139
f 12112 12113 12140
f 12113 12141 12140
f 12113 12114 12141
f 12114 12142 12141
f 12114 12115 12142
f 12115 12143 12142
f 12115 12116 12143
f 12116 12144 12143
f 12116 12089 12144
f 12089 12117 12144
f 12117 12118 12145
f 12118 12146 12145
f 12118 12119 12146
f 12119 12147 12146
f 12119 12120 12147
f 12120 12148 12147
f 12120 12121 12148
f 12121 12149 12148
f 12121 12122 12149
f 12122 12150 12149
f 12122 12123 12150
f 12123 12151 12150
f 12123 12124 12151
f 12124 12152 12151
f 12124 12125 12152
f 12125 12153 12152
f 12125 12126 12153
f 12126 12154 12153
f 12126 12127 12154
f 12127 12155 12154
f 12127 12128 12155
f 12128 12156 12155
f 12128 12129 12156
f 12129 12157 12156
f 12129 12130 12157
f 12130 12158 12157
f 12130 12131 12158
f 12131 12159 12158
f 12131 12132 12159
f 12132 12160 12159
f 12132 12133 12160
f 12133 12161 12160
f 12133 12134 12161
f 12134 12162 12161
f 12134 12135 12162
f 12135 12163 12162
f 12135 12136 12163
f 12136 12164 12163
f 12136 12137 12164
f 12137 12165 12164
f 12137 12138 12165
f 12138 12166 12165
f 12138 12139 12166
f 12139 12167 12166
f 12139 12140 12167
f 12140 12168 12167
f 12140 12141 12168
f 12141 12169 12168
f 12141 12142 12169
f 12142 12170 12169
f 12142 12143 12170
f 12143 12171 12170
f 12143 12144 12171
f 12144 12172 12171
f 12144 12117 12172
f 12117 12145 12172
f 12145 12146 12173
f 12146 12174 12173
f 12146 12147 12174
f 12147 12175 12174
f 12147 12148 12175
f 12148 12176 12175
f 12148 12149 12176
f 12149 12177 12176
f 12149 12150 12177
f 12150 12178 12177
f 12150 12151 12178
f 12151 12179 12178
f 12151 12152 12179
f 12152 12180 12179
f 12152 12153 12180
f 12153 12181 12180
f 12153 12154 12181
f 12154 12182 12181
f 12154 12155 12182
f 12155 12183 12182
f 12155 12156 12183
f 12156 12184 12183
f 12156 12157 12184
f 12157 12185 12184
f 12157 12158 12185
f 12158 12186 12185
f 12158 12159 12186
f 12159 12187 12186
f 12159 12160 12187
f 12160 12188 12187
f 12160 12161 12188
f 12161 12189 12188
f 12161 12162 12189
f 12162 12190 12189
f 12162 12163 12190
f 12163 12191 12190
f 12163 12164 12191
f 12164 12192 12191
f 12164 12165 12192
f 12165 12193 12192
f 12165 12166 12193
f 12166 12194 12193
f 12166 12167 12194
f 12167 12195 12194
f 12167 12168 12195
f 12168 12196 12195
f 12168 12169 12196
f 12169 12197 12196
f 12169 12170 12197
f 12170 12198 12197
f 12170 12171 12198
f 12171 12199 12198
f 12171 12172 12199
f 12172 12200 12199
f 12172 12145 12200
f 12145 12173 12200
f 12173 12174 12201
f 12174 12202 12201
f 12174 12175 12202
f 12175 12203 12202
f 12175 12176 12203
f 12176 12204 12203
f 12176 12177 12204
f 12177 12205 12204
f 12177 12178 12205
f 12178 12206 12205
f 12178 12179 12206
f 12179 12207 12206
f 12179 12180 12207
f 12180 12208 12207
f 12180 12181 12208
f 12181 12209 12208
f 12181 12182 12209
f 12182 12210 12209
f 12182 12183 12210
f 12183 12211 12210
f 12183 12184 12211
f 12184 12212 12211
f 12184 12185 12212
f 12185 12213 12212
f 12185 12186 12213
f 12186 12214 12213
f 12186 12187 12214
f 12187 12215 12214
f 12187 12188 12215
f 12188 12216 12215
f 12188 12189 12216
f 12189 12217 12216
f 12189 12190 12217
f 12190 12218 12217
f 12190 12191 12218
f 12191 12219 12218
f 12191 12192 12219
f 12192 12220 12219
f 12192 12193 12220
f 12193 12221 12220
f 12193 12194 12221
f 12194 12222 12221
f 12194 12195 12222
f 12195 12223 12222
f 12195 12196 12223
f 12196 12224 12223
f 12196 12197 12224
f 12197 12225 12224
f 12197 12198 12225
f 12198 12226 12225
f 12198 12199 12226
f 12199 12227 12226
f 12199 12200 12227
f 12200 12228 12227
f 12200 12173 12228
f 12173 12201 12228
f 12201 12202 12229
f 12202 12230 12229
f 12202 12203 12230
f 12203 12231 12230
f 12203 12204 12231
f 12204 12232 12231
f 12204 12205 12232
f 12205 12233 12232
f 12205 12206 12233
f 12206 12234 12233
f 12206 12207 12234
f 12207 12235 12234
f 12207 12208 12235
f 12208 12236 12235
f 12208 12209 12236
f 12209 12237 12236
f 12209 12210 12237
f 12210 12238 12237
f 12210 12211 12238
f 12211 12239 12238
f 12211 12212 12239
f 12212 12240 12239
f 12212 12213 12240
f 12213 12241 12240
f 12213 12214 12241
f 12214 12242 12241
f 12214 12215 12242
f 12215 12243 12242
f 12215 12216 12243
f 12216 12244 12243
f 12216 12217 12244
f 12217 12245 12244
f 12217 12218 12245
f 12218 12246 12245
f 12218 12219 12246
f 12219 12247 12246
f 12219 12220 12247
f 12220 12248 12247
f 12220 12221 12248
f 12221 12249 12248
f 12221 12222 12249
f 12222 12250 12249
f 12222 12223 12250
f 12223 12251 12250
f 12223 12224 12251
f 12224 12252 12251
f 12224 12225 12252
f 12225 12253 12252
f 12225 12226 12253
f 12226 12254 12253
f 12226 12227 12254
f 12227 12255 12254
f 12227 12228 12255
f 12228 12256 12255
f 12228 12201 12256
f 12201 12229 12256
f 12229 12230 12257
f 12230 12258 12257
f 12230 12231 12258
f 12231 12259 12258
f 12231 12232 12259
f 12232 12260 12259
f 12232 12233 12260
f 12233 12261 12260
f 12233 12234 12261
f 12234 12262 12261
f 12234 12235 12262
f 12235 12263 12262
f 12235 12236 12263
f 12236 12264 12263
f 12236 12237 12264
f 12237 12265 12264
f 12237 12238 12265
f 12238 12266 12265
f 12238 12239 12266
f 12239 12267 12266
f 12239 12240 12267
f 12240 12268 12267
f 12240 12241 12268
f 12241 12269 12268
f 12241 12242 12269
f 12242 12270 12269
f 12242 12243 12270
f 12243 12271 12270
f 12243 12244 12271
f 12244 12272 12271
f 12244 12245 12272
f 12245 12273 12272
f 12245 12246 12273
f 12246 12274 12273
f 12246 12247 12274
f 12247 12275 12274
f 12247 12248 12275
f 12248 12276 12275
f 12248 12249 12276
f 12249 12277 12276
f 12249 12250 12277
f 12250 12278 12277
f 12250 12251 12278
f 12251 12279 12278
f 12251 12252 12279
f 12252 12280 12279
f 12252 12253 12280
f 12253 12281 12280
f 12253 12254 12281
f 12254 12282 12281
f 12254 12255 12282
f 12255 12283 12282
f 12255 12256 12283
f 12256 12284 12283
f 12256 12229 12284
f 12229 12257 12284
f 12257 12258 12285
f 12258 12259 12286
f 12259 12260 12287
f 12260 12261 12288
f 12261 12262 12289
f 12262 12263 12290
f 12263 12264 12291
f 12264 12265 12292
f 12265 12266 12293
f 12266 12267 12294
f 12267 12268 12295
f 12268 12269 12296
f 12269 12270 12297
f 12270 12271 12298
f 12271 12272 12299
f 12272 12273 12300
f 12273 12274 12301
f 12274 12275 12302
f 12275 12276 12303
f 12276 12277 12304
f 12277 12278 12305
f 12278 12279 12306
f 12279 12280 12307
f 12280 12281 12308
f 12281 12282 12309
f 12282 12283 12310
f 12283 12284 12311
f 12284 12257 12312
o eye_iris_R
g eye_iris_R
f 12314 12338 12337
f 12315 12339 12338
f 12316 12340 12339
f 12317 12341 12340
f 12318 12342 12341
f 12319 12343 12342
f 12320 12344 12343
f 12321 12345 12344
f 12322 12346 12345
f 12323 12347 12346
f 12324 12348 12347
f 12325 12349 12348
f 12326 12350 12349
f 12327 12351 12350
f 12328 12352 12351
f 12329 12353 12352
f 12330 12354 12353
f 12331 12355 12354
f 12332 12356 12355
f 12333 12357 12356
f 12334 12358 12357
f 12335 12359 12358
f 12336 12360 12359
f 12313 12337 12360
f 12337 12338 12361
f 12338 12362 12361
f 12338 12339 12362
f 12339 12363 12362
f 12339 12340 12363
f 12340 12364 12363
f 12340 12341 12364
f 12341 12365 12364
f 12341 12342 12365
f 12342 12366 12365
f 12342 12343 12366
f 12343 12367 12366
f 12343 12344 12367
f 12344 12368 12367
f 12344 12345 12368
f 12345 12369 12368
f 12345 12346 12369
f 12346 12370 12369
f 12346 12347 12370
f 12347 12371 12370
f 12347 12348 12371
f 12348 12372 12371
f 12348 12349 12372
f 12349 12373 12372
f 12349 12350 12373
f 12350 12374 12373
f 12350 12351 12374
f 12351 12375 12374
f 12351 12352 12375
f 12352 12376 12375
f 12352 12353 12376
f 12353 12377 12376
f 12353 12354 12377
f 12354 12378 12377
f 12354 12355 12378
f 12355 12379 12378
f 12355 12356 12379
f 12356 12380 12379
f 12356 12357 12380
f 12357 12381 12380
f 12357 12358 12381
f 12358 12382 12381
f 12358 12359 12382
f 12359 12383 12382
f 12359 12360 12383
f 12360 12384 12383
f 12360 12337 12384
f 12337 12361 12384
f 12361 12362 12385
f 12362 12386 12385
f 12362 12363 12386
f 12363 12387 12386
f 12363 12364 12387
f 12364 12388 12387
f 12364 12365 12388
f 12365 12389 12388
f 12365 12366 12389
f 12366 12390 12389
f 12366 12367 12390
f 12367 12391 12390
f 12367 12368 12391
f 12368 12392 12391
f 12368 12369 12392
f 12369 12393 12392
f 12369 12370 12393
f 12370 12394 12393
f 12370 12371 12394
f 12371 12395 12394
f 12371 12372 12395
f 12372 12396 12395
f 12372 12373 12396
f 12373 12397 12396
f 12373 12374 12397
f 12374 12398 12397
f 12374 12375 12398
f 12375 12399 12398
f 12375 12376 12399
f 12376 12400 12399
f 12376 12377 12400
f 12377 12401 12400
f 12377 12378 12401
f 12378 12402 12401
f 12378 12379 12402
f 12379 12403 12402
f 12379 12380 12403
f 12380 12404 12403
f 12380 12381 12404
f 12381 12405 12404
f 12381 12382 12405
f 12382 12406 12405
f 12382 12383 12406
f 12383 12407 12406
f 12383 12384 12407
f 12384 12408 12407
f 12384 12361 12408
f 12361 12385 12408
f 12385 12386 12409
f 12386 12410 12409
f 12386 12387 12410
f 12387 12411 12410
f 12387 12388 12411
f 12388 12412 12411
f 12388 12389 12412
f 12389 12413 12412
f 12389 12390 12413
f 12390 12414 12413
f 12390 12391 12414
f 12391 12415 12414
f 12391 12392 12415
f 12392 12416 12415
f 12392 12393 12416
f 12393 12417 12416
f 12393 12394 12417
f 12394 12418 12417
f 12394 12395 12418
f 12395 12419 12418
f 12395 12396 12419
f 12396 12420 12419
f 12396 12397 12420
f 12397 12421 12420
f 12397 12398 12421
f 12398 12422 12421
f 12398 12399 12422
f 12399 12423 12422
f 12399 12400 12423
f 12400 12424 12423
f 12400 12401 12424
f 12401 12425 12424
f 12401 12402 12425
f 12402 12426 12425
f 12402 12403 12426
f 12403 12427 12426
f 12403 12404 12427
f 12404 12428 12427
f 12404 12405 12428
f 12405 12429 12428
f 12405 12406 12429
f 12406 12430 12429
f 12406 12407 12430
f 12407 12431 12430
f 12407 12408 12431
f 12408 12432 12431
f 12408 12385 12432
f 12385 12409 12432
f 12409 12410 12433
f 12410 12434 12433
f 12410 12411 12434
f 12411 12435 12434
f 12411 12412 12435
f 12412 12436 12435
f 12412 12413 12436
f 12413 12437 12436
f 12413 12414 12437
f 12414 12438 12437
f 12414 12415 12438
f 12415 12439 12438
f 12415 12416 12439
f 12416 12440 12439
f 12416 12417 12440
f 12417 12441 12440
f 12417 12418 12441
f 12418 12442 12441
f 12418 12419 12442
f 12419 12443 12442
f 12419 12420 12443
f 12420 12444 12443
f 12420 12421 12444
f 12421 12445 12444
f 12421 12422 12445
f 12422 12446 12445
f 12422 12423 12446
f 12423 12447 12446
f 12423 12424 12447
f 12424 12448 12447
f 12424 12425 12448
f 12425 12449 12448
f 12425 12426 12449
f 12426 12450 12449
f 12426 12427 12450
f 12427 12451 12450
f 12427 12428 12451
f 12428 12452 12451
f 12428 12429 12452
f 12429 12453 12452
f 12429 12430 12453
f 12430 12454 12453
f 12430 12431 12454
f 12431 12455 12454
f 12431 12432 12455
f 12432 12456 12455
f 12432 12409 12456
f 12409 12433 12456
f 12433 12434 12457
f 12434 12458 12457
f 12434 12435 12458
f 12435 12459 12458
f 12435 12436 12459
f 12436 12460 12459
f 12436 12437 12460
f 12437 12461 12460
f 12437 12438 12461
f 12438 12462 12461
f 12438 12439 12462
f 12439 12463 12462
f 12439 12440 12463
f 12440 12464 12463
f 12440 12441 12464
f 12441 12465 12464
f 12441 12442 12465
f 12442 12466 12465
f 12442 12443 12466
f 12443 12467 12466
f 12443 12444 12467
f 12444 12468 12467
f 12444 12445 12468
f 12445 12469 12468
f 12445 12446 12469
f 12446 12470 12469
f 12446 12447 12470
f 12447 12471 12470
f 12447 12448 12471
f 12448 12472 12471
f 12448 12449 12472
f 12449 12473 12472
f 12449 12450 12473
f 12450 12474 12473
f 12450 12451 12474
f 12451 12475 12474
f 12451 12452 12475
f 12452 12476 12475
f 12452 12453 12476
f 12453 12477 12476
f 12453 12454 12477
f 12454 12478 12477
f 12454 12455 12478
f 12455 12479 12478
f 12455 12456 12479
f 12456 12480 12479
f 12456 12433 12480
f 12433 12457 12480
f 12457 12458 12481
f 12458 12482 12481
f 12458 12459 12482
f 12459 12483 12482
f 12459 12460 12483
f 12460 12484 12483
f 12460 12461 12484
f 12461 12485 12484
f 12461 12462 12485
f 12462 12486 12485
f 12462 12463 12486
f 12463 12487 12486
f 12463 12464 12487
f 12464 12488 12487
f 12464 12465 12488
f 12465 12489 12488
f 12465 12466 12489
f 12466 12490 12489
f 12466 12467 12490
f 12467 12491 12490
f 12467 12468 12491
f 12468 12492 12491
f 12468 12469 12492
f 12469 12493 12492
f 12469 12470 12493
f 12470 12494 12493
f 12470 12471 12494
f 12471 12495 12494
f 12471 12472 12495
f 12472 12496 12495
f 12472 12473 12496
f 12473 12497 12496
f 12473 12474 12497
f 12474 12498 12497
f 12474 12475 12498
f 12475 12499 12498
f 12475 12476 12499
f 12476 12500 12499
f 12476 12477 12500
f 12477 12501 12500
f 12477 12478 12501
f 12478 12502 12501
f 12478 12479 12502
f 12479 12503 12502
f 12479 12480 12503
f 12480 12504 12503
f 12480 12457 12504
f 12457 12481 12504
f 12481 12482 12505
f 12482 12506 12505
f 12482 12483 12506
f 12483 12507 12506
f 12483 12484 12507
f 12484 12508 12507
f 12484 12485 12508
f 12485 12509 12508
f 12485 12486 12509
f 12486 12510 12509
f 12486 12487 12510
f 12487 12511 12510
f 12487 12488 12511
f 12488 12512 12511
f 12488 12489 12512
f 12489 12513 12512
f 12489 12490 12513
f 12490 12514 12513
f 12490 12491 12514
f 12491 12515 12514
f 12491 12492 12515
f 12492 12516 12515
f 12492 12493 12516
f 12493 12517 12516
f 12493 12494 12517
f 12494 12518 12517
f 12494 12495 12518
f 12495 12519 12518
f 12495 12496 12519
f 12496 12520 12519
f 12496 12497 12520
f 12497 12521 12520
f 12497 12498 12521
f 12498 12522 12521
f 12498 12499 12522
f 12499 12523 12522
f 12499 12500 12523
f 12500 12524 12523
f 12500 12501 12524
f 12501 12525 12524
f 12501 12502 12525
f 12502 12526 12525
f 12502 12503 12526
f 12503 12527 12526
f 12503 12504 12527
f 12504 12528 12527
f 12504 12481 12528
f 12481 12505 12528
f 12505 12506 12529
f 12506 12530 12529
f 12506 12507 12530
f 12507 12531 12530
f 12507 12508 12531
f 12508 12532 12531
f 12508 12509 12532
f 12509 12533 12532
f 12509 12510 12533
f 12510 12534 12533
f 12510 12511 12534
f 12511 12535 12534
f 12511 12512 12535
f 12512 12536 12535
f 12512 12513 12536
f 12513 12537 12536
f 12513 12514 12537
f 12514 12538 12537
f 12514 12515 12538
f 12515 12539 12538
f 12515 12516 12539
f 12516 12540 12539
f 12516 12517 12540
f 12517 12541 12540
f 12517 12518 12541
f 12518 12542 12541
f 12518 12519 12542
f 12519 12543 12542
f 12519 12520 12543
f 12520 12544 12543
f 12520 12521 12544
f 12521 12545 12544
f 12521 12522 12545
f 12522 12546 12545
f 12522 12523 12546
f 12523 12547 12546
f 12523 12524 12547
f 12524 12548 12547
f 12524 12525 12548
f 12525 12549 12548
f 12525 12526 12549
f 12526 12550 12549
f 12526 12527 12550
f 12527 12551 12550
f 12527 12528 12551
f 12528 12552 12551
f 12528 12505 12552
f 12505 12529 12552
f 12529 12530 12553
f 12530 12554 12553
f 12530 12531 12554
f 12531 12555 12554
f 12531 12532 12555
f 12532 12556 12555
f 12532 12533 12556
f 12533 12557 12556
f 12533 12534 12557
f 12534 12558 12557
f 12534 12535 12558
f 12535 12559 12558
f 12535 12536 12559
f 12536 12560 12559
f 12536 12537 12560
f 12537 12561 12560
f 12537 12538 12561
f 12538 12562 12561
f 12538 12539 12562
f 12539 12563 12562
f 12539 12540 12563
f 12540 12564 12563
f 12540 12541 12564
f 12541 12565 12564
f 12541 12542 12565
f 12542 12566 12565
f 12542 12543 12566
f 12543 12567 12566
f 12543 12544 12567
f 12544 12568 12567
f 12544 12545 12568
f 12545 12569 12568
f 12545 12546 12569
f 12546 12570 12569
f 12546 12547 12570
f 12547 12571 12570
f 12547 12548 12571
f 12548 12572 12571
f 12548 12549 12572
f 12549 12573 12572
f 12549 12550 12573
f 12550 12574 12573
f 12550 12551 12574
f 12551 12575 12574
f 12551 12552 12575
f 12552 12576 12575
f 12552 12529 12576
f 12529 12553 12576
f 12553 12554 12577
f 12554 12578 12577
f 12554 12555 12578
f 12555 12579 12578
f 12555 12556 12579
f 12556 12580 12579
f 12556 12557 12580
f 12557 12581 12580
f 12557 12558 12581
f 12558 12582 12581
f 12558 12559 12582
f 12559 12583 12582
f 12559 12560 12583
f 12560 12584 12583
f 12560 12561 12584
f 12561 12585 12584
f 12561 12562 12585
f 12562 12586 12585
f 12562 12563 12586
f 12563 12587 12586
f 12563 12564 12587
f 12564 12588 12587
f 12564 12565 12588
f 12565 12589 12588
f 12565 12566 12589
f 12566 12590 12589
f 12566 12567 12590
f 12567 12591 12590
f 12567 12568 12591
f 12568 12592 12591
f 12568 12569 12592
f 12569 12593 12592
f 12569 12570 12593
f 12570 12594 12593
f 12570 12571 12594
f 12571 12595 12594
f 12571 12572 12595
f 12572 12596 12595
f 12572 12573 12596
f 12573 12597 12596
f 12573 12574 12597
f 12574 12598 12597
f 12574 12575 12598
f 12575 12599 12598
f 12575 12576 12599
f 12576 12600 12599
f 12576 12553 12600
f 12553 12577 12600
f 12577 12578 12601
f 12578 12602 12601
f 12578 12579 12602
f 12579 12603 12602
f 12579 12580 12603
f 12580 12604 12603
f 12580 12581 12604
f 12581 12605 12604
f 12581 12582 12605
f 12582 12606 12605
f 12582 12583 12606
f 12583 12607 12606
f 12583 12584 12607
f 12584 12608 12607
f 12584 12585 12608
f 12585 12609 12608
f 12585 12586 12609
f 12586 12610 12609
f 12586 12587 12610
f 12587 12611 12610
f 12587 12588 12611
f 12588 12612 12611
f 12588 12589 12612
f 12589 12613 12612
f 12589 12590 12613
f 12590 12614 12613
f 12590 12591 12614
f 12591 12615 12614
f 12591 12592 12615
f 12592 12616 12615
f 12592 12593 12616
f 12593 12617 12616
f 12593 12594 12617
f 12594 12618 12617
f 12594 12595 12618
f 12595 12619 12618
f 12595 12596 12619
f 12596 12620 12619
f 12596 12597 12620
f 12597 12621 12620
f 12597 12598 12621
f 12598 12622 12621
f 12598 12599 12622
f 12599 12623 12622
f 12599 12600 12623
f 12600 12624 12623
f 12600 12577 12624
f 12577 12601 12624
f 12601 12602 12625
f 12602 12626 12625
f 12602 12603 12626
f 12603 12627 12626
f 12603 12604 12627
f 12604 12628 12627
f 12604 12605 12628
f 12605 12629 12628
f 12605 12606 12629
f 12606 12630 12629
f 12606 12607 12630
f 12607 12631 12630
f 12607 12608 12631
f 12608 12632 12631
f 12608 12609 12632
f 12609 12633 12632
f 12609 12610 12633
f 12610 12634 12633
f 12610 12611 12634
f 12611 12635 12634
f 12611 12612 12635
f 12612 12636 12635
f 12612 12613 12636
f 12613 12637 12636
f 12613 12614 12637
f 12614 12638 12637
f 12614 12615 12638
f 12615 12639 12638
f 12615 12616 12639
f 12616 12640 12639
f 12616 12617 12640
f 12617 12641 12640
f 12617 12618 12641
f 12618 12642 12641
f 12618 12619 12642
f 12619 12643 12642
f 12619 12620 12643
f 12620 12644 12643
f 12620 12621 12644
f 12621 12645 12644
f 12621 12622 12645
f 12622 12646 12645
f 12622 12623 12646
f 12623 12647 12646
f 12623 12624 12647
f 12624 12648 12647
f 12624 12601 12648
f 12601 12625 12648
f 12625 12626 12649
f 12626 12627 12650
f 12627 12628 12651
f 12628 12629 12652
f 12629 12630 12653
f 12630 12631 12654
f 12631 12632 12655
f 12632 12633 12656
f 12633 12634 12657
f 12634 12635 12658
f 12635 12636 12659
f 12636 12637 12660
f 12637 12638 12661
f 12638 12639 12662
f 12639 12640 12663
f 12640 12641 12664
f 12641 12642 12665
f 12642 12643 12666
f 12643 12644 12667
f 12644 12645 12668
f 12645 12646 12669
f 12646 12647 12670
f 12647 12648 12671
f 12648 12625 12672
o eye_pupil_R
g eye_pupil_R
f 12674 12694 12693
f 12675 12695 12694
f 12676 12696 12695
f 12677 12697 12696
f 12678 12698 12697
f 12679 12699 12698
f 12680 12700 12699
f 12681 12701 12700
f 12682 12702 12701
f 12683 12703 12702
f 12684 12704 12703
f 12685 12705 12704
f 12686 12706 12705
f 12687 12707 12706
f 12688 12708 12707
f 12689 12709 12708
f 12690 12710 12709
f 12691 12711 12710
f 12692 12712 12711
f 12673 12693 12712
f 12693 12694 12713
f 12694 12714 12713
f 12694 12695 12714
f 12695 12715 12714
f 12695 12696 12715
f 12696 12716 12715
f 12696 12697 12716
f 12697 12717 12716
f 12697 12698 12717
f 12698 12718 12717
f 12698 12699 12718
f 12699 12719 12718
f 12699 12700 12719
f 12700 12720 12719
f 12700 12701 12720
f 12701 12721 12720
f 12701 12702 12721
f 12702 12722 12721
f 12702 12703 12722
f 12703 12723 12722
f 12703 12704 12723
f 12704 12724 12723
f 12704 12705 12724
f 12705 12725 12724
f 12705 12706 12725
f 12706 12726 12725
f 12706 12707 12726
f 12707 12727 12726
f 12707 12708 12727
f 12708 12728 12727
f 12708 12709 12728
f 12709 12729 12728
f 12709 12710 12729
f 12710 12730 12729
f 12710 12711 12730
f 12711 12731 12730
f 12711 12712 12731
f 12712 12732 12731
f 12712 12693 12732
f 12693 12713 12732
f 12713 12714 12733
f 12714 12734 12733
f 12714 12715 12734
f 12715 12735 12734
f 12715 12716 12735
f 12716 12736 12735
f 12716 12717 12736
f 12717 12737 12736
f 12717 12718 12737
f 12718 12738 12737
f 12718 12719 12738
f 12719 12739 12738
f 12719 12720 12739
f 12720 12740 12739
f 12720 12721 12740
f 12721 12741 12740
f 12721 12722 12741
f 12722 12742 12741
f 12722 12723 12742
f 12723 12743 12742
f 12723 12724 12743
f 12724 12744 12743
f 12724 12725 12744
f 12725 12745 12744
f 12725 12726 12745
f 12726 12746 12745
f 12726 12727 12746
f 12727 12747 12746
f 12727 12728 12747
f 12728 12748 12747
f 12728 12729 12748
f 12729 12749 12748
f 12729 12730 12749
f 12730 12750 12749
f 12730 12731 12750
f 12731 12751 12750
f 12731 12732 12751
f 12732 12752 12751
f 12732 12713 12752
f 12713 12733 12752
f 12733 12734 12753
f 12734 12754 12753
f 12734 12735 12754
f 12735 12755 12754
f 12735 12736 12755
f 12736 12756 12755
f 12736 12737 12756
f 12737 12757 12756
f 12737 12738 12757
f 12738 12758 12757
f 12738 12739 12758
f 12739 12759 12758
f 12739 12740 12759
f 12740 12760 12759
f 12740 12741 12760
f 12741 12761 12760
f 12741 12742 12761
f 12742 12762 12761
f 12742 12743 12762
f 12743 12763 12762
f 12743 12744 12763
f 12744 12764 12763
f 12744 12745 12764
f 12745 12765 12764
f 12745 12746 12765
f 12746 12766 12765
f 12746 12747 12766
f 12747 12767 12766
f 12747 12748 12767
f 12748 12768 12767
f 12748 12749 12768
f 12749 12769 12768
f 12749 12750 12769
f 12750 12770 12769
f 12750 12751 12770
f 12751 12771 12770
f 12751 12752 12771
f 12752 12772 12771
f 12752 12733 12772
f 12733 12753 12772
f 12753 12754 12773
f 12754 12774 12773
f 12754 12755 12774
f 12755 12775 12774
f 12755 12756 12775
f 12756 12776 12775
f 12756 12757 12776
f 12757 12777 12776
f 12757 12758 12777
f 12758 12778 12777
f 12758 12759 12778
f 12759 12779 12778
f 12759 12760 12779
f 12760 12780 12779
f 12760 12761 12780
f 12761 12781 12780
f 12761 12762 12781
f 12762 12782 12781
f 12762 12763 12782
f 12763 12783 12782
f 12763 12764 12783
f 12764 12784 12783
f 12764 12765 12784
f 12765 12785 12784
f 12765 12766 12785
f 12766 12786 12785
f 12766 12767 12786
f 12767 12787 12786
f 12767 12768 12787
f 12768 12788 12787
f 12768 12769 12788
f 12769 12789 12788
f 12769 12770 12789
f 12770 12790 12789
f 12770 12771 12790
f 12771 12791 12790
f 12771 12772 12791
f 12772 12792 12791
f 12772 12753 12792
f 12753 12773 12792
f 12773 12774 12793
f 12774 12794 12793
f 12774 12775 12794
f 12775 12795 12794
f 12775 12776 12795
f 12776 12796 12795
f 12776 12777 12796
f 12777 12797 12796
f 12777 12778 12797
f 12778 12798 12797
f 12778 12779 12798
f 12779 12799 12798
f 12779 12780 12799
f 12780 12800 12799
f 12780 12781 12800
f 12781 12801 12800
f 12781 12782 12801
f 12782 12802 12801
f 12782 12783 12802
f 12783 12803 12802
f 12783 12784 12803
f 12784 12804 12803
f 12784 12785 12804
f 12785 12805 12804
f 12785 12786 12805
f 12786 12806 12805
f 12786 12787 12806
f 12787 12807 12806
f 12787 12788 12807
f 12788 12808 12807
f 12788 12789 12808
f 12789 12809 12808
f 12789 12790 12809
f 12790 12810 12809
f 12790 12791 12810
f 12791 12811 12810
f 12791 12792 12811
f 12792 12812 12811
f 12792 12773 12812
f 12773 12793 12812
f 12793 12794 12813
f 12794 12814 12813
f 12794 12795 12814
f 12795 12815 12814
f 12795 12796 12815
f 12796 12816 12815
f 12796 12797 12816
f 12797 12817 12816
f 12797 12798 12817
f 12798 12818 12817
f 12798 12799 12818
f 12799 12819 12818
f 12799 12800 12819
f 12800 12820 12819
f 12800 12801 12820
f 12801 12821 12820
f 12801 12802 12821
f 12802 12822 12821
f 12802 12803 12822
f 12803 12823 12822
f 12803 12804 12823
f 12804 12824 12823
f 12804 12805 12824
f 12805 12825 12824
f 12805 12806 12825
f 12806 12826 12825
f 12806 12807 12826
f 12807 12827 12826
f 12807 12808 12827
f 12808 12828 12827
f 12808 12809 12828
f 12809 12829 12828
f 12809 12810 12829
f 12810 12830 12829
f 12810 12811 12830
f 12811 12831 12830
f 12811 12812 12831
f 12812 12832 12831
f 12812 12793 12832
f 12793 12813 12832
f 12813 12814 12833
f 12814 12834 12833
f 12814 12815 12834
f 12815 12835 12834
f 12815 12816 12835
f 12816 12836 12835
f 12816 12817 12836
f 12817 12837 12836
f 12817 12818 12837
f 12818 12838 12837
f 12818 12819 12838
f 12819 12839 12838
f 12819 12820 12839
f 12820 12840 12839
f 12820 12821 12840
f 12821 12841 12840
f 12821 12822 12841
f 12822 12842 12841
f 12822 12823 12842
f 12823 12843 12842
f 12823 12824 12843
f 12824 12844 12843
f 12824 12825 12844
f 12825 12845 12844
f 12825 12826 12845
f 12826 12846 12845
f 12826 12827 12846
f 12827 12847 12846
f 12827 12828 12847
f 12828 12848 12847
f 12828 12829 12848
f 12829 12849 12848
f 12829 12830 12849
f 12830 12850 12849
f 12830 12831 12850
f 12831 12851 12850
f 12831 12832 12851
f 12832 12852 12851
f 12832 12813 12852
f 12813 12833 12852
f 12833 12834 12853
f 12834 12854 12853
f 12834 12835 12854
f 12835 12855 12854
f 12835 12836 12855
f 12836 12856 12855
f 12836 12837 12856
f 12837 12857 12856
f 12837 12838 12857
f 12838 12858 12857
f 12838 12839 12858
f 12839 12859 12858
f 12839 12840 12859
f 12840 12860 12859
f 12840 12841 12860
f 12841 12861 12860
f 12841 12842 12861
f 12842 12862 12861
f 12842 12843 12862
f 12843 12863 12862
f 12843 12844 12863
f 12844 12864 12863
f 12844 12845 12864
f 12845 12865 12864
f 12845 12846 12865
f 12846 12866 12865
f 12846 12847 12866
f 12847 12867 12866
f 12847 12848 12867
f 12848 12868 12867
f 12848 12849 12868
f 12849 12869 12868
f 12849 12850 12869
f 12850 12870 12869
f 12850 12851 12870
f 12851 12871 12870
f 12851 12852 12871
f 12852 12872 12871
f 12852 12833 12872
f 12833 12853 12872
f 12853 12854 12873
f 12854 12874 12873
f 12854 12855 12874
f 12855 12875 12874
f 12855 12856 12875
f 12856 12876 12875
f 12856 12857 12876
f 12857 12877 12876
f 12857 12858 12877
f 12858 12878 12877
f 12858 12859 12878
f 12859 12879 12878
f 12859 12860 12879
f 12860 12880 12879
f 12860 12861 12880
f 12861 12881 12880
f 12861 12862 12881
f 12862 12882 12881
f 12862 12863 12882
f 12863 12883 12882
f 12863 12864 12883
f 12864 12884 12883
f 12864 12865 12884
f 12865 12885 12884
f 12865 12866 12885
f 12866 12886 12885
f 12866 12867 12886
f 12867 12887 12886
f 12867 12868 12887
f 12868 12888 12887
f 12868 12869 12888
f 12869 12889 12888
f 12869 12870 12889
f 12870 12890 12889
f 12870 12871 12890
f 12871 12891 12890
f 12871 12872 12891
f 12872 12892 12891
f 12872 12853 12892
f 12853 12873 12892
f 12873 12874 12893
f 12874 12894 12893
f 12874 12875 12894
f 12875 12895 12894
f 12875 12876 12895
f 12876 12896 12895
f 12876 12877 12896
f 12877 12897 12896
f 12877 12878 12897
f 12878 12898 12897
f 12878 12879 12898
f 12879 12899 12898
f 12879 12880 12899
f 12880 12900 12899
f 12880 12881 12900
f 12881 12901 12900
f 12881 12882 12901
f 12882 12902 12901
f 12882 12883 12902
f 12883 12903 12902
f 12883 12884 12903
f 12884 12904 12903
f 12884 12885 12904
f 12885 12905 12904
f 12885 12886 12905
f 12886 12906 12905
f 12886 12887 12906
f 12887 12907 12906
f 12887 12888 12907
f 12888 12908 12907
f 12888 12889 12908
f 12889 12909 12908
f 12889 12890 12909
f 12890 12910 12909
f 12890 12891 12910
f 12891 12911 12910
f 12891 12892 12911
f 12892 12912 12911
f 12892 12873 12912
f 12873 12893 12912
f 12893 12894 12913
f 12894 12895 12914
f 12895 12896 12915
f 12896 12897 12916
f 12897 12898 12917
f 12898 12899 12918
f 12899 12900 12919
f 12900 12901 12920
f 12901 12902 12921
f 12902 12903 12922
f 12903 12904 12923
f 12904 12905 12924
f 12905 12906 12925
f 12906 12907 12926
f 12907 12908 12927
f 12908 12909 12928
f 12909 12910 12929
f 12910 12911 12930
f 12911 12912 12931
f 12912 12893 12932
o eye_highlight_R
g eye_highlight_R
f 12934 12946 12945
f 12935 12947 12946
f 12936 12948 12947
f 12937 12949 12948
f 12938 12950 12949
f 12939 12951 12950
f 12940 12952 12951
f 12941 12953 12952
f 12942 12954 12953
f 12943 12955 12954
f 12944 12956 12955
f 12933 12945 12956
f 12945 12946 12957
f 12946 12958 12957
f 12946 12947 12958
f 12947 12959 12958
f 12947 12948 12959
f 12948 12960 12959
f 12948 12949 12960
f 12949 12961 12960
f 12949 12950 12961
f 12950 12962 12961
f 12950 12951 12962
f 12951 12963 12962
f 12951 12952 12963
f 12952 12964 12963
f 12952 12953 12964
f 12953 12965 12964
f 12953 12954 12965
f 12954 12966 12965
f 12954 12955 12966
f 12955 12967 12966
f 12955 12956 12967
f 12956 12968 12967
f 12956 12945 12968
f 12945 12957 12968
f 12957 12958 12969
f 12958 12970 12969
f 12958 12959 12970
f 12959 12971 12970
f 12959 12960 12971
f 12960 12972 12971
f 12960 12961 12972
f 12961 12973 12972
f 12961 12962 12973
f 12962 12974 12973
f 12962 12963 12974
f 12963 12975 12974
f 12963 12964 12975
f 12964 12976 12975
f 12964 12965 12976
f 12965 12977 12976
f 12965 12966 12977
f 12966 12978 12977
f 12966 12967 12978
f 12967 12979 12978
f 12967 12968 12979
f 12968 12980 12979
f 12968 12957 12980
f 12957 12969 12980
f 12969 12970 12981
f 12970 12982 12981
f 12970 12971 12982
f 12971 12983 12982
f 12971 12972 12983
f 12972 12984 12983
f 12972 12973 12984
f 12973 12985 12984
f 12973 12974 12985
f 12974 12986 12985
f 12974 12975 12986
f 12975 12987 12986
f 12975 12976 12987
f 12976 12988 12987
f 12976 12977 12988
f 12977 12989 12988
f 12977 12978 12989
f 12978 12990 12989
f 12978 12979 12990
f 12979 12991 12990
f 12979 12980 12991
f 12980 12992 12991
f 12980 12969 12992
f 12969 12981 12992
f 12981 12982 12993
f 12982 12994 12993
f 12982 12983 12994
f 12983 12995 12994
f 12983 12984 12995
f 12984 12996 12995
f 12984 12985 12996
f 12985 12997 12996
f 12985 12986 12997
f 12986 12998 12997
f 12986 12987 12998
f 12987 12999 12998
f 12987 12988 12999
f 12988 13000 12999
f 12988 12989 13000
f 12989 13001 13000
f 12989 12990 13001
f 12990 13002 13001
f 12990 12991 13002
f 12991 13003 13002
f 12991 12992 13003
f 12992 13004 13003
f 12992 12981 13004
f 12981 12993 13004
f 12993 12994 13005
f 12994 13006 13005
f 12994 12995 13006
f 12995 13007 13006
f 12995 12996 13007
f 12996 13008 13007
f 12996 12997 13008
f 12997 13009 13008
f 12997 12998 13009
f 12998 13010 13009
f 12998 12999 13010
f 12999 13011 13010
f 12999 13000 13011
f 13000 13012 13011
f 13000 13001 13012
f 13001 13013 13012
f 13001 13002 13013
f 13002 13014 13013
f 13002 13003 13014
f 13003 13015 13014
f 13003 13004 13015
f 13004 13016 13015
f 13004 12993 13016
f 12993 13005 13016
f 13005 13006 13017
f 13006 13018 13017
f 13006 13007 13018
f 13007 13019 13018
f 13007 13008 13019
f 13008 13020 13019
f 13008 13009 13020
f 13009 13021 13020
f 13009 13010 13021
f 13010 13022 13021
f 13010 13011 13022
f 13011 13023 13022
f 13011 13012 13023
f 13012 13024 13023
f 13012 13013 13024
f 13013 13025 13024
f 13013 13014 13025
f 13014 13026 13025
f 13014 13015 13026
f 13015 13027 13026
f 13015 13016 13027
f 13016 13028 13027
f 13016 13005 13028
f 13005 13017 13028
f 13017 13018 13029
f 13018 13019 13030
f 13019 13020 13031
f 13020 13021 13032
f 13021 13022 13033
f 13022 13023 13034
f 13023 13024 13035
f 13024 13025 13036
f 13025 13026 13037
f 13026 13027 13038
f 13027 13028 13039
f 13028 13017 13040
o bronze_brow_L
g bronze_brow_L
f 13041 13049 13050
f 13041 13050 13042
f 13042 13050 13051
f 13042 13051 13043
f 13043 13051 13052
f 13043 13052 13044
f 13044 13052 13053
f 13044 13053 13045
f 13045 13053 13054
f 13045 13054 13046
f 13046 13054 13055
f 13046 13055 13047
f 13047 13055 13056
f 13047 13056 13048
f 13048 13056 13049
f 13048 13049 13041
f 13049 13057 13058
f 13049 13058 13050
f 13050 13058 13059
f 13050 13059 13051
f 13051 13059 13060
f 13051 13060 13052
f 13052 13060 13061
f 13052 13061 13053
f 13053 13061 13062
f 13053 13062 13054
f 13054 13062 13063
f 13054 13063 13055
f 13055 13063 13064
f 13055 13064 13056
f 13056 13064 13057
f 13056 13057 13049
f 13057 13065 13066
f 13057 13066 13058
f 13058 13066 13067
f 13058 13067 13059
f 13059 13067 13068
f 13059 13068 13060
f 13060 13068 13069
f 13060 13069 13061
f 13061 13069 13070
f 13061 13070 13062
f 13062 13070 13071
f 13062 13071 13063
f 13063 13071 13072
f 13063 13072 13064
f 13064 13072 13065
f 13064 13065 13057
f 13065 13073 13074
f 13065 13074 13066
f 13066 13074 13075
f 13066 13075 13067
f 13067 13075 13076
f 13067 13076 13068
f 13068 13076 13077
f 13068 13077 13069
f 13069 13077 13078
f 13069 13078 13070
f 13070 13078 13079
f 13070 13079 13071
f 13071 13079 13080
f 13071 13080 13072
f 13072 13080 13073
f 13072 13073 13065
f 13073 13081 13082
f 13073 13082 13074
f 13074 13082 13083
f 13074 13083 13075
f 13075 13083 13084
f 13075 13084 13076
f 13076 13084 13085
f 13076 13085 13077
f 13077 13085 13086
f 13077 13086 13078
f 13078 13086 13087
f 13078 13087 13079
f 13079 13087 13088
f 13079 13088 13080
f 13080 13088 13081
f 13080 13081 13073
f 13081 13089 13090
f 13081 13090 13082
f 13082 13090 13091
f 13082 13091 13083
f 13083 13091 13092
f 13083 13092 13084
f 13084 13092 13093
f 13084 13093 13085
f 13085 13093 13094
f 13085 13094 13086
f 13086 13094 13095
f 13086 13095 13087
f 13087 13095 13096
f 13087 13096 13088
f 13088 13096 13089
f 13088 13089 13081
f 13089 13097 13098
f 13089 13098 13090
f 13090 13098 13099
f 13090 13099 13091
f 13091 13099 13100
f 13091 13100 13092
f 13092 13100 13101
f 13092 13101 13093
f 13093 13101 13102
f 13093 13102 13094
f 13094 13102 13103
f 13094 13103 13095
f 13095 13103 13104
f 13095 13104 13096
f 13096 13104 13097
f 13096 13097 13089
f 13097 13105 13106
f 13097 13106 13098
f 13098 13106 13107
f 13098 13107 13099
f 13099 13107 13108
f 13099 13108 13100
f 13100 13108 13109
f 13100 13109 13101
f 13101 13109 13110
f 13101 13110 13102
f 13102 13110 13111
f 13102 13111 13103
f 13103 13111 13112
f 13103 13112 13104
f 13104 13112 13105
f 13104 13105 13097
f 13105 13113 13114
f 13105 13114 13106
f 13106 13114 13115
f 13106 13115 13107
f 13107 13115 13116
f 13107 13116 13108
f 13108 13116 13117
f 13108 13117 13109
f 13109 13117 13118
f 13109 13118 13110
f 13110 13118 13119
f 13110 13119 13111
f 13111 13119 13120
f 13111 13120 13112
f 13112 13120 13113
f 13112 13113 13105
f 13113 13121 13122
f 13113 13122 13114
f 13114 13122 13123
f 13114 13123 13115
f 13115 13123 13124
f 13115 13124 13116
f 13116 13124 13125
f 13116 13125 13117
f 13117 13125 13126
f 13117 13126 13118
f 13118 13126 13127
f 13118 13127 13119
f 13119 13127 13128
f 13119 13128 13120
f 13120 13128 13121
f 13120 13121 13113
f 13121 13129 13130
f 13121 13130 13122
f 13122 13130 13131
f 13122 13131 13123
f 13123 13131 13132
f 13123 13132 13124
f 13124 13132 13133
f 13124 13133 13125
f 13125 13133 13134
f 13125 13134 13126
f 13126 13134 13135
f 13126 13135 13127
f 13127 13135 13136
f 13127 13136 13128
f 13128 13136 13129
f 13128 13129 13121
f 13129 13137 13138
f 13129 13138 13130
f 13130 13138 13139
f 13130 13139 13131
f 13131 13139 13140
f 13131 13140 13132
f 13132 13140 13141
f 13132 13141 13133
f 13133 13141 13142
f 13133 13142 13134
f 13134 13142 13143
f 13134 13143 13135
f 13135 13143 13144
f 13135 13144 13136
f 13136 13144 13137
f 13136 13137 13129
f 13137 13145 13146
f 13137 13146 13138
f 13138 13146 13147
f 13138 13147 13139
f 13139 13147 13148
f 13139 13148 13140
f 13140 13148 13149
f 13140 13149 13141
f 13141 13149 13150
f 13141 13150 13142
f 13142 13150 13151
f 13142 13151 13143
f 13143 13151 13152
f 13143 13152 13144
f 13144 13152 13145
f 13144 13145 13137
f 13145 13153 13154
f 13145 13154 13146
f 13146 13154 13155
f 13146 13155 13147
f 13147 13155 13156
f 13147 13156 13148
f 13148 13156 13157
f 13148 13157 13149
f 13149 13157 13158
f 13149 13158 13150
f 13150 13158 13159
f 13150 13159 13151
f 13151 13159 13160
f 13151 13160 13152
f 13152 13160 13153
f 13152 13153 13145
f 13153 13161 13162
f 13153 13162 13154
f 13154 13162 13163
f 13154 13163 13155
f 13155 13163 13164
f 13155 13164 13156
f 13156 13164 13165
f 13156 13165 13157
f 13157 13165 13166
f 13157 13166 13158
f 13158 13166 13167
f 13158 13167 13159
f 13159 13167 13168
f 13159 13168 13160
f 13160 13168 13161
f 13160 13161 13153
f 13161 13169 13170
f 13161 13170 13162
f 13162 13170 13171
f 13162 13171 13163
f 13163 13171 13172
f 13163 13172 13164
f 13164 13172 13173
f 13164 13173 13165
f 13165 13173 13174
f 13165 13174 13166
f 13166 13174 13175
f 13166 13175 13167
f 13167 13175 13176
f 13167 13176 13168
f 13168 13176 13169
f 13168 13169 13161
f 13169 13177 13178
f 13169 13178 13170
f 13170 13178 13179
f 13170 13179 13171
f 13171 13179 13180
f 13171 13180 13172
f 13172 13180 13181
f 13172 13181 13173
f 13173 13181 13182
f 13173 13182 13174
f 13174 13182 13183
f 13174 13183 13175
f 13175 13183 13184
f 13175 13184 13176
f 13176 13184 13177
f 13176 13177 13169
f 13177 13185 13186
f 13177 13186 13178
f 13178 13186 13187
f 13178 13187 13179
f 13179 13187 13188
f 13179 13188 13180
f 13180 13188 13189
f 13180 13189 13181
f 13181 13189 13190
f 13181 13190 13182
f 13182 13190 13191
f 13182 13191 13183
f 13183 13191 13192
f 13183 13192 13184
f 13184 13192 13185
f 13184 13185 13177
f 13185 13193 13194
f 13185 13194 13186
f 13186 13194 13195
f 13186 13195 13187
f 13187 13195 13196
f 13187 13196 13188
f 13188 13196 13197
f 13188 13197 13189
f 13189 13197 13198
f 13189 13198 13190
f 13190 13198 13199
f 13190 13199 13191
f 13191 13199 13200
f 13191 13200 13192
f 13192 13200 13193
f 13192 13193 13185
f 13193 13201 13202
f 13193 13202 13194
f 13194 13202 13203
f 13194 13203 13195
f 13195 13203 13204
f 13195 13204 13196
f 13196 13204 13205
f 13196 13205 13197
f 13197 13205 13206
f 13197 13206 13198
f 13198 13206 13207
f 13198 13207 13199
f 13199 13207 13208
f 13199 13208 13200
f 13200 13208 13201
f 13200 13201 13193
f 13201 13209 13210
f 13201 13210 13202
f 13202 13210 13211
f 13202 13211 13203
f 13203 13211 13212
f 13203 13212 13204
f 13204 13212 13213
f 13204 13213 13205
f 13205 13213 13214
f 13205 13214 13206
f 13206 13214 13215
f 13206 13215 13207
f 13207 13215 13216
f 13207 13216 13208
f 13208 13216 13209
f 13208 13209 13201
f 13209 13217 13218
f 13209 13218 13210
f 13210 13218 13219
f 13210 13219 13211
f 13211 13219 13220
f 13211 13220 13212
f 13212 13220 13221
f 13212 13221 13213
f 13213 13221 13222
f 13213 13222 13214
f 13214 13222 13223
f 13214 13223 13215
f 13215 13223 13224
f 13215 13224 13216
f 13216 13224 13217
f 13216 13217 13209
f 13217 13225 13226
f 13217 13226 13218
f 13218 13226 13227
f 13218 13227 13219
f 13219 13227 13228
f 13219 13228 13220
f 13220 13228 13229
f 13220 13229 13221
f 13221 13229 13230
f 13221 13230 13222
f 13222 13230 13231
f 13222 13231 13223
f 13223 13231 13232
f 13223 13232 13224
f 13224 13232 13225
f 13224 13225 13217
f 13225 13233 13234
f 13225 13234 13226
f 13226 13234 13235
f 13226 13235 13227
f 13227 13235 13236
f 13227 13236 13228
f 13228 13236 13237
f 13228 13237 13229
f 13229 13237 13238
f 13229 13238 13230
f 13230 13238 13239
f 13230 13239 13231
f 13231 13239 13240
f 13231 13240 13232
f 13232 13240 13233
f 13232 13233 13225
f 13233 13241 13242
f 13233 13242 13234
f 13234 13242 13243
f 13234 13243 13235
f 13235 13243 13244
f 13235 13244 13236
f 13236 13244 13245
f 13236 13245 13237
f 13237 13245 13246
f 13237 13246 13238
f 13238 13246 13247
f 13238 13247 13239
f 13239 13247 13248
f 13239 13248 13240
f 13240 13248 13241
f 13240 13241 13233
f 13241 13249 13250
f 13241 13250 13242
f 13242 13250 13251
f 13242 13251 13243
f 13243 13251 13252
f 13243 13252 13244
f 13244 13252 13253
f 13244 13253 13245
f 13245 13253 13254
f 13245 13254 13246
f 13246 13254 13255
f 13246 13255 13247
f 13247 13255 13256
f 13247 13256 13248
f 13248 13256 13249
f 13248 13249 13241
o bronze_brow_R
g bronze_brow_R
f 13257 13265 13266
f 13257 13266 13258
f 13258 13266 13267
f 13258 13267 13259
f 13259 13267 13268
f 13259 13268 13260
f 13260 13268 13269
f 13260 13269 13261
f 13261 13269 13270
f 13261 13270 13262
f 13262 13270 13271
f 13262 13271 13263
f 13263 13271 13272
f 13263 13272 13264
f 13264 13272 13265
f 13264 13265 13257
f 13265 13273 13274
f 13265 13274 13266
f 13266 13274 13275
f 13266 13275 13267
f 13267 13275 13276
f 13267 13276 13268
f 13268 13276 13277
f 13268 13277 13269
f 13269 13277 13278
f 13269 13278 13270
f 13270 13278 13279
f 13270 13279 13271
f 13271 13279 13280
f 13271 13280 13272
f 13272 13280 13273
f 13272 13273 13265
f 13273 13281 13282
f 13273 13282 13274
f 13274 13282 13283
f 13274 13283 13275
f 13275 13283 13284
f 13275 13284 13276
f 13276 13284 13285
f 13276 13285 13277
f 13277 13285 13286
f 13277 13286 13278
f 13278 13286 13287
f 13278 13287 13279
f 13279 13287 13288
f 13279 13288 13280
f 13280 13288 13281
f 13280 13281 13273
f 13281 13289 13290
f 13281 13290 13282
f 13282 13290 13291
f 13282 13291 13283
f 13283 13291 13292
f 13283 13292 13284
f 13284 13292 13293
f 13284 13293 13285
f 13285 13293 13294
f 13285 13294 13286
f 13286 13294 13295
f 13286 13295 13287
f 13287 13295 13296
f 13287 13296 13288
f 13288 13296 13289
f 13288 13289 13281
f 13289 13297 13298
f 13289 13298 13290
f 13290 13298 13299
f 13290 13299 13291
f 13291 13299 13300
f 13291 13300 13292
f 13292 13300 13301
f 13292 13301 13293
f 13293 13301 13302
f 13293 13302 13294
f 13294 13302 13303
f 13294 13303 13295
f 13295 13303 13304
f 13295 13304 13296
f 13296 13304 13297
f 13296 13297 13289
f 13297 13305 13306
f 13297 13306 13298
f 13298 13306 13307
f 13298 13307 13299
f 13299 13307 13308
f 13299 13308 13300
f 13300 13308 13309
f 13300 13309 13301
f 13301 13309 13310
f 13301 13310 13302
f 13302 13310 13311
f 13302 13311 13303
f 13303 13311 13312
f 13303 13312 13304
f 13304 13312 13305
f 13304 13305 13297
f 13305 13313 13314
f 13305 13314 13306
f 13306 13314 13315
f 13306 13315 13307
f 13307 13315 13316
f 13307 13316 13308
f 13308 13316 13317
f 13308 13317 13309
f 13309 13317 13318
f 13309 13318 13310
f 13310 13318 13319
f 13310 13319 13311
f 13311 13319 13320
f 13311 13320 13312
f 13312 13320 13313
f 13312 13313 13305
f 13313 13321 13322
f 13313 13322 13314
f 13314 13322 13323
f 13314 13323 13315
f 13315 13323 13324
f 13315 13324 13316
f 13316 13324 13325
f 13316 13325 13317
f 13317 13325 13326
f 13317 13326 13318
f 13318 13326 13327
f 13318 13327 13319
f 13319 13327 13328
f 13319 13328 13320
f 13320 13328 13321
f 13320 13321 13313
f 13321 13329 13330
f 13321 13330 13322
f 13322 13330 13331
f 13322 13331 13323
f 13323 13331 13332
f 13323 13332 13324
f 13324 13332 13333
f 13324 13333 13325
f 13325 13333 13334
f 13325 13334 13326
f 13326 13334 13335
f 13326 13335 13327
f 13327 13335 13336
f 13327 13336 13328
f 13328 13336 13329
f 13328 13329 13321
f 13329 13337 13338
f 13329 13338 13330
f 13330 13338 13339
f 13330 13339 13331
f 13331 13339 13340
f 13331 13340 13332
f 13332 13340 13341
f 13332 13341 13333
f 13333 13341 13342
f 13333 13342 13334
f 13334 13342 13343
f 13334 13343 13335
f 13335 13343 13344
f 13335 13344 13336
f 13336 13344 13337
f 13336 13337 13329
f 13337 13345 13346
f 13337 13346 13338
f 13338 13346 13347
f 13338 13347 13339
f 13339 13347 13348
f 13339 13348 13340
f 13340 13348 13349
f 13340 13349 13341
f 13341 13349 13350
f 13341 13350 13342
f 13342 13350 13351
f 13342 13351 13343
f 13343 13351 13352
f 13343 13352 13344
f 13344 13352 13345
f 13344 13345 13337
f 13345 13353 13354
f 13345 13354 13346
f 13346 13354 13355
f 13346 13355 13347
f 13347 13355 13356
f 13347 13356 13348
f 13348 13356 13357
f 13348 13357 13349
f 13349 13357 13358
f 13349 13358 13350
f 13350 13358 13359
f 13350 13359 13351
f 13351 13359 13360
f 13351 13360 13352
f 13352 13360 13353
f 13352 13353 13345
f 13353 13361 13362
f 13353 13362 13354
f 13354 13362 13363
f 13354 13363 13355
f 13355 13363 13364
f 13355 13364 13356
f 13356 13364 13365
f 13356 13365 13357
f 13357 13365 13366
f 13357 13366 13358
f 13358 13366 13367
f 13358 13367 13359
f 13359 13367 13368
f 13359 13368 13360
f 13360 13368 13361
f 13360 13361 13353
f 13361 13369 13370
f 13361 13370 13362
f 13362 13370 13371
f 13362 13371 13363
f 13363 13371 13372
f 13363 13372 13364
f 13364 13372 13373
f 13364 13373 13365
f 13365 13373 13374
f 13365 13374 13366
f 13366 13374 13375
f 13366 13375 13367
f 13367 13375 13376
f 13367 13376 13368
f 13368 13376 13369
f 13368 13369 13361
f 13369 13377 13378
f 13369 13378 13370
f 13370 13378 13379
f 13370 13379 13371
f 13371 13379 13380
f 13371 13380 13372
f 13372 13380 13381
f 13372 13381 13373
f 13373 13381 13382
f 13373 13382 13374
f 13374 13382 13383
f 13374 13383 13375
f 13375 13383 13384
f 13375 13384 13376
f 13376 13384 13377
f 13376 13377 13369
f 13377 13385 13386
f 13377 13386 13378
f 13378 13386 13387
f 13378 13387 13379
f 13379 13387 13388
f 13379 13388 13380
f 13380 13388 13389
f 13380 13389 13381
f 13381 13389 13390
f 13381 13390 13382
f 13382 13390 13391
f 13382 13391 13383
f 13383 13391 13392
f 13383 13392 13384
f 13384 13392 13385
f 13384 13385 13377
f 13385 13393 13394
f 13385 13394 13386
f 13386 13394 13395
f 13386 13395 13387
f 13387 13395 13396
f 13387 13396 13388
f 13388 13396 13397
f 13388 13397 13389
f 13389 13397 13398
f 13389 13398 13390
f 13390 13398 13399
f 13390 13399 13391
f 13391 13399 13400
f 13391 13400 13392
f 13392 13400 13393
f 13392 13393 13385
f 13393 13401 13402
f 13393 13402 13394
f 13394 13402 13403
f 13394 13403 13395
f 13395 13403 13404
f 13395 13404 13396
f 13396 13404 13405
f 13396 13405 13397
f 13397 13405 13406
f 13397 13406 13398
f 13398 13406 13407
f 13398 13407 13399
f 13399 13407 13408
f 13399 13408 13400
f 13400 13408 13401
f 13400 13401 13393
f 13401 13409 13410
f 13401 13410 13402
f 13402 13410 13411
f 13402 13411 13403
f 13403 13411 13412
f 13403 13412 13404
f 13404 13412 13413
f 13404 13413 13405
f 13405 13413 13414
f 13405 13414 13406
f 13406 13414 13415
f 13406 13415 13407
f 13407 13415 13416
f 13407 13416 13408
f 13408 13416 13409
f 13408 13409 13401
f 13409 13417 13418
f 13409 13418 13410
f 13410 13418 13419
f 13410 13419 13411
f 13411 13419 13420
f 13411 13420 13412
f 13412 13420 13421
f 13412 13421 13413
f 13413 13421 13422
f 13413 13422 13414
f 13414 13422 13423
f 13414 13423 13415
f 13415 13423 13424
f 13415 13424 13416
f 13416 13424 13417
f 13416 13417 13409
f 13417 13425 13426
f 13417 13426 13418
f 13418 13426 13427
f 13418 13427 13419
f 13419 13427 13428
f 13419 13428 13420
f 13420 13428 13429
f 13420 13429 13421
f 13421 13429 13430
f 13421 13430 13422
f 13422 13430 13431
f 13422 13431 13423
f 13423 13431 13432
f 13423 13432 13424
f 13424 13432 13425
f 13424 13425 13417
f 13425 13433 13434
f 13425 13434 13426
f 13426 13434 13435
f 13426 13435 13427
f 13427 13435 13436
f 13427 13436 13428
f 13428 13436 13437
f 13428 13437 13429
f 13429 13437 13438
f 13429 13438 13430
f 13430 13438 13439
f 13430 13439 13431
f 13431 13439 13440
f 13431 13440 13432
f 13432 13440 13433
f 13432 13433 13425
f 13433 13441 13442
f 13433 13442 13434
f 13434 13442 13443
f 13434 13443 13435
f 13435 13443 13444
f 13435 13444 13436
f 13436 13444 13445
f 13436 13445 13437
f 13437 13445 13446
f 13437 13446 13438
f 13438 13446 13447
f 13438 13447 13439
f 13439 13447 13448
f 13439 13448 13440
f 13440 13448 13441
f 13440 13441 13433
f 13441 13449 13450
f 13441 13450 13442
f 13442 13450 13451
f 13442 13451 13443
f 13443 13451 13452
f 13443 13452 13444
f 13444 13452 13453
f 13444 13453 13445
f 13445 13453 13454
f 13445 13454 13446
f 13446 13454 13455
f 13446 13455 13447
f 13447 13455 13456
f 13447 13456 13448
f 13448 13456 13449
f 13448 13449 13441
f 13449 13457 13458
f 13449 13458 13450
f 13450 13458 13459
f 13450 13459 13451
f 13451 13459 13460
f 13451 13460 13452
f 13452 13460 13461
f 13452 13461 13453
f 13453 13461 13462
f 13453 13462 13454
f 13454 13462 13463
f 13454 13463 13455
f 13455 13463 13464
f 13455 13464 13456
f 13456 13464 13457
f 13456 13457 13449
f 13457 13465 13466
f 13457 13466 13458
f 13458 13466 13467
f 13458 13467 13459
f 13459 13467 13468
f 13459 13468 13460
f 13460 13468 13469
f 13460 13469 13461
f 13461 13469 13470
f 13461 13470 13462
f 13462 13470 13471
f 13462 13471 13463
f 13463 13471 13472
f 13463 13472 13464
f 13464 13472 13465
f 13464 13465 13457
o bronze_nose
g bronze_nose
f 13474 13498 13497
f 13475 13499 13498
f 13476 13500 13499
f 13477 13501 13500
f 13478 13502 13501
f 13479 13503 13502
f 13480 13504 13503
f 13481 13505 13504
f 13482 13506 13505
f 13483 13507 13506
f 13484 13508 13507
f 13485 13509 13508
f 13486 13510 13509
f 13487 13511 13510
f 13488 13512 13511
f 13489 13513 13512
f 13490 13514 13513
f 13491 13515 13514
f 13492 13516 13515
f 13493 13517 13516
f 13494 13518 13517
f 13495 13519 13518
f 13496 13520 13519
f 13473 13497 13520
f 13497 13498 13521
f 13498 13522 13521
f 13498 13499 13522
f 13499 13523 13522
f 13499 13500 13523
f 13500 13524 13523
f 13500 13501 13524
f 13501 13525 13524
f 13501 13502 13525
f 13502 13526 13525
f 13502 13503 13526
f 13503 13527 13526
f 13503 13504 13527
f 13504 13528 13527
f 13504 13505 13528
f 13505 13529 13528
f 13505 13506 13529
f 13506 13530 13529
f 13506 13507 13530
f 13507 13531 13530
f 13507 13508 13531
f 13508 13532 13531
f 13508 13509 13532
f 13509 13533 13532
f 13509 13510 13533
f 13510 13534 13533
f 13510 13511 13534
f 13511 13535 13534
f 13511 13512 13535
f 13512 13536 13535
f 13512 13513 13536
f 13513 13537 13536
f 13513 13514 13537
f 13514 13538 13537
f 13514 13515 13538
f 13515 13539 13538
f 13515 13516 13539
f 13516 13540 13539
f 13516 13517 13540
f 13517 13541 13540
f 13517 13518 13541
f 13518 13542 13541
f 13518 13519 13542
f 13519 13543 13542
f 13519 13520 13543
f 13520 13544 13543
f 13520 13497 13544
f 13497 13521 13544
f 13521 13522 13545
f 13522 13546 13545
f 13522 13523 13546
f 13523 13547 13546
f 13523 13524 13547
f 13524 13548 13547
f 13524 13525 13548
f 13525 13549 13548
f 13525 13526 13549
f 13526 13550 13549
f 13526 13527 13550
f 13527 13551 13550
f 13527 13528 13551
f 13528 13552 13551
f 13528 13529 13552
f 13529 13553 13552
f 13529 13530 13553
f 13530 13554 13553
f 13530 13531 13554
f 13531 13555 13554
f 13531 13532 13555
f 13532 13556 13555
f 13532 13533 13556
f 13533 13557 13556
f 13533 13534 13557
f 13534 13558 13557
f 13534 13535 13558
f 13535 13559 13558
f 13535 13536 13559
f 13536 13560 13559
f 13536 13537 13560
f 13537 13561 13560
f 13537 13538 13561
f 13538 13562 13561
f 13538 13539 13562
f 13539 13563 13562
f 13539 13540 13563
f 13540 13564 13563
f 13540 13541 13564
f 13541 13565 13564
f 13541 13542 13565
f 13542 13566 13565
f 13542 13543 13566
f 13543 13567 13566
f 13543 13544 13567
f 13544 13568 13567
f 13544 13521 13568
f 13521 13545 13568
f 13545 13546 13569
f 13546 13570 13569
f 13546 13547 13570
f 13547 13571 13570
f 13547 13548 13571
f 13548 13572 13571
f 13548 13549 13572
f 13549 13573 13572
f 13549 13550 13573
f 13550 13574 13573
f 13550 13551 13574
f 13551 13575 13574
f 13551 13552 13575
f 13552 13576 13575
f 13552 13553 13576
f 13553 13577 13576
f 13553 13554 13577
f 13554 13578 13577
f 13554 13555 13578
f 13555 13579 13578
f 13555 13556 13579
f 13556 13580 13579
f 13556 13557 13580
f 13557 13581 13580
f 13557 13558 13581
f 13558 13582 13581
f 13558 13559 13582
f 13559 13583 13582
f 13559 13560 13583
f 13560 13584 13583
f 13560 13561 13584
f 13561 13585 13584
f 13561 13562 13585
f 13562 13586 13585
f 13562 13563 13586
f 13563 13587 13586
f 13563 13564 13587
f 13564 13588 13587
f 13564 13565 13588
f 13565 13589 13588
f 13565 13566 13589
f 13566 13590 13589
f 13566 13567 13590
f 13567 13591 13590
f 13567 13568 13591
f 13568 13592 13591
f 13568 13545 13592
f 13545 13569 13592
f 13569 13570 13593
f 13570 13594 13593
f 13570 13571 13594
f 13571 13595 13594
f 13571 13572 13595
f 13572 13596 13595
f 13572 13573 13596
f 13573 13597 13596
f 13573 13574 13597
f 13574 13598 13597
f 13574 13575 13598
f 13575 13599 13598
f 13575 13576 13599
f 13576 13600 13599
f 13576 13577 13600
f 13577 13601 13600
f 13577 13578 13601
f 13578 13602 13601
f 13578 13579 13602
f 13579 13603 13602
f 13579 13580 13603
f 13580 13604 13603
f 13580 13581 13604
f 13581 13605 13604
f 13581 13582 13605
f 13582 13606 13605
f 13582 13583 13606
f 13583 13607 13606
f 13583 13584 13607
f 13584 13608 13607
f 13584 13585 13608
f 13585 13609 13608
f 13585 13586 13609
f 13586 13610 13609
f 13586 13587 13610
f 13587 13611 13610
f 13587 13588 13611
f 13588 13612 13611
f 13588 13589 13612
f 13589 13613 13612
f 13589 13590 13613
f 13590 13614 13613
f 13590 13591 13614
f 13591 13615 13614
f 13591 13592 13615
f 13592 13616 13615
f 13592 13569 13616
f 13569 13593 13616
f 13593 13594 13617
f 13594 13618 13617
f 13594 13595 13618
f 13595 13619 13618
f 13595 13596 13619
f 13596 13620 13619
f 13596 13597 13620
f 13597 13621 13620
f 13597 13598 13621
f 13598 13622 13621
f 13598 13599 13622
f 13599 13623 13622
f 13599 13600 13623
f 13600 13624 13623
f 13600 13601 13624
f 13601 13625 13624
f 13601 13602 13625
f 13602 13626 13625
f 13602 13603 13626
f 13603 13627 13626
f 13603 13604 13627
f 13604 13628 13627
f 13604 13605 13628
f 13605 13629 13628
f 13605 13606 13629
f 13606 13630 13629
f 13606 13607 13630
f 13607 13631 13630
f 13607 13608 13631
f 13608 13632 13631
f 13608 13609 13632
f 13609 13633 13632
f 13609 13610 13633
f 13610 13634 13633
f 13610 13611 13634
f 13611 13635 13634
f 13611 13612 13635
f 13612 13636 13635
f 13612 13613 13636
f 13613 13637 13636
f 13613 13614 13637
f 13614 13638 13637
f 13614 13615 13638
f 13615 13639 13638
f 13615 13616 13639
f 13616 13640 13639
f 13616 13593 13640
f 13593 13617 13640
f 13617 13618 13641
f 13618 13642 13641
f 13618 13619 13642
f 13619 13643 13642
f 13619 13620 13643
f 13620 13644 13643
f 13620 13621 13644
f 13621 13645 13644
f 13621 13622 13645
f 13622 13646 13645
f 13622 13623 13646
f 13623 13647 13646
f 13623 13624 13647
f 13624 13648 13647
f 13624 13625 13648
f 13625 13649 13648
f 13625 13626 13649
f 13626 13650 13649
f 13626 13627 13650
f 13627 13651 13650
f 13627 13628 13651
f 13628 13652 13651
f 13628 13629 13652
f 13629 13653 13652
f 13629 13630 13653
f 13630 13654 13653
f 13630 13631 13654
f 13631 13655 13654
f 13631 13632 13655
f 13632 13656 13655
f 13632 13633 13656
f 13633 13657 13656
f 13633 13634 13657
f 13634 13658 13657
f 13634 13635 13658
f 13635 13659 13658
f 13635 13636 13659
f 13636 13660 13659
f 13636 13637 13660
f 13637 13661 13660
f 13637 13638 13661
f 13638 13662 13661
f 13638 13639 13662
f 13639 13663 13662
f 13639 13640 13663
f 13640 13664 13663
f 13640 13617 13664
f 13617 13641 13664
f 13641 13642 13665
f 13642 13666 13665
f 13642 13643 13666
f 13643 13667 13666
f 13643 13644 13667
f 13644 13668 13667
f 13644 13645 13668
f 13645 13669 13668
f 13645 13646 13669
f 13646 13670 13669
f 13646 13647 13670
f 13647 13671 13670
f 13647 13648 13671
f 13648 13672 13671
f 13648 13649 13672
f 13649 13673 13672
f 13649 13650 13673
f 13650 13674 13673
f 13650 13651 13674
f 13651 13675 13674
f 13651 13652 13675
f 13652 13676 13675
f 13652 13653 13676
f 13653 13677 13676
f 13653 13654 13677
f 13654 13678 13677
f 13654 13655 13678
f 13655 13679 13678
f 13655 13656 13679
f 13656 13680 13679
f 13656 13657 13680
f 13657 13681 13680
f 13657 13658 13681
f 13658 13682 13681
f 13658 13659 13682
f 13659 13683 13682
f 13659 13660 13683
f 13660 13684 13683
f 13660 13661 13684
f 13661 13685 13684
f 13661 13662 13685
f 13662 13686 13685
f 13662 13663 13686
f 13663 13687 13686
f 13663 13664 13687
f 13664 13688 13687
f 13664 13641 13688
f 13641 13665 13688
f 13665 13666 13689
f 13666 13690 13689
f 13666 13667 13690
f 13667 13691 13690
f 13667 13668 13691
f 13668 13692 13691
f 13668 13669 13692
f 13669 13693 13692
f 13669 13670 13693
f 13670 13694 13693
f 13670 13671 13694
f 13671 13695 13694
f 13671 13672 13695
f 13672 13696 13695
f 13672 13673 13696
f 13673 13697 13696
f 13673 13674 13697
f 13674 13698 13697
f 13674 13675 13698
f 13675 13699 13698
f 13675 13676 13699
f 13676 13700 13699
f 13676 13677 13700
f 13677 13701 13700
f 13677 13678 13701
f 13678 13702 13701
f 13678 13679 13702
f 13679 13703 13702
f 13679 13680 13703
f 13680 13704 13703
f 13680 13681 13704
f 13681 13705 13704
f 13681 13682 13705
f 13682 13706 13705
f 13682 13683 13706
f 13683 13707 13706
f 13683 13684 13707
f 13684 13708 13707
f 13684 13685 13708
f 13685 13709 13708
f 13685 13686 13709
f 13686 13710 13709
f 13686 13687 13710
f 13687 13711 13710
f 13687 13688 13711
f 13688 13712 13711
f 13688 13665 13712
f 13665 13689 13712
f 13689 13690 13713
f 13690 13714 13713
f 13690 13691 13714
f 13691 13715 13714
f 13691 13692 13715
f 13692 13716 13715
f 13692 13693 13716
f 13693 13717 13716
f 13693 13694 13717
f 13694 13718 13717
f 13694 13695 13718
f 13695 13719 13718
f 13695 13696 13719
f 13696 13720 13719
f 13696 13697 13720
f 13697 13721 13720
f 13697 13698 13721
f 13698 13722 13721
f 13698 13699 13722
f 13699 13723 13722
f 13699 13700 13723
f 13700 13724 13723
f 13700 13701 13724
f 13701 13725 13724
f 13701 13702 13725
f 13702 13726 13725
f 13702 13703 13726
f 13703 13727 13726
f 13703 13704 13727
f 13704 13728 13727
f 13704 13705 13728
f 13705 13729 13728
f 13705 13706 13729
f 13706 13730 13729
f 13706 13707 13730
f 13707 13731 13730
f 13707 13708 13731
f 13708 13732 13731
f 13708 13709 13732
f 13709 13733 13732
f 13709 13710 13733
f 13710 13734 13733
f 13710 13711 13734
f 13711 13735 13734
f 13711 13712 13735
f 13712 13736 13735
f 13712 13689 13736
f 13689 13713 13736
f 13713 13714 13737
f 13714 13738 13737
f 13714 13715 13738
f 13715 13739 13738
f 13715 13716 13739
f 13716 13740 13739
f 13716 13717 13740
f 13717 13741 13740
f 13717 13718 13741
f 13718 13742 13741
f 13718 13719 13742
f 13719 13743 13742
f 13719 13720 13743
f 13720 13744 13743
f 13720 13721 13744
f 13721 13745 13744
f 13721 13722 13745
f 13722 13746 13745
f 13722 13723 13746
f 13723 13747 13746
f 13723 13724 13747
f 13724 13748 13747
f 13724 13725 13748
f 13725 13749 13748
f 13725 13726 13749
f 13726 13750 13749
f 13726 13727 13750
f 13727 13751 13750
f 13727 13728 13751
f 13728 13752 13751
f 13728 13729 13752
f 13729 13753 13752
f 13729 13730 13753
f 13730 13754 13753
f 13730 13731 13754
f 13731 13755 13754
f 13731 13732 13755
f 13732 13756 13755
f 13732 13733 13756
f 13733 13757 13756
f 13733 13734 13757
f 13734 13758 13757
f 13734 13735 13758
f 13735 13759 13758
f 13735 13736 13759
f 13736 13760 13759
f 13736 13713 13760
f 13713 13737 13760
f 13737 13738 13761
f 13738 13762 13761
f 13738 13739 13762
f 13739 13763 13762
f 13739 13740 13763
f 13740 13764 13763
f 13740 13741 13764
f 13741 13765 13764
f 13741 13742 13765
f 13742 13766 13765
f 13742 13743 13766
f 13743 13767 13766
f 13743 13744 13767
f 13744 13768 13767
f 13744 13745 13768
f 13745 13769 13768
f 13745 13746 13769
f 13746 13770 13769
f 13746 13747 13770
f 13747 13771 13770
f 13747 13748 13771
f 13748 13772 13771
f 13748 13749 13772
f 13749 13773 13772
f 13749 13750 13773
f 13750 13774 13773
f 13750 13751 13774
f 13751 13775 13774
f 13751 13752 13775
f 13752 13776 13775
f 13752 13753 13776
f 13753 13777 13776
f 13753 13754 13777
f 13754 13778 13777
f 13754 13755 13778
f 13755 13779 13778
f 13755 13756 13779
f 13756 13780 13779
f 13756 13757 13780
f 13757 13781 13780
f 13757 13758 13781
f 13758 13782 13781
f 13758 13759 13782
f 13759 13783 13782
f 13759 13760 13783
f 13760 13784 13783
f 13760 13737 13784
f 13737 13761 13784
f 13761 13762 13785
f 13762 13786 13785
f 13762 13763 13786
f 13763 13787 13786
f 13763 13764 13787
f 13764 13788 13787
f 13764 13765 13788
f 13765 13789 13788
f 13765 13766 13789
f 13766 13790 13789
f 13766 13767 13790
f 13767 13791 13790
f 13767 13768 13791
f 13768 13792 13791
f 13768 13769 13792
f 13769 13793 13792
f 13769 13770 13793
f 13770 13794 13793
f 13770 13771 13794
f 13771 13795 13794
f 13771 13772 13795
f 13772 13796 13795
f 13772 13773 13796
f 13773 13797 13796
f 13773 13774 13797
f 13774 13798 13797
f 13774 13775 13798
f 13775 13799 13798
f 13775 13776 13799
f 13776 13800 13799
f 13776 13777 13800
f 13777 13801 13800
f 13777 13778 13801
f 13778 13802 13801
f 13778 13779 13802
f 13779 13803 13802
f 13779 13780 13803
f 13780 13804 13803
f 13780 13781 13804
f 13781 13805 13804
f 13781 13782 13805
f 13782 13806 13805
f 13782 13783 13806
f 13783 13807 13806
f 13783 13784 13807
f 13784 13808 13807
f 13784 13761 13808
f 13761 13785 13808
f 13785 13786 13809
f 13786 13787 13810
f 13787 13788 13811
f 13788 13789 13812
f 13789 13790 13813
f 13790 13791 13814
f 13791 13792 13815
f 13792 13793 13816
f 13793 13794 13817
f 13794 13795 13818
f 13795 13796 13819
f 13796 13797 13820
f 13797 13798 13821
f 13798 13799 13822
f 13799 13800 13823
f 13800 13801 13824
f 13801 13802 13825
f 13802 13803 13826
f 13803 13804 13827
f 13804 13805 13828
f 13805 13806 13829
f 13806 13807 13830
f 13807 13808 13831
f 13808 13785 13832
o mouth_dark
g mouth_dark
f 13833 13841 13842
f 13833 13842 13834
f 13834 13842 13843
f 13834 13843 13835
f 13835 13843 13844
f 13835 13844 13836
f 13836 13844 13845
f 13836 13845 13837
f 13837 13845 13846
f 13837 13846 13838
f 13838 13846 13847
f 13838 13847 13839
f 13839 13847 13848
f 13839 13848 13840
f 13840 13848 13841
f 13840 13841 13833
f 13841 13849 13850
f 13841 13850 13842
f 13842 13850 13851
f 13842 13851 13843
f 13843 13851 13852
f 13843 13852 13844
f 13844 13852 13853
f 13844 13853 13845
f 13845 13853 13854
f 13845 13854 13846
f 13846 13854 13855
f 13846 13855 13847
f 13847 13855 13856
f 13847 13856 13848
f 13848 13856 13849
f 13848 13849 13841
f 13849 13857 13858
f 13849 13858 13850
f 13850 13858 13859
f 13850 13859 13851
f 13851 13859 13860
f 13851 13860 13852
f 13852 13860 13861
f 13852 13861 13853
f 13853 13861 13862
f 13853 13862 13854
f 13854 13862 13863
f 13854 13863 13855
f 13855 13863 13864
f 13855 13864 13856
f 13856 13864 13857
f 13856 13857 13849
f 13857 13865 13866
f 13857 13866 13858
f 13858 13866 13867
f 13858 13867 13859
f 13859 13867 13868
f 13859 13868 13860
f 13860 13868 13869
f 13860 13869 13861
f 13861 13869 13870
f 13861 13870 13862
f 13862 13870 13871
f 13862 13871 13863
f 13863 13871 13872
f 13863 13872 13864
f 13864 13872 13865
f 13864 13865 13857
f 13865 13873 13874
f 13865 13874 13866
f 13866 13874 13875
f 13866 13875 13867
f 13867 13875 13876
f 13867 13876 13868
f 13868 13876 13877
f 13868 13877 13869
f 13869 13877 13878
f 13869 13878 13870
f 13870 13878 13879
f 13870 13879 13871
f 13871 13879 13880
f 13871 13880 13872
f 13872 13880 13873
f 13872 13873 13865
f 13873 13881 13882
f 13873 13882 13874
f 13874 13882 13883
f 13874 13883 13875
f 13875 13883 13884
f 13875 13884 13876
f 13876 13884 13885
f 13876 13885 13877
f 13877 13885 13886
f 13877 13886 13878
f 13878 13886 13887
f 13878 13887 13879
f 13879 13887 13888
f 13879 13888 13880
f 13880 13888 13881
f 13880 13881 13873
f 13881 13889 13890
f 13881 13890 13882
f 13882 13890 13891
f 13882 13891 13883
f 13883 13891 13892
f 13883 13892 13884
f 13884 13892 13893
f 13884 13893 13885
f 13885 13893 13894
f 13885 13894 13886
f 13886 13894 13895
f 13886 13895 13887
f 13887 13895 13896
f 13887 13896 13888
f 13888 13896 13889
f 13888 13889 13881
f 13889 13897 13898
f 13889 13898 13890
f 13890 13898 13899
f 13890 13899 13891
f 13891 13899 13900
f 13891 13900 13892
f 13892 13900 13901
f 13892 13901 13893
f 13893 13901 13902
f 13893 13902 13894
f 13894 13902 13903
f 13894 13903 13895
f 13895 13903 13904
f 13895 13904 13896
f 13896 13904 13897
f 13896 13897 13889
f 13897 13905 13906
f 13897 13906 13898
f 13898 13906 13907
f 13898 13907 13899
f 13899 13907 13908
f 13899 13908 13900
f 13900 13908 13909
f 13900 13909 13901
f 13901 13909 13910
f 13901 13910 13902
f 13902 13910 13911
f 13902 13911 13903
f 13903 13911 13912
f 13903 13912 13904
f 13904 13912 13905
f 13904 13905 13897
f 13905 13913 13914
f 13905 13914 13906
f 13906 13914 13915
f 13906 13915 13907
f 13907 13915 13916
f 13907 13916 13908
f 13908 13916 13917
f 13908 13917 13909
f 13909 13917 13918
f 13909 13918 13910
f 13910 13918 13919
f 13910 13919 13911
f 13911 13919 13920
f 13911 13920 13912
f 13912 13920 13913
f 13912 13913 13905
f 13913 13921 13922
f 13913 13922 13914
f 13914 13922 13923
f 13914 13923 13915
f 13915 13923 13924
f 13915 13924 13916
f 13916 13924 13925
f 13916 13925 13917
f 13917 13925 13926
f 13917 13926 13918
f 13918 13926 13927
f 13918 13927 13919
f 13919 13927 13928
f 13919 13928 13920
f 13920 13928 13921
f 13920 13921 13913
f 13921 13929 13930
f 13921 13930 13922
f 13922 13930 13931
f 13922 13931 13923
f 13923 13931 13932
f 13923 13932 13924
f 13924 13932 13933
f 13924 13933 13925
f 13925 13933 13934
f 13925 13934 13926
f 13926 13934 13935
f 13926 13935 13927
f 13927 13935 13936
f 13927 13936 13928
f 13928 13936 13929
f 13928 13929 13921
f 13929 13937 13938
f 13929 13938 13930
f 13930 13938 13939
f 13930 13939 13931
f 13931 13939 13940
f 13931 13940 13932
f 13932 13940 13941
f 13932 13941 13933
f 13933 13941 13942
f 13933 13942 13934
f 13934 13942 13943
f 13934 13943 13935
f 13935 13943 13944
f 13935 13944 13936
f 13936 13944 13937
f 13936 13937 13929
f 13937 13945 13946
f 13937 13946 13938
f 13938 13946 13947
f 13938 13947 13939
f 13939 13947 13948
f 13939 13948 13940
f 13940 13948 13949
f 13940 13949 13941
f 13941 13949 13950
f 13941 13950 13942
f 13942 13950 13951
f 13942 13951 13943
f 13943 13951 13952
f 13943 13952 13944
f 13944 13952 13945
f 13944 13945 13937
f 13945 13953 13954
f 13945 13954 13946
f 13946 13954 13955
f 13946 13955 13947
f 13947 13955 13956
f 13947 13956 13948
f 13948 13956 13957
f 13948 13957 13949
f 13949 13957 13958
f 13949 13958 13950
f 13950 13958 13959
f 13950 13959 13951
f 13951 13959 13960
f 13951 13960 13952
f 13952 13960 13953
f 13952 13953 13945
f 13953 13961 13962
f 13953 13962 13954
f 13954 13962 13963
f 13954 13963 13955
f 13955 13963 13964
f 13955 13964 13956
f 13956 13964 13965
f 13956 13965 13957
f 13957 13965 13966
f 13957 13966 13958
f 13958 13966 13967
f 13958 13967 13959
f 13959 13967 13968
f 13959 13968 13960
f 13960 13968 13961
f 13960 13961 13953
f 13961 13969 13970
f 13961 13970 13962
f 13962 13970 13971
f 13962 13971 13963
f 13963 13971 13972
f 13963 13972 13964
f 13964 13972 13973
f 13964 13973 13965
f 13965 13973 13974
f 13965 13974 13966
f 13966 13974 13975
f 13966 13975 13967
f 13967 13975 13976
f 13967 13976 13968
f 13968 13976 13969
f 13968 13969 13961
f 13969 13977 13978
f 13969 13978 13970
f 13970 13978 13979
f 13970 13979 13971
f 13971 13979 13980
f 13971 13980 13972
f 13972 13980 13981
f 13972 13981 13973
f 13973 13981 13982
f 13973 13982 13974
f 13974 13982 13983
f 13974 13983 13975
f 13975 13983 13984
f 13975 13984 13976
f 13976 13984 13977
f 13976 13977 13969
f 13977 13985 13986
f 13977 13986 13978
f 13978 13986 13987
f 13978 13987 13979
f 13979 13987 13988
f 13979 13988 13980
f 13980 13988 13989
f 13980 13989 13981
f 13981 13989 13990
f 13981 13990 13982
f 13982 13990 13991
f 13982 13991 13983
f 13983 13991 13992
f 13983 13992 13984
f 13984 13992 13985
f 13984 13985 13977
f 13985 13993 13994
f 13985 13994 13986
f 13986 13994 13995
f 13986 13995 13987
f 13987 13995 13996
f 13987 13996 13988
f 13988 13996 13997
f 13988 13997 13989
f 13989 13997 13998
f 13989 13998 13990
f 13990 13998 13999
f 13990 13999 13991
f 13991 13999 14000
f 13991 14000 13992
f 13992 14000 13993
f 13992 13993 13985
f 13993 14001 14002
f 13993 14002 13994
f 13994 14002 14003
f 13994 14003 13995
f 13995 14003 14004
f 13995 14004 13996
f 13996 14004 14005
f 13996 14005 13997
f 13997 14005 14006
f 13997 14006 13998
f 13998 14006 14007
f 13998 14007 13999
f 13999 14007 14008
f 13999 14008 14000
f 14000 14008 14001
f 14000 14001 13993
f 14001 14009 14010
f 14001 14010 14002
f 14002 14010 14011
f 14002 14011 14003
f 14003 14011 14012
f 14003 14012 14004
f 14004 14012 14013
f 14004 14013 14005
f 14005 14013 14014
f 14005 14014 14006
f 14006 14014 14015
f 14006 14015 14007
f 14007 14015 14016
f 14007 14016 14008
f 14008 14016 14009
f 14008 14009 14001
f 14009 14017 14018
f 14009 14018 14010
f 14010 14018 14019
f 14010 14019 14011
f 14011 14019 14020
f 14011 14020 14012
f 14012 14020 14021
f 14012 14021 14013
f 14013 14021 14022
f 14013 14022 14014
f 14014 14022 14023
f 14014 14023 14015
f 14015 14023 14024
f 14015 14024 14016
f 14016 14024 14017
f 14016 14017 14009
f 14017 14025 14026
f 14017 14026 14018
f 14018 14026 14027
f 14018 14027 14019
f 14019 14027 14028
f 14019 14028 14020
f 14020 14028 14029
f 14020 14029 14021
f 14021 14029 14030
f 14021 14030 14022
f 14022 14030 14031
f 14022 14031 14023
f 14023 14031 14032
f 14023 14032 14024
f 14024 14032 14025
f 14024 14025 14017
f 14025 14033 14034
f 14025 14034 14026
f 14026 14034 14035
f 14026 14035 14027
f 14027 14035 14036
f 14027 14036 14028
f 14028 14036 14037
f 14028 14037 14029
f 14029 14037 14038
f 14029 14038 14030
f 14030 14038 14039
f 14030 14039 14031
f 14031 14039 14040
f 14031 14040 14032
f 14032 14040 14033
f 14032 14033 14025
f 14033 14041 14042
f 14033 14042 14034
f 14034 14042 14043
f 14034 14043 14035
f 14035 14043 14044
f 14035 14044 14036
f 14036 14044 14045
f 14036 14045 14037
f 14037 14045 14046
f 14037 14046 14038
f 14038 14046 14047
f 14038 14047 14039
f 14039 14047 14048
f 14039 14048 14040
f 14040 14048 14041
f 14040 14041 14033
f 14041 14049 14050
f 14041 14050 14042
f 14042 14050 14051
f 14042 14051 14043
f 14043 14051 14052
f 14043 14052 14044
f 14044 14052 14053
f 14044 14053 14045
f 14045 14053 14054
f 14045 14054 14046
f 14046 14054 14055
f 14046 14055 14047
f 14047 14055 14056
f 14047 14056 14048
f 14048 14056 14049
f 14048 14049 14041
f 14049 14057 14058
f 14049 14058 14050
f 14050 14058 14059
f 14050 14059 14051
f 14051 14059 14060
f 14051 14060 14052
f 14052 14060 14061
f 14052 14061 14053
f 14053 14061 14062
f 14053 14062 14054
f 14054 14062 14063
f 14054 14063 14055
f 14055 14063 14064
f 14055 14064 14056
f 14056 14064 14057
f 14056 14057 14049
f 14057 14065 14066
f 14057 14066 14058
f 14058 14066 14067
f 14058 14067 14059
f 14059 14067 14068
f 14059 14068 14060
f 14060 14068 14069
f 14060 14069 14061
f 14061 14069 14070
f 14061 14070 14062
f 14062 14070 14071
f 14062 14071 14063
f 14063 14071 14072
f 14063 14072 14064
f 14064 14072 14065
f 14064 14065 14057
f 14065 14073 14074
f 14065 14074 14066
f 14066 14074 14075
f 14066 14075 14067
f 14067 14075 14076
f 14067 14076 14068
f 14068 14076 14077
f 14068 14077 14069
f 14069 14077 14078
f 14069 14078 14070
f 14070 14078 14079
f 14070 14079 14071
f 14071 14079 14080
f 14071 14080 14072
f 14072 14080 14073
f 14072 14073 14065
o bronze_cheek_L
g bronze_cheek_L
f 14082 14100 14099
f 14083 14101 14100
f 14084 14102 14101
f 14085 14103 14102
f 14086 14104 14103
f 14087 14105 14104
f 14088 14106 14105
f 14089 14107 14106
f 14090 14108 14107
f 14091 14109 14108
f 14092 14110 14109
f 14093 14111 14110
f 14094 14112 14111
f 14095 14113 14112
f 14096 14114 14113
f 14097 14115 14114
f 14098 14116 14115
f 14081 14099 14116
f 14099 14100 14117
f 14100 14118 14117
f 14100 14101 14118
f 14101 14119 14118
f 14101 14102 14119
f 14102 14120 14119
f 14102 14103 14120
f 14103 14121 14120
f 14103 14104 14121
f 14104 14122 14121
f 14104 14105 14122
f 14105 14123 14122
f 14105 14106 14123
f 14106 14124 14123
f 14106 14107 14124
f 14107 14125 14124
f 14107 14108 14125
f 14108 14126 14125
f 14108 14109 14126
f 14109 14127 14126
f 14109 14110 14127
f 14110 14128 14127
f 14110 14111 14128
f 14111 14129 14128
f 14111 14112 14129
f 14112 14130 14129
f 14112 14113 14130
f 14113 14131 14130
f 14113 14114 14131
f 14114 14132 14131
f 14114 14115 14132
f 14115 14133 14132
f 14115 14116 14133
f 14116 14134 14133
f 14116 14099 14134
f 14099 14117 14134
f 14117 14118 14135
f 14118 14136 14135
f 14118 14119 14136
f 14119 14137 14136
f 14119 14120 14137
f 14120 14138 14137
f 14120 14121 14138
f 14121 14139 14138
f 14121 14122 14139
f 14122 14140 14139
f 14122 14123 14140
f 14123 14141 14140
f 14123 14124 14141
f 14124 14142 14141
f 14124 14125 14142
f 14125 14143 14142
f 14125 14126 14143
f 14126 14144 14143
f 14126 14127 14144
f 14127 14145 14144
f 14127 14128 14145
f 14128 14146 14145
f 14128 14129 14146
f 14129 14147 14146
f 14129 14130 14147
f 14130 14148 14147
f 14130 14131 14148
f 14131 14149 14148
f 14131 14132 14149
f 14132 14150 14149
f 14132 14133 14150
f 14133 14151 14150
f 14133 14134 14151
f 14134 14152 14151
f 14134 14117 14152
f 14117 14135 14152
f 14135 14136 14153
f 14136 14154 14153
f 14136 14137 14154
f 14137 14155 14154
f 14137 14138 14155
f 14138 14156 14155
f 14138 14139 14156
f 14139 14157 14156
f 14139 14140 14157
f 14140 14158 14157
f 14140 14141 14158
f 14141 14159 14158
f 14141 14142 14159
f 14142 14160 14159
f 14142 14143 14160
f 14143 14161 14160
f 14143 14144 14161
f 14144 14162 14161
f 14144 14145 14162
f 14145 14163 14162
f 14145 14146 14163
f 14146 14164 14163
f 14146 14147 14164
f 14147 14165 14164
f 14147 14148 14165
f 14148 14166 14165
f 14148 14149 14166
f 14149 14167 14166
f 14149 14150 14167
f 14150 14168 14167
f 14150 14151 14168
f 14151 14169 14168
f 14151 14152 14169
f 14152 14170 14169
f 14152 14135 14170
f 14135 14153 14170
f 14153 14154 14171
f 14154 14172 14171
f 14154 14155 14172
f 14155 14173 14172
f 14155 14156 14173
f 14156 14174 14173
f 14156 14157 14174
f 14157 14175 14174
f 14157 14158 14175
f 14158 14176 14175
f 14158 14159 14176
f 14159 14177 14176
f 14159 14160 14177
f 14160 14178 14177
f 14160 14161 14178
f 14161 14179 14178
f 14161 14162 14179
f 14162 14180 14179
f 14162 14163 14180
f 14163 14181 14180
f 14163 14164 14181
f 14164 14182 14181
f 14164 14165 14182
f 14165 14183 14182
f 14165 14166 14183
f 14166 14184 14183
f 14166 14167 14184
f 14167 14185 14184
f 14167 14168 14185
f 14168 14186 14185
f 14168 14169 14186
f 14169 14187 14186
f 14169 14170 14187
f 14170 14188 14187
f 14170 14153 14188
f 14153 14171 14188
f 14171 14172 14189
f 14172 14190 14189
f 14172 14173 14190
f 14173 14191 14190
f 14173 14174 14191
f 14174 14192 14191
f 14174 14175 14192
f 14175 14193 14192
f 14175 14176 14193
f 14176 14194 14193
f 14176 14177 14194
f 14177 14195 14194
f 14177 14178 14195
f 14178 14196 14195
f 14178 14179 14196
f 14179 14197 14196
f 14179 14180 14197
f 14180 14198 14197
f 14180 14181 14198
f 14181 14199 14198
f 14181 14182 14199
f 14182 14200 14199
f 14182 14183 14200
f 14183 14201 14200
f 14183 14184 14201
f 14184 14202 14201
f 14184 14185 14202
f 14185 14203 14202
f 14185 14186 14203
f 14186 14204 14203
f 14186 14187 14204
f 14187 14205 14204
f 14187 14188 14205
f 14188 14206 14205
f 14188 14171 14206
f 14171 14189 14206
f 14189 14190 14207
f 14190 14208 14207
f 14190 14191 14208
f 14191 14209 14208
f 14191 14192 14209
f 14192 14210 14209
f 14192 14193 14210
f 14193 14211 14210
f 14193 14194 14211
f 14194 14212 14211
f 14194 14195 14212
f 14195 14213 14212
f 14195 14196 14213
f 14196 14214 14213
f 14196 14197 14214
f 14197 14215 14214
f 14197 14198 14215
f 14198 14216 14215
f 14198 14199 14216
f 14199 14217 14216
f 14199 14200 14217
f 14200 14218 14217
f 14200 14201 14218
f 14201 14219 14218
f 14201 14202 14219
f 14202 14220 14219
f 14202 14203 14220
f 14203 14221 14220
f 14203 14204 14221
f 14204 14222 14221
f 14204 14205 14222
f 14205 14223 14222
f 14205 14206 14223
f 14206 14224 14223
f 14206 14189 14224
f 14189 14207 14224
f 14207 14208 14225
f 14208 14226 14225
f 14208 14209 14226
f 14209 14227 14226
f 14209 14210 14227
f 14210 14228 14227
f 14210 14211 14228
f 14211 14229 14228
f 14211 14212 14229
f 14212 14230 14229
f 14212 14213 14230
f 14213 14231 14230
f 14213 14214 14231
f 14214 14232 14231
f 14214 14215 14232
f 14215 14233 14232
f 14215 14216 14233
f 14216 14234 14233
f 14216 14217 14234
f 14217 14235 14234
f 14217 14218 14235
f 14218 14236 14235
f 14218 14219 14236
f 14219 14237 14236
f 14219 14220 14237
f 14220 14238 14237
f 14220 14221 14238
f 14221 14239 14238
f 14221 14222 14239
f 14222 14240 14239
f 14222 14223 14240
f 14223 14241 14240
f 14223 14224 14241
f 14224 14242 14241
f 14224 14207 14242
f 14207 14225 14242
f 14225 14226 14243
f 14226 14244 14243
f 14226 14227 14244
f 14227 14245 14244
f 14227 14228 14245
f 14228 14246 14245
f 14228 14229 14246
f 14229 14247 14246
f 14229 14230 14247
f 14230 14248 14247
f 14230 14231 14248
f 14231 14249 14248
f 14231 14232 14249
f 14232 14250 14249
f 14232 14233 14250
f 14233 14251 14250
f 14233 14234 14251
f 14234 14252 14251
f 14234 14235 14252
f 14235 14253 14252
f 14235 14236 14253
f 14236 14254 14253
f 14236 14237 14254
f 14237 14255 14254
f 14237 14238 14255
f 14238 14256 14255
f 14238 14239 14256
f 14239 14257 14256
f 14239 14240 14257
f 14240 14258 14257
f 14240 14241 14258
f 14241 14259 14258
f 14241 14242 14259
f 14242 14260 14259
f 14242 14225 14260
f 14225 14243 14260
f 14243 14244 14261
f 14244 14262 14261
f 14244 14245 14262
f 14245 14263 14262
f 14245 14246 14263
f 14246 14264 14263
f 14246 14247 14264
f 14247 14265 14264
f 14247 14248 14265
f 14248 14266 14265
f 14248 14249 14266
f 14249 14267 14266
f 14249 14250 14267
f 14250 14268 14267
f 14250 14251 14268
f 14251 14269 14268
f 14251 14252 14269
f 14252 14270 14269
f 14252 14253 14270
f 14253 14271 14270
f 14253 14254 14271
f 14254 14272 14271
f 14254 14255 14272
f 14255 14273 14272
f 14255 14256 14273
f 14256 14274 14273
f 14256 14257 14274
f 14257 14275 14274
f 14257 14258 14275
f 14258 14276 14275
f 14258 14259 14276
f 14259 14277 14276
f 14259 14260 14277
f 14260 14278 14277
f 14260 14243 14278
f 14243 14261 14278
f 14261 14262 14279
f 14262 14280 14279
f 14262 14263 14280
f 14263 14281 14280
f 14263 14264 14281
f 14264 14282 14281
f 14264 14265 14282
f 14265 14283 14282
f 14265 14266 14283
f 14266 14284 14283
f 14266 14267 14284
f 14267 14285 14284
f 14267 14268 14285
f 14268 14286 14285
f 14268 14269 14286
f 14269 14287 14286
f 14269 14270 14287
f 14270 14288 14287
f 14270 14271 14288
f 14271 14289 14288
f 14271 14272 14289
f 14272 14290 14289
f 14272 14273 14290
f 14273 14291 14290
f 14273 14274 14291
f 14274 14292 14291
f 14274 14275 14292
f 14275 14293 14292
f 14275 14276 14293
f 14276 14294 14293
f 14276 14277 14294
f 14277 14295 14294
f 14277 14278 14295
f 14278 14296 14295
f 14278 14261 14296
f 14261 14279 14296
f 14279 14280 14297
f 14280 14281 14298
f 14281 14282 14299
f 14282 14283 14300
f 14283 14284 14301
f 14284 14285 14302
f 14285 14286 14303
f 14286 14287 14304
f 14287 14288 14305
f 14288 14289 14306
f 14289 14290 14307
f 14290 14291 14308
f 14291 14292 14309
f 14292 14293 14310
f 14293 14294 14311
f 14294 14295 14312
f 14295 14296 14313
f 14296 14279 14314
o bronze_cheek_R
g bronze_cheek_R
f 14316 14334 14333
f 14317 14335 14334
f 14318 14336 14335
f 14319 14337 14336
f 14320 14338 14337
f 14321 14339 14338
f 14322 14340 14339
f 14323 14341 14340
f 14324 14342 14341
f 14325 14343 14342
f 14326 14344 14343
f 14327 14345 14344
f 14328 14346 14345
f 14329 14347 14346
f 14330 14348 14347
f 14331 14349 14348
f 14332 14350 14349
f 14315 14333 14350
f 14333 14334 14351
f 14334 14352 14351
f 14334 14335 14352
f 14335 14353 14352
f 14335 14336 14353
f 14336 14354 14353
f 14336 14337 14354
f 14337 14355 14354
f 14337 14338 14355
f 14338 14356 14355
f 14338 14339 14356
f 14339 14357 14356
f 14339 14340 14357
f 14340 14358 14357
f 14340 14341 14358
f 14341 14359 14358
f 14341 14342 14359
f 14342 14360 14359
f 14342 14343 14360
f 14343 14361 14360
f 14343 14344 14361
f 14344 14362 14361
f 14344 14345 14362
f 14345 14363 14362
f 14345 14346 14363
f 14346 14364 14363
f 14346 14347 14364
f 14347 14365 14364
f 14347 14348 14365
f 14348 14366 14365
f 14348 14349 14366
f 14349 14367 14366
f 14349 14350 14367
f 14350 14368 14367
f 14350 14333 14368
f 14333 14351 14368
f 14351 14352 14369
f 14352 14370 14369
f 14352 14353 14370
f 14353 14371 14370
f 14353 14354 14371
f 14354 14372 14371
f 14354 14355 14372
f 14355 14373 14372
f 14355 14356 14373
f 14356 14374 14373
f 14356 14357 14374
f 14357 14375 14374
f 14357 14358 14375
f 14358 14376 14375
f 14358 14359 14376
f 14359 14377 14376
f 14359 14360 14377
f 14360 14378 14377
f 14360 14361 14378
f 14361 14379 14378
f 14361 14362 14379
f 14362 14380 14379
f 14362 14363 14380
f 14363 14381 14380
f 14363 14364 14381
f 14364 14382 14381
f 14364 14365 14382
f 14365 14383 14382
f 14365 14366 14383
f 14366 14384 14383
f 14366 14367 14384
f 14367 14385 14384
f 14367 14368 14385
f 14368 14386 14385
f 14368 14351 14386
f 14351 14369 14386
f 14369 14370 14387
f 14370 14388 14387
f 14370 14371 14388
f 14371 14389 14388
f 14371 14372 14389
f 14372 14390 14389
f 14372 14373 14390
f 14373 14391 14390
f 14373 14374 14391
f 14374 14392 14391
f 14374 14375 14392
f 14375 14393 14392
f 14375 14376 14393
f 14376 14394 14393
f 14376 14377 14394
f 14377 14395 14394
f 14377 14378 14395
f 14378 14396 14395
f 14378 14379 14396
f 14379 14397 14396
f 14379 14380 14397
f 14380 14398 14397
f 14380 14381 14398
f 14381 14399 14398
f 14381 14382 14399
f 14382 14400 14399
f 14382 14383 14400
f 14383 14401 14400
f 14383 14384 14401
f 14384 14402 14401
f 14384 14385 14402
f 14385 14403 14402
f 14385 14386 14403
f 14386 14404 14403
f 14386 14369 14404
f 14369 14387 14404
f 14387 14388 14405
f 14388 14406 14405
f 14388 14389 14406
f 14389 14407 14406
f 14389 14390 14407
f 14390 14408 14407
f 14390 14391 14408
f 14391 14409 14408
f 14391 14392 14409
f 14392 14410 14409
f 14392 14393 14410
f 14393 14411 14410
f 14393 14394 14411
f 14394 14412 14411
f 14394 14395 14412
f 14395 14413 14412
f 14395 14396 14413
f 14396 14414 14413
f 14396 14397 14414
f 14397 14415 14414
f 14397 14398 14415
f 14398 14416 14415
f 14398 14399 14416
f 14399 14417 14416
f 14399 14400 14417
f 14400 14418 14417
f 14400 14401 14418
f 14401 14419 14418
f 14401 14402 14419
f 14402 14420 14419
f 14402 14403 14420
f 14403 14421 14420
f 14403 14404 14421
f 14404 14422 14421
f 14404 14387 14422
f 14387 14405 14422
f 14405 14406 14423
f 14406 14424 14423
f 14406 14407 14424
f 14407 14425 14424
f 14407 14408 14425
f 14408 14426 14425
f 14408 14409 14426
f 14409 14427 14426
f 14409 14410 14427
f 14410 14428 14427
f 14410 14411 14428
f 14411 14429 14428
f 14411 14412 14429
f 14412 14430 14429
f 14412 14413 14430
f 14413 14431 14430
f 14413 14414 14431
f 14414 14432 14431
f 14414 14415 14432
f 14415 14433 14432
f 14415 14416 14433
f 14416 14434 14433
f 14416 14417 14434
f 14417 14435 14434
f 14417 14418 14435
f 14418 14436 14435
f 14418 14419 14436
f 14419 14437 14436
f 14419 14420 14437
f 14420 14438 14437
f 14420 14421 14438
f 14421 14439 14438
f 14421 14422 14439
f 14422 14440 14439
f 14422 14405 14440
f 14405 14423 14440
f 14423 14424 14441
f 14424 14442 14441
f 14424 14425 14442
f 14425 14443 14442
f 14425 14426 14443
f 14426 14444 14443
f 14426 14427 14444
f 14427 14445 14444
f 14427 14428 14445
f 14428 14446 14445
f 14428 14429 14446
f 14429 14447 14446
f 14429 14430 14447
f 14430 14448 14447
f 14430 14431 14448
f 14431 14449 14448
f 14431 14432 14449
f 14432 14450 14449
f 14432 14433 14450
f 14433 14451 14450
f 14433 14434 14451
f 14434 14452 14451
f 14434 14435 14452
f 14435 14453 14452
f 14435 14436 14453
f 14436 14454 14453
f 14436 14437 14454
f 14437 14455 14454
f 14437 14438 14455
f 14438 14456 14455
f 14438 14439 14456
f 14439 14457 14456
f 14439 14440 14457
f 14440 14458 14457
f 14440 14423 14458
f 14423 14441 14458
f 14441 14442 14459
f 14442 14460 14459
f 14442 14443 14460
f 14443 14461 14460
f 14443 14444 14461
f 14444 14462 14461
f 14444 14445 14462
f 14445 14463 14462
f 14445 14446 14463
f 14446 14464 14463
f 14446 14447 14464
f 14447 14465 14464
f 14447 14448 14465
f 14448 14466 14465
f 14448 14449 14466
f 14449 14467 14466
f 14449 14450 14467
f 14450 14468 14467
f 14450 14451 14468
f 14451 14469 14468
f 14451 14452 14469
f 14452 14470 14469
f 14452 14453 14470
f 14453 14471 14470
f 14453 14454 14471
f 14454 14472 14471
f 14454 14455 14472
f 14455 14473 14472
f 14455 14456 14473
f 14456 14474 14473
f 14456 14457 14474
f 14457 14475 14474
f 14457 14458 14475
f 14458 14476 14475
f 14458 14441 14476
f 14441 14459 14476
f 14459 14460 14477
f 14460 14478 14477
f 14460 14461 14478
f 14461 14479 14478
f 14461 14462 14479
f 14462 14480 14479
f 14462 14463 14480
f 14463 14481 14480
f 14463 14464 14481
f 14464 14482 14481
f 14464 14465 14482
f 14465 14483 14482
f 14465 14466 14483
f 14466 14484 14483
f 14466 14467 14484
f 14467 14485 14484
f 14467 14468 14485
f 14468 14486 14485
f 14468 14469 14486
f 14469 14487 14486
f 14469 14470 14487
f 14470 14488 14487
f 14470 14471 14488
f 14471 14489 14488
f 14471 14472 14489
f 14472 14490 14489
f 14472 14473 14490
f 14473 14491 14490
f 14473 14474 14491
f 14474 14492 14491
f 14474 14475 14492
f 14475 14493 14492
f 14475 14476 14493
f 14476 14494 14493
f 14476 14459 14494
f 14459 14477 14494
f 14477 14478 14495
f 14478 14496 14495
f 14478 14479 14496
f 14479 14497 14496
f 14479 14480 14497
f 14480 14498 14497
f 14480 14481 14498
f 14481 14499 14498
f 14481 14482 14499
f 14482 14500 14499
f 14482 14483 14500
f 14483 14501 14500
f 14483 14484 14501
f 14484 14502 14501
f 14484 14485 14502
f 14485 14503 14502
f 14485 14486 14503
f 14486 14504 14503
f 14486 14487 14504
f 14487 14505 14504
f 14487 14488 14505
f 14488 14506 14505
f 14488 14489 14506
f 14489 14507 14506
f 14489 14490 14507
f 14490 14508 14507
f 14490 14491 14508
f 14491 14509 14508
f 14491 14492 14509
f 14492 14510 14509
f 14492 14493 14510
f 14493 14511 14510
f 14493 14494 14511
f 14494 14512 14511
f 14494 14477 14512
f 14477 14495 14512
f 14495 14496 14513
f 14496 14514 14513
f 14496 14497 14514
f 14497 14515 14514
f 14497 14498 14515
f 14498 14516 14515
f 14498 14499 14516
f 14499 14517 14516
f 14499 14500 14517
f 14500 14518 14517
f 14500 14501 14518
f 14501 14519 14518
f 14501 14502 14519
f 14502 14520 14519
f 14502 14503 14520
f 14503 14521 14520
f 14503 14504 14521
f 14504 14522 14521
f 14504 14505 14522
f 14505 14523 14522
f 14505 14506 14523
f 14506 14524 14523
f 14506 14507 14524
f 14507 14525 14524
f 14507 14508 14525
f 14508 14526 14525
f 14508 14509 14526
f 14509 14527 14526
f 14509 14510 14527
f 14510 14528 14527
f 14510 14511 14528
f 14511 14529 14528
f 14511 14512 14529
f 14512 14530 14529
f 14512 14495 14530
f 14495 14513 14530
f 14513 14514 14531
f 14514 14515 14532
f 14515 14516 14533
f 14516 14517 14534
f 14517 14518 14535
f 14518 14519 14536
f 14519 14520 14537
f 14520 14521 14538
f 14521 14522 14539
f 14522 14523 14540
f 14523 14524 14541
f 14524 14525 14542
f 14525 14526 14543
f 14526 14527 14544
f 14527 14528 14545
f 14528 14529 14546
f 14529 14530 14547
f 14530 14513 14548
o patina_navel
g patina_navel
f 14550 14564 14563
f 14551 14565 14564
f 14552 14566 14565
f 14553 14567 14566
f 14554 14568 14567
f 14555 14569 14568
f 14556 14570 14569
f 14557 14571 14570
f 14558 14572 14571
f 14559 14573 14572
f 14560 14574 14573
f 14561 14575 14574
f 14562 14576 14575
f 14549 14563 14576
f 14563 14564 14577
f 14564 14578 14577
f 14564 14565 14578
f 14565 14579 14578
f 14565 14566 14579
f 14566 14580 14579
f 14566 14567 14580
f 14567 14581 14580
f 14567 14568 14581
f 14568 14582 14581
f 14568 14569 14582
f 14569 14583 14582
f 14569 14570 14583
f 14570 14584 14583
f 14570 14571 14584
f 14571 14585 14584
f 14571 14572 14585
f 14572 14586 14585
f 14572 14573 14586
f 14573 14587 14586
f 14573 14574 14587
f 14574 14588 14587
f 14574 14575 14588
f 14575 14589 14588
f 14575 14576 14589
f 14576 14590 14589
f 14576 14563 14590
f 14563 14577 14590
f 14577 14578 14591
f 14578 14592 14591
f 14578 14579 14592
f 14579 14593 14592
f 14579 14580 14593
f 14580 14594 14593
f 14580 14581 14594
f 14581 14595 14594
f 14581 14582 14595
f 14582 14596 14595
f 14582 14583 14596
f 14583 14597 14596
f 14583 14584 14597
f 14584 14598 14597
f 14584 14585 14598
f 14585 14599 14598
f 14585 14586 14599
f 14586 14600 14599
f 14586 14587 14600
f 14587 14601 14600
f 14587 14588 14601
f 14588 14602 14601
f 14588 14589 14602
f 14589 14603 14602
f 14589 14590 14603
f 14590 14604 14603
f 14590 14577 14604
f 14577 14591 14604
f 14591 14592 14605
f 14592 14606 14605
f 14592 14593 14606
f 14593 14607 14606
f 14593 14594 14607
f 14594 14608 14607
f 14594 14595 14608
f 14595 14609 14608
f 14595 14596 14609
f 14596 14610 14609
f 14596 14597 14610
f 14597 14611 14610
f 14597 14598 14611
f 14598 14612 14611
f 14598 14599 14612
f 14599 14613 14612
f 14599 14600 14613
f 14600 14614 14613
f 14600 14601 14614
f 14601 14615 14614
f 14601 14602 14615
f 14602 14616 14615
f 14602 14603 14616
f 14603 14617 14616
f 14603 14604 14617
f 14604 14618 14617
f 14604 14591 14618
f 14591 14605 14618
f 14605 14606 14619
f 14606 14620 14619
f 14606 14607 14620
f 14607 14621 14620
f 14607 14608 14621
f 14608 14622 14621
f 14608 14609 14622
f 14609 14623 14622
f 14609 14610 14623
f 14610 14624 14623
f 14610 14611 14624
f 14611 14625 14624
f 14611 14612 14625
f 14612 14626 14625
f 14612 14613 14626
f 14613 14627 14626
f 14613 14614 14627
f 14614 14628 14627
f 14614 14615 14628
f 14615 14629 14628
f 14615 14616 14629
f 14616 14630 14629
f 14616 14617 14630
f 14617 14631 14630
f 14617 14618 14631
f 14618 14632 14631
f 14618 14605 14632
f 14605 14619 14632
f 14619 14620 14633
f 14620 14634 14633
f 14620 14621 14634
f 14621 14635 14634
f 14621 14622 14635
f 14622 14636 14635
f 14622 14623 14636
f 14623 14637 14636
f 14623 14624 14637
f 14624 14638 14637
f 14624 14625 14638
f 14625 14639 14638
f 14625 14626 14639
f 14626 14640 14639
f 14626 14627 14640
f 14627 14641 14640
f 14627 14628 14641
f 14628 14642 14641
f 14628 14629 14642
f 14629 14643 14642
f 14629 14630 14643
f 14630 14644 14643
f 14630 14631 14644
f 14631 14645 14644
f 14631 14632 14645
f 14632 14646 14645
f 14632 14619 14646
f 14619 14633 14646
f 14633 14634 14647
f 14634 14648 14647
f 14634 14635 14648
f 14635 14649 14648
f 14635 14636 14649
f 14636 14650 14649
f 14636 14637 14650
f 14637 14651 14650
f 14637 14638 14651
f 14638 14652 14651
f 14638 14639 14652
f 14639 14653 14652
f 14639 14640 14653
f 14640 14654 14653
f 14640 14641 14654
f 14641 14655 14654
f 14641 14642 14655
f 14642 14656 14655
f 14642 14643 14656
f 14643 14657 14656
f 14643 14644 14657
f 14644 14658 14657
f 14644 14645 14658
f 14645 14659 14658
f 14645 14646 14659
f 14646 14660 14659
f 14646 14633 14660
f 14633 14647 14660
f 14647 14648 14661
f 14648 14649 14662
f 14649 14650 14663
f 14650 14651 14664
f 14651 14652 14665
f 14652 14653 14666
f 14653 14654 14667
f 14654 14655 14668
f 14655 14656 14669
f 14656 14657 14670
f 14657 14658 14671
f 14658 14659 14672
f 14659 14660 14673
f 14660 14647 14674